状态|源文件|目标文件
NEW|sources/微信公号资料/上海一中法院/上海一中法院-开庭-md/[2022-07-07]法庭答辩法官建议这三步.md|wiki/summaries/summary_20220707_上海一中法院_开庭_法庭答辩法官建议这三步.md
NEW|sources/微信公号资料/上海一中法院/上海一中法院-开庭-md/[2022-07-19]法庭辩论法官说这样更简洁高效.md|wiki/summaries/summary_20220719_上海一中法院_开庭_法庭辩论法官说这样更简洁高效.md
NEW|sources/微信公号资料/上海一中法院/上海一中法院-开庭-md/[2022-08-03]庭审中的法律适用法官建议两大思维.md|wiki/summaries/summary_20220803_上海一中法院_开庭_庭审中的法律适用法官建议两大思维.md
NEW|sources/微信公号资料/上海一中法院/上海一中法院-开庭-md/[2022-08-16]法庭事实调查法官提醒这三个环节.md|wiki/summaries/summary_20220816_上海一中法院_开庭_法庭事实调查法官提醒这三个环节.md
NEW|sources/微信公号资料/上海一中法院/上海一中法院-开庭-md/[2022-08-31]庭审争议焦点法官建议这样归纳.md|wiki/summaries/summary_20220831_上海一中法院_开庭_庭审争议焦点法官建议这样归纳.md
NEW|sources/微信公号资料/上海一中法院/上海一中法院-开庭-md/[2022-09-15]反诉的提出与审理法官这样说.md|wiki/summaries/summary_20220915_上海一中法院_开庭_反诉的提出与审理法官这样说.md
NEW|sources/微信公号资料/上海一中法院/上海一中法院-开庭-md/[2022-10-12]当事人如何排查争点法官这样建议.md|wiki/summaries/summary_20221012_上海一中法院_开庭_当事人如何排查争点法官这样建议.md
NEW|sources/微信公号资料/上海一中法院/上海一中法院-开庭-md/[2022-10-25]开好庭前会议法官有份操作手册.md|wiki/summaries/summary_20221025_上海一中法院_开庭_开好庭前会议法官有份操作手册.md
NEW|sources/微信公号资料/上海一中法院/上海一中法院-开庭-md/[2022-11-15]二审如何规范有效提交证据法官这样总结.md|wiki/summaries/summary_20221115_上海一中法院_开庭_二审如何规范有效提交证据法官这样总结.md
NEW|sources/微信公号资料/上海一中法院/上海一中法院-开庭-md/[2022-12-05]最大限度发挥证人证言作用法官这样建议.md|wiki/summaries/summary_20221205_上海一中法院_开庭_最大限度发挥证人证言作用法官这样建议.md
NEW|sources/微信公号资料/上海一中法院/上海一中法院-开庭-md/[2023-01-11]优秀的诉讼代理人什么样法官这样看.md|wiki/summaries/summary_20230111_上海一中法院_开庭_优秀的诉讼代理人什么样法官这样看.md
NEW|sources/微信公号资料/上海一中法院/上海一中法院-开庭-md/[2023-01-31]关于司法鉴定法官这样总结.md|wiki/summaries/summary_20230131_上海一中法院_开庭_关于司法鉴定法官这样总结.md
NEW|sources/微信公号资料/上海一中法院/上海一中法院-开庭-md/[2023-02-15]刑事庭审质证法官这样建议.md|wiki/summaries/summary_20230215_上海一中法院_开庭_刑事庭审质证法官这样建议.md
NEW|sources/微信公号资料/上海一中法院/上海一中法院-开庭-md/[2023-03-02]民告官法官这样建议.md|wiki/summaries/summary_20230302_上海一中法院_开庭_民告官法官这样建议.md
NEW|sources/微信公号资料/上海一中法院/上海一中法院-开庭-md/[2023-04-25]诉讼请求如何提出法官这样说.md|wiki/summaries/summary_20230425_上海一中法院_开庭_诉讼请求如何提出法官这样说.md
NEW|sources/微信公号资料/上海一中法院/上海一中法院-开庭-md/[2023-05-09]刑事法庭调查如何高效有序法官这样说.md|wiki/summaries/summary_20230509_上海一中法院_开庭_刑事法庭调查如何高效有序法官这样说.md
NEW|sources/微信公号资料/上海一中法院/上海一中法院-开庭-md/[2023-06-29]原告如何确定诉讼主张法官这样建议.md|wiki/summaries/summary_20230629_上海一中法院_开庭_原告如何确定诉讼主张法官这样建议.md
NEW|sources/微信公号资料/上海一中法院/上海一中法院-开庭-md/[2023-08-22]关于辩护词法官这样建议.md|wiki/summaries/summary_20230822_上海一中法院_开庭_关于辩护词法官这样建议.md
NEW|sources/微信公号资料/上海一中法院/上海一中法院-开庭-md/[2023-10-23]明天要开庭法官提示这10个问题.md|wiki/summaries/summary_20231023_上海一中法院_开庭_明天要开庭法官提示这10个问题.md
NEW|sources/微信公号资料/上海一中法院/上海一中法院-开庭-md/[2023-11-14]民事二审案件庭审准备法官这样建议.md|wiki/summaries/summary_20231114_上海一中法院_开庭_民事二审案件庭审准备法官这样建议.md
NEW|sources/微信公号资料/上海一中法院/上海一中法院-开庭-md/[2023-11-28]民事诉讼如何有效举证法官这样说.md|wiki/summaries/summary_20231128_上海一中法院_开庭_民事诉讼如何有效举证法官这样说.md
NEW|sources/微信公号资料/上海一中法院/上海一中法院-开庭-md/[2024-01-09]侵权责任纠纷开庭法官这样建议.md|wiki/summaries/summary_20240109_上海一中法院_开庭_侵权责任纠纷开庭法官这样建议.md
NEW|sources/微信公号资料/上海一中法院/上海一中法院-开庭-md/[2024-02-26]劳动争议案件开庭法官这样建议.md|wiki/summaries/summary_20240226_上海一中法院_开庭_劳动争议案件开庭法官这样建议.md
NEW|sources/微信公号资料/上海一中法院/上海一中法院-开庭-md/[2024-03-18]关于一审查明事实二审法官这样看.md|wiki/summaries/summary_20240318_上海一中法院_开庭_关于一审查明事实二审法官这样看.md
NEW|sources/微信公号资料/上海一中法院/上海一中法院-开庭-md/[2024-03-28]备位诉请如何提出法官这样建议.md|wiki/summaries/summary_20240328_上海一中法院_开庭_备位诉请如何提出法官这样建议.md
NEW|sources/微信公号资料/上海一中法院/上海一中法院-开庭-md/[2024-05-08]民商事案件调解法官这样说.md|wiki/summaries/summary_20240508_上海一中法院_开庭_民商事案件调解法官这样说.md
NEW|sources/微信公号资料/上海一中法院/上海一中法院-开庭-md/[2024-06-04]微信聊天记录如何提交法官这样说.md|wiki/summaries/summary_20240604_上海一中法院_开庭_微信聊天记录如何提交法官这样说.md
NEW|sources/微信公号资料/上海一中法院/上海一中法院-开庭-md/[2024-06-11]关于案件管辖法官这样说.md|wiki/summaries/summary_20240611_上海一中法院_开庭_关于案件管辖法官这样说.md
NEW|sources/微信公号资料/上海一中法院/上海一中法院-开庭-md/[2024-07-29]关于法庭调查辩论法官这样说.md|wiki/summaries/summary_20240729_上海一中法院_开庭_关于法庭调查辩论法官这样说.md
NEW|sources/微信公号资料/上海一中法院/上海一中法院-开庭-md/[2024-09-10]关于自认法官这样说.md|wiki/summaries/summary_20240910_上海一中法院_开庭_关于自认法官这样说.md
NEW|sources/微信公号资料/上海一中法院/上海一中法院-开庭-md/[2024-09-23]域外证据如何提供和审查法官这么说.md|wiki/summaries/summary_20240923_上海一中法院_开庭_域外证据如何提供和审查法官这么说.md
NEW|sources/微信公号资料/上海一中法院/上海一中法院-开庭-md/[2024-10-09]关于申请法院调查取证调查令法官这样说.md|wiki/summaries/summary_20241009_上海一中法院_开庭_关于申请法院调查取证调查令法官这样说.md
NEW|sources/微信公号资料/上海一中法院/上海一中法院-开庭-md/[2024-10-15]关于专业性事实的审查法官这样说.md|wiki/summaries/summary_20241015_上海一中法院_开庭_关于专业性事实的审查法官这样说.md
NEW|sources/微信公号资料/上海一中法院/上海一中法院-开庭-md/[2024-10-21]关于民商事案件阅卷法官这样说.md|wiki/summaries/summary_20241021_上海一中法院_开庭_关于民商事案件阅卷法官这样说.md
NEW|sources/微信公号资料/上海一中法院/上海一中法院-开庭-md/[2025-01-15]微信聊天记录如何成为呈堂证据.md|wiki/summaries/summary_20250115_上海一中法院_开庭_微信聊天记录如何成为呈堂证据.md
NEW|sources/微信公号资料/上海一中法院/上海一中法院-微课程-md/[2020-06-30]黄祥青院长轻微暴力致人死亡案件如何定罪处罚微课程.md|wiki/summaries/summary_20200630_上海一中法院_微课程_黄祥青院长轻微暴力致人死亡案件如何定罪处罚微课程.md
NEW|sources/微信公号资料/上海一中法院/上海一中法院-微课程-md/[2020-07-08]唐春雷请求权基础的审查及请求权竞合释明微课程.md|wiki/summaries/summary_20200708_上海一中法院_微课程_唐春雷请求权基础的审查及请求权竞合释明微课程.md
NEW|sources/微信公号资料/上海一中法院/上海一中法院-微课程-md/[2020-07-15]周峰工程价款优先受偿权的行使规则问题微课程.md|wiki/summaries/summary_20200715_上海一中法院_微课程_周峰工程价款优先受偿权的行使规则问题微课程.md
NEW|sources/微信公号资料/上海一中法院/上海一中法院-微课程-md/[2020-07-22]庞闻淙公司对外担保合同效力的审查与认定微课程.md|wiki/summaries/summary_20200722_上海一中法院_微课程_庞闻淙公司对外担保合同效力的审查与认定微课程.md
NEW|sources/微信公号资料/上海一中法院/上海一中法院-微课程-md/[2020-07-29]余剑存疑有利于被告的准确理解和适用微课程.md|wiki/summaries/summary_20200729_上海一中法院_微课程_余剑存疑有利于被告的准确理解和适用微课程.md
NEW|sources/微信公号资料/上海一中法院/上海一中法院-微课程-md/[2020-08-02]郑天衣表意不自由型可撤销合同的审查标准微课程.md|wiki/summaries/summary_20200802_上海一中法院_微课程_郑天衣表意不自由型可撤销合同的审查标准微课程.md
NEW|sources/微信公号资料/上海一中法院/上海一中法院-微课程-md/[2020-08-05]毛海波区分原则和善意取得制度在司法实践中的理解与适用微课程.md|wiki/summaries/summary_20200805_上海一中法院_微课程_毛海波区分原则和善意取得制度在司法实践中的理解与适用微课程.md
NEW|sources/微信公号资料/上海一中法院/上海一中法院-微课程-md/[2020-08-09]金绍奇违约金调整的法律适用微课程.md|wiki/summaries/summary_20200809_上海一中法院_微课程_金绍奇违约金调整的法律适用微课程.md
NEW|sources/微信公号资料/上海一中法院/上海一中法院-微课程-md/[2020-08-12]叶兰建设工程领域黑白合同的认定及处理微课程.md|wiki/summaries/summary_20200812_上海一中法院_微课程_叶兰建设工程领域黑白合同的认定及处理微课程.md
NEW|sources/微信公号资料/上海一中法院/上海一中法院-微课程-md/[2020-08-14]董礼洁行政优益权的司法审查微课程.md|wiki/summaries/summary_20200814_上海一中法院_微课程_董礼洁行政优益权的司法审查微课程.md
NEW|sources/微信公号资料/上海一中法院/上海一中法院-微课程-md/[2020-08-19]任明艳民事诉讼中自认规则适用的几个难点问题微课程.md|wiki/summaries/summary_20200819_上海一中法院_微课程_任明艳民事诉讼中自认规则适用的几个难点问题微课程.md
NEW|sources/微信公号资料/上海一中法院/上海一中法院-微课程-md/[2020-08-22]成阳清算义务人的责任认定微课程.md|wiki/summaries/summary_20200822_上海一中法院_微课程_成阳清算义务人的责任认定微课程.md
NEW|sources/微信公号资料/上海一中法院/上海一中法院-微课程-md/[2020-08-25]何建公司印章的规范和裁判微课程.md|wiki/summaries/summary_20200825_上海一中法院_微课程_何建公司印章的规范和裁判微课程.md
NEW|sources/微信公号资料/上海一中法院/上海一中法院-微课程-md/[2020-08-28]郭葭人格权纠纷案件的审理思路与裁判要点微课程.md|wiki/summaries/summary_20200828_上海一中法院_微课程_郭葭人格权纠纷案件的审理思路与裁判要点微课程.md
NEW|sources/微信公号资料/上海一中法院/上海一中法院-微课程-md/[2020-09-01]钟嫣然确认劳动关系纠纷案件的审理思路和裁判要点微课程.md|wiki/summaries/summary_20200901_上海一中法院_微课程_钟嫣然确认劳动关系纠纷案件的审理思路和裁判要点微课程.md
NEW|sources/微信公号资料/上海一中法院/上海一中法院-微课程-md/[2020-09-05]程勇跃股东出资纠纷案件审理思路与裁判要点微课程.md|wiki/summaries/summary_20200905_上海一中法院_微课程_程勇跃股东出资纠纷案件审理思路与裁判要点微课程.md
NEW|sources/微信公号资料/上海一中法院/上海一中法院-微课程-md/[2020-09-09]闫伟伟公司解散纠纷案件审理思路与裁判要点微课程.md|wiki/summaries/summary_20200909_上海一中法院_微课程_闫伟伟公司解散纠纷案件审理思路与裁判要点微课程.md
NEW|sources/微信公号资料/上海一中法院/上海一中法院-微课程-md/[2020-09-23]刘天翔政府信息公开案件审理思路与裁判要点微课程.md|wiki/summaries/summary_20200923_上海一中法院_微课程_刘天翔政府信息公开案件审理思路与裁判要点微课程.md
NEW|sources/微信公号资料/上海一中法院/上海一中法院-微课程-md/[2020-10-14]盛萍约定管辖的司法审查微课程.md|wiki/summaries/summary_20201014_上海一中法院_微课程_盛萍约定管辖的司法审查微课程.md
NEW|sources/微信公号资料/上海一中法院/上海一中法院-微课程-md/[2020-10-21]杨斯空离婚协议中对不动产权属约定的效力探究微课程.md|wiki/summaries/summary_20201021_上海一中法院_微课程_杨斯空离婚协议中对不动产权属约定的效力探究微课程.md
NEW|sources/微信公号资料/上海一中法院/上海一中法院-微课程-md/[2020-10-28]潘静波食品安全退一赔十案件法律适用的难点问题分析微课程.md|wiki/summaries/summary_20201028_上海一中法院_微课程_潘静波食品安全退一赔十案件法律适用的难点问题分析微课程.md
NEW|sources/微信公号资料/上海一中法院/上海一中法院-微课程-md/[2020-11-05]王剑平无过失性辞退中情势变更的司法认定微课程.md|wiki/summaries/summary_20201105_上海一中法院_微课程_王剑平无过失性辞退中情势变更的司法认定微课程.md
NEW|sources/微信公号资料/上海一中法院/上海一中法院-微课程-md/[2020-11-12]李兴房屋让与担保的裁判方法微课程.md|wiki/summaries/summary_20201112_上海一中法院_微课程_李兴房屋让与担保的裁判方法微课程.md
NEW|sources/微信公号资料/上海一中法院/上海一中法院-微课程-md/[2020-11-21]张金玉受雇运输毒品案件主从犯的认定思路微课程.md|wiki/summaries/summary_20201121_上海一中法院_微课程_张金玉受雇运输毒品案件主从犯的认定思路微课程.md
NEW|sources/微信公号资料/上海一中法院/上海一中法院-微课程-md/[2020-11-26]叶佳违纪解除的审查与认定微课程.md|wiki/summaries/summary_20201126_上海一中法院_微课程_叶佳违纪解除的审查与认定微课程.md
NEW|sources/微信公号资料/上海一中法院/上海一中法院-微课程-md/[2020-12-02]卢颖法定批准程序对合同效力的影响及司法运用微课程.md|wiki/summaries/summary_20201202_上海一中法院_微课程_卢颖法定批准程序对合同效力的影响及司法运用微课程.md
NEW|sources/微信公号资料/上海一中法院/上海一中法院-微课程-md/[2020-12-12]孙少君人事争议受案范围的审判实务处理与把握微课程.md|wiki/summaries/summary_20201212_上海一中法院_微课程_孙少君人事争议受案范围的审判实务处理与把握微课程.md
NEW|sources/微信公号资料/上海一中法院/上海一中法院-微课程-md/[2020-12-16]胡健涛非法集资案件犯罪数额的审查与认定微课程.md|wiki/summaries/summary_20201216_上海一中法院_微课程_胡健涛非法集资案件犯罪数额的审查与认定微课程.md
NEW|sources/微信公号资料/上海一中法院/上海一中法院-微课程-md/[2020-12-23]顾慧萍竞业限制协议6W审查法微课程.md|wiki/summaries/summary_20201223_上海一中法院_微课程_顾慧萍竞业限制协议6W审查法微课程.md
NEW|sources/微信公号资料/上海一中法院/上海一中法院-微课程-md/[2021-01-06]丁杏文业主撤销权案件审理思路与裁判要点丨微课程.md|wiki/summaries/summary_20210106_上海一中法院_微课程_丁杏文业主撤销权案件审理思路与裁判要点丨微课程.md
NEW|sources/微信公号资料/上海一中法院/上海一中法院-微课程-md/[2021-01-13]宋虹申请撤销仲裁裁决案件审理思路与裁判要点丨微课程.md|wiki/summaries/summary_20210113_上海一中法院_微课程_宋虹申请撤销仲裁裁决案件审理思路与裁判要点丨微课程.md
NEW|sources/微信公号资料/上海一中法院/上海一中法院-微课程-md/[2021-01-21]王晓翔自然人之间民间借贷案件审理思路与裁判要点丨微课程.md|wiki/summaries/summary_20210121_上海一中法院_微课程_王晓翔自然人之间民间借贷案件审理思路与裁判要点丨微课程.md
NEW|sources/微信公号资料/上海一中法院/上海一中法院-微课程-md/[2021-01-26]汪菲治安行政处罚案件审理思路及裁判要点丨微课程.md|wiki/summaries/summary_20210126_上海一中法院_微课程_汪菲治安行政处罚案件审理思路及裁判要点丨微课程.md
NEW|sources/微信公号资料/上海一中法院/上海一中法院-微课程-md/[2021-02-02]徐凌劳动合同解除纠纷案件审理思路与裁判要点丨微课程.md|wiki/summaries/summary_20210202_上海一中法院_微课程_徐凌劳动合同解除纠纷案件审理思路与裁判要点丨微课程.md
NEW|sources/微信公号资料/上海一中法院/上海一中法院-微课程-md/[2021-03-03]郑天衣继承权丧失制度的理解与适用丨微课程.md|wiki/summaries/summary_20210303_上海一中法院_微课程_郑天衣继承权丧失制度的理解与适用丨微课程.md
NEW|sources/微信公号资料/上海一中法院/上海一中法院-微课程-md/[2021-03-10]毛海波多人担保相互追偿权问题研究丨微课程.md|wiki/summaries/summary_20210310_上海一中法院_微课程_毛海波多人担保相互追偿权问题研究丨微课程.md
NEW|sources/微信公号资料/上海一中法院/上海一中法院-微课程-md/[2021-03-17]叶兰夫妻共同债务的司法审查与认定丨微课程.md|wiki/summaries/summary_20210317_上海一中法院_微课程_叶兰夫妻共同债务的司法审查与认定丨微课程.md
NEW|sources/微信公号资料/上海一中法院/上海一中法院-微课程-md/[2021-03-24]吴慧琼违约金的司法调整丨微课程.md|wiki/summaries/summary_20210324_上海一中法院_微课程_吴慧琼违约金的司法调整丨微课程.md
NEW|sources/微信公号资料/上海一中法院/上海一中法院-微课程-md/[2021-04-01]庞闻淙业主共同管理权的民法规范丨微课程.md|wiki/summaries/summary_20210401_上海一中法院_微课程_庞闻淙业主共同管理权的民法规范丨微课程.md
NEW|sources/微信公号资料/上海一中法院/上海一中法院-微课程-md/[2021-04-06]任明艳民法典中违约精神损害赔偿制度的理解与适用丨微课程.md|wiki/summaries/summary_20210406_上海一中法院_微课程_任明艳民法典中违约精神损害赔偿制度的理解与适用丨微课程.md
NEW|sources/微信公号资料/上海一中法院/上海一中法院-微课程-md/[2021-04-14]叶佳网络侵权中网络服务提供者的责任认定丨微课程.md|wiki/summaries/summary_20210414_上海一中法院_微课程_叶佳网络侵权中网络服务提供者的责任认定丨微课程.md
NEW|sources/微信公号资料/上海一中法院/上海一中法院-微课程-md/[2021-04-19]金绍奇优先承租权的理解与适用丨微课程.md|wiki/summaries/summary_20210419_上海一中法院_微课程_金绍奇优先承租权的理解与适用丨微课程.md
NEW|sources/微信公号资料/上海一中法院/上海一中法院-微课程-md/[2021-04-26]潘静波同居及其法律后果分析丨微课程.md|wiki/summaries/summary_20210426_上海一中法院_微课程_潘静波同居及其法律后果分析丨微课程.md
NEW|sources/微信公号资料/上海一中法院/上海一中法院-微课程-md/[2021-05-06]王茜高空抛物条款的司法适用丨微课程.md|wiki/summaries/summary_20210506_上海一中法院_微课程_王茜高空抛物条款的司法适用丨微课程.md
NEW|sources/微信公号资料/上海一中法院/上海一中法院-微课程-md/[2021-05-11]卢颖不当得利的理解及司法认定丨微课程.md|wiki/summaries/summary_20210511_上海一中法院_微课程_卢颖不当得利的理解及司法认定丨微课程.md
NEW|sources/微信公号资料/上海一中法院/上海一中法院-微课程-md/[2021-05-18]盛萍民法典视角下格式条款的司法审查丨微课程.md|wiki/summaries/summary_20210518_上海一中法院_微课程_盛萍民法典视角下格式条款的司法审查丨微课程.md
NEW|sources/微信公号资料/上海一中法院/上海一中法院-微课程-md/[2021-05-28]杨斯空让与担保制度在审判实践中的理解与适用丨微课程.md|wiki/summaries/summary_20210528_上海一中法院_微课程_杨斯空让与担保制度在审判实践中的理解与适用丨微课程.md
NEW|sources/微信公号资料/上海一中法院/上海一中法院-微课程-md/[2021-06-02]朱晨阳债权人撤销权制度的理解与适用丨微课程.md|wiki/summaries/summary_20210602_上海一中法院_微课程_朱晨阳债权人撤销权制度的理解与适用丨微课程.md
NEW|sources/微信公号资料/上海一中法院/上海一中法院-微课程-md/[2021-06-08]郭葭电子商务环境下网络平台经营者及其侵权责任的认定丨微课程.md|wiki/summaries/summary_20210608_上海一中法院_微课程_郭葭电子商务环境下网络平台经营者及其侵权责任的认定丨微课程.md
NEW|sources/微信公号资料/上海一中法院/上海一中法院-微课程-md/[2021-06-15]宋虹民法典第153条中强制性规定的识别丨微课程.md|wiki/summaries/summary_20210615_上海一中法院_微课程_宋虹民法典第153条中强制性规定的识别丨微课程.md
NEW|sources/微信公号资料/上海一中法院/上海一中法院-微课程-md/[2021-06-29]戴欣媛所有权保留制度的功能与风险丨微课程.md|wiki/summaries/summary_20210629_上海一中法院_微课程_戴欣媛所有权保留制度的功能与风险丨微课程.md
NEW|sources/微信公号资料/上海一中法院/上海一中法院-微课程-md/[2021-07-07]敖颖婕合同僵局的救济与裁判丨微课程.md|wiki/summaries/summary_20210707_上海一中法院_微课程_敖颖婕合同僵局的救济与裁判丨微课程.md
NEW|sources/微信公号资料/上海一中法院/上海一中法院-微课程-md/[2021-07-15]程勇跃动产抵押财产转让规则的理解与适用丨微课程.md|wiki/summaries/summary_20210715_上海一中法院_微课程_程勇跃动产抵押财产转让规则的理解与适用丨微课程.md
NEW|sources/微信公号资料/上海一中法院/上海一中法院-微课程-md/[2021-07-23]何建个人信息侵权的司法认定丨微课程.md|wiki/summaries/summary_20210723_上海一中法院_微课程_何建个人信息侵权的司法认定丨微课程.md
NEW|sources/微信公号资料/上海一中法院/上海一中法院-微课程-md/[2021-08-04]成阳循环贸易合同的司法审查丨微课程.md|wiki/summaries/summary_20210804_上海一中法院_微课程_成阳循环贸易合同的司法审查丨微课程.md
NEW|sources/微信公号资料/上海一中法院/上海一中法院-微课程-md/[2021-08-10]叶兰好意同乘规则的理解与适用丨微课程.md|wiki/summaries/summary_20210810_上海一中法院_微课程_叶兰好意同乘规则的理解与适用丨微课程.md
NEW|sources/微信公号资料/上海一中法院/上海一中法院-微课程-md/[2021-08-16]任明艳名誉权的司法保护丨微课程.md|wiki/summaries/summary_20210816_上海一中法院_微课程_任明艳名誉权的司法保护丨微课程.md
NEW|sources/微信公号资料/上海一中法院/上海一中法院-微课程-md/[2021-09-07]卢颖无因管理的理解及司法认定丨微课程.md|wiki/summaries/summary_20210907_上海一中法院_微课程_卢颖无因管理的理解及司法认定丨微课程.md
NEW|sources/微信公号资料/上海一中法院/上海一中法院-微课程-md/[2021-09-17]叶佳用人单位用人者责任的司法认定丨微课程.md|wiki/summaries/summary_20210917_上海一中法院_微课程_叶佳用人单位用人者责任的司法认定丨微课程.md
NEW|sources/微信公号资料/上海一中法院/上海一中法院-微课程-md/[2021-09-22]盛萍民法典调整下定金罚则的适用丨微课程.md|wiki/summaries/summary_20210922_上海一中法院_微课程_盛萍民法典调整下定金罚则的适用丨微课程.md
NEW|sources/微信公号资料/上海一中法院/上海一中法院-微课程-md/[2021-09-29]成阳动产购买价款担保权规则适用丨微课程.md|wiki/summaries/summary_20210929_上海一中法院_微课程_成阳动产购买价款担保权规则适用丨微课程.md
NEW|sources/微信公号资料/上海一中法院/上海一中法院-微课程-md/[2021-10-14]潘静波未成年人抚养法律问题分析丨微课程.md|wiki/summaries/summary_20211014_上海一中法院_微课程_潘静波未成年人抚养法律问题分析丨微课程.md
NEW|sources/微信公号资料/上海一中法院/上海一中法院-微课程-md/[2021-10-19]凌捷无权代理的法律后果丨微课程.md|wiki/summaries/summary_20211019_上海一中法院_微课程_凌捷无权代理的法律后果丨微课程.md
NEW|sources/微信公号资料/上海一中法院/上海一中法院-微课程-md/[2021-10-25]张华松案外人主张所有权异议排除执行的司法审查丨微课程.md|wiki/summaries/summary_20211025_上海一中法院_微课程_张华松案外人主张所有权异议排除执行的司法审查丨微课程.md
NEW|sources/微信公号资料/上海一中法院/上海一中法院-微课程-md/[2021-11-02]吴慧琼保证期间与保证诉讼时效丨微课程.md|wiki/summaries/summary_20211102_上海一中法院_微课程_吴慧琼保证期间与保证诉讼时效丨微课程.md
NEW|sources/微信公号资料/上海一中法院/上海一中法院-微课程-md/[2021-11-19]须海波清算义务人之清算赔偿责任丨微课程.md|wiki/summaries/summary_20211119_上海一中法院_微课程_须海波清算义务人之清算赔偿责任丨微课程.md
NEW|sources/微信公号资料/上海一中法院/上海一中法院-微课程-md/[2021-11-24]严佳维不动产抵押权的善意取得丨微课程.md|wiki/summaries/summary_20211124_上海一中法院_微课程_严佳维不动产抵押权的善意取得丨微课程.md
NEW|sources/微信公号资料/上海一中法院/上海一中法院-微课程-md/[2021-11-30]梁春霞公司注册资本认缴制下股东出资加速到期的司法认定丨微课程.md|wiki/summaries/summary_20211130_上海一中法院_微课程_梁春霞公司注册资本认缴制下股东出资加速到期的司法认定丨微课程.md
NEW|sources/微信公号资料/上海一中法院/上海一中法院-微课程-md/[2021-12-07]钟嫣然自甘冒险规则的理解与适用丨微课程.md|wiki/summaries/summary_20211207_上海一中法院_微课程_钟嫣然自甘冒险规则的理解与适用丨微课程.md
NEW|sources/微信公号资料/上海一中法院/上海一中法院-微课程-md/[2021-12-15]陆俊伟定作人对第三人侵权责任的司法认定丨微课程.md|wiki/summaries/summary_20211215_上海一中法院_微课程_陆俊伟定作人对第三人侵权责任的司法认定丨微课程.md
NEW|sources/微信公号资料/上海一中法院/上海一中法院-微课程-md/[2022-03-09]吴慧琼程勇跃合同僵局下合同解除规则的理解与适用微课程.md|wiki/summaries/summary_20220309_上海一中法院_微课程_吴慧琼程勇跃合同僵局下合同解除规则的理解与适用微课程.md
NEW|sources/微信公号资料/上海一中法院/上海一中法院-微课程-md/[2022-05-18]赵霏汪菲公共场所安全保障义务的责任边界微课程.md|wiki/summaries/summary_20220518_上海一中法院_微课程_赵霏汪菲公共场所安全保障义务的责任边界微课程.md
NEW|sources/微信公号资料/上海一中法院/上海一中法院-微课程-md/[2022-06-23]余剑如何正确对待认罪认罚案件精准化量刑建议微课程.md|wiki/summaries/summary_20220623_上海一中法院_微课程_余剑如何正确对待认罪认罚案件精准化量刑建议微课程.md
NEW|sources/微信公号资料/上海一中法院/上海一中法院-微课程-md/[2022-07-12]卢颖戴欣媛个人信息及其处理规则的理解与适用微课程.md|wiki/summaries/summary_20220712_上海一中法院_微课程_卢颖戴欣媛个人信息及其处理规则的理解与适用微课程.md
NEW|sources/微信公号资料/上海一中法院/上海一中法院-微课程-md/[2022-08-10]李长坤诈骗财物追缴与善意取得制度的协调适用微课程.md|wiki/summaries/summary_20220810_上海一中法院_微课程_李长坤诈骗财物追缴与善意取得制度的协调适用微课程.md
NEW|sources/微信公号资料/上海一中法院/上海一中法院-微课程-md/[2022-09-23]岳婷婷刘月冒名公司登记行政案件的审查规则微课程.md|wiki/summaries/summary_20220923_上海一中法院_微课程_岳婷婷刘月冒名公司登记行政案件的审查规则微课程.md
NEW|sources/微信公号资料/上海一中法院/上海一中法院-微课程-md/[2022-09-29]吴亚安网络非法薅羊毛行为的刑法规制微课程.md|wiki/summaries/summary_20220929_上海一中法院_微课程_吴亚安网络非法薅羊毛行为的刑法规制微课程.md
NEW|sources/微信公号资料/上海一中法院/上海一中法院-微课程-md/[2022-10-20]宁博刘天翔职业病工伤认定决定的合法性审查微课程.md|wiki/summaries/summary_20221020_上海一中法院_微课程_宁博刘天翔职业病工伤认定决定的合法性审查微课程.md
NEW|sources/微信公号资料/上海一中法院/上海一中法院-微课程-md/[2022-10-31]王茜钟嫣然劳动合同到期终止用人单位免除经济补偿金的审查微课程.md|wiki/summaries/summary_20221031_上海一中法院_微课程_王茜钟嫣然劳动合同到期终止用人单位免除经济补偿金的审查微课程.md
NEW|sources/微信公号资料/上海一中法院/上海一中法院-微课程-md/[2022-11-16]任明艳朱晨阳情势变更制度的理解与适用微课程.md|wiki/summaries/summary_20221116_上海一中法院_微课程_任明艳朱晨阳情势变更制度的理解与适用微课程.md
NEW|sources/微信公号资料/上海一中法院/上海一中法院-微课程-md/[2022-11-21]成阳刘洁公司人格否认制度的理解与适用微课程.md|wiki/summaries/summary_20221121_上海一中法院_微课程_成阳刘洁公司人格否认制度的理解与适用微课程.md
NEW|sources/微信公号资料/上海一中法院/上海一中法院-微课程-md/[2022-11-28]凌捷林佳豪民法典名誉权条款的理解与适用微课程.md|wiki/summaries/summary_20221128_上海一中法院_微课程_凌捷林佳豪民法典名誉权条款的理解与适用微课程.md
NEW|sources/微信公号资料/上海一中法院/上海一中法院-微课程-md/[2022-12-06]赵琛琛梁春霞认缴制下股权转让后股东出资责任的认定微课程.md|wiki/summaries/summary_20221206_上海一中法院_微课程_赵琛琛梁春霞认缴制下股权转让后股东出资责任的认定微课程.md
NEW|sources/微信公号资料/上海一中法院/上海一中法院-微课程-md/[2022-12-12]何建民法典保管合同制度的司法适用微课程.md|wiki/summaries/summary_20221212_上海一中法院_微课程_何建民法典保管合同制度的司法适用微课程.md
NEW|sources/微信公号资料/上海一中法院/上海一中法院-微课程-md/[2022-12-19]徐芬鲁彦岐房屋转租中次承租人权益保护探析微课程.md|wiki/summaries/summary_20221219_上海一中法院_微课程_徐芬鲁彦岐房屋转租中次承租人权益保护探析微课程.md
NEW|sources/微信公号资料/上海一中法院/上海一中法院-微课程-md/[2023-03-30]一二审对谈一人公司股东责任微课程.md|wiki/summaries/summary_20230330_上海一中法院_微课程_一二审对谈一人公司股东责任微课程.md
NEW|sources/微信公号资料/上海一中法院/上海一中法院-微课程-md/[2023-04-18]学者法官对谈动迁安置房的一房二卖微课程.md|wiki/summaries/summary_20230418_上海一中法院_微课程_学者法官对谈动迁安置房的一房二卖微课程.md
NEW|sources/微信公号资料/上海一中法院/上海一中法院-微课程-md/[2023-05-26]一二审对谈非法第四方支付的刑法规制微课程.md|wiki/summaries/summary_20230526_上海一中法院_微课程_一二审对谈非法第四方支付的刑法规制微课程.md
NEW|sources/微信公号资料/上海一中法院/上海一中法院-微课程-md/[2023-06-06]一二审对谈行政处罚裁量的司法审查微课程.md|wiki/summaries/summary_20230606_上海一中法院_微课程_一二审对谈行政处罚裁量的司法审查微课程.md
NEW|sources/微信公号资料/上海一中法院/上海一中法院-微课程-md/[2023-07-06]学者法官对谈离职经济补偿金的司法审查微课程.md|wiki/summaries/summary_20230706_上海一中法院_微课程_学者法官对谈离职经济补偿金的司法审查微课程.md
NEW|sources/微信公号资料/上海一中法院/上海一中法院-微课程-md/[2023-07-14]学者法官对谈担保制度中反担保相关问题微课程.md|wiki/summaries/summary_20230714_上海一中法院_微课程_学者法官对谈担保制度中反担保相关问题微课程.md
NEW|sources/微信公号资料/上海一中法院/上海一中法院-微课程-md/[2023-07-20]一二审对谈房屋租赁合同解除微课程.md|wiki/summaries/summary_20230720_上海一中法院_微课程_一二审对谈房屋租赁合同解除微课程.md
NEW|sources/微信公号资料/上海一中法院/上海一中法院-微课程-md/[2023-07-24]执行局长对谈上市公司股票的司法处置微课程.md|wiki/summaries/summary_20230724_上海一中法院_微课程_执行局长对谈上市公司股票的司法处置微课程.md
NEW|sources/微信公号资料/上海一中法院/上海一中法院-微课程-md/[2023-08-02]学者法官对谈恋爱期间给付财产的性质及处理微课程.md|wiki/summaries/summary_20230802_上海一中法院_微课程_学者法官对谈恋爱期间给付财产的性质及处理微课程.md
NEW|sources/微信公号资料/上海一中法院/上海一中法院-微课程-md/[2023-08-07]学者法官对谈夫妻一方侵权的共同债务认定及清偿微课程.md|wiki/summaries/summary_20230807_上海一中法院_微课程_学者法官对谈夫妻一方侵权的共同债务认定及清偿微课程.md
NEW|sources/微信公号资料/上海一中法院/上海一中法院-微课程-md/[2023-08-15]学者法官对谈抽逃出资及出资瑕疵中的特殊问题微课程.md|wiki/summaries/summary_20230815_上海一中法院_微课程_学者法官对谈抽逃出资及出资瑕疵中的特殊问题微课程.md
NEW|sources/微信公号资料/上海一中法院/上海一中法院-微课程-md/[2023-08-23]一二审对谈商事合同背靠背条款的司法认定问题微课程.md|wiki/summaries/summary_20230823_上海一中法院_微课程_一二审对谈商事合同背靠背条款的司法认定问题微课程.md
NEW|sources/微信公号资料/上海一中法院/上海一中法院-微课程-md/[2023-08-30]一二审对谈夫妻共有房屋离婚分割的处理方式微课程.md|wiki/summaries/summary_20230830_上海一中法院_微课程_一二审对谈夫妻共有房屋离婚分割的处理方式微课程.md
NEW|sources/微信公号资料/上海一中法院/上海一中法院-微课程-md/[2023-09-04]一二审对谈房屋司法拍卖中承租人的优先购买权微课程.md|wiki/summaries/summary_20230904_上海一中法院_微课程_一二审对谈房屋司法拍卖中承租人的优先购买权微课程.md
NEW|sources/微信公号资料/上海一中法院/上海一中法院-微课程-md/[2023-09-11]学者法官对谈涉网约车平台相关问题微课程.md|wiki/summaries/summary_20230911_上海一中法院_微课程_学者法官对谈涉网约车平台相关问题微课程.md
NEW|sources/微信公号资料/上海一中法院/上海一中法院-微课程-md/[2024-01-02]吴金水合伙企业债务承担的典型问题及法律适用微课程.md|wiki/summaries/summary_20240102_上海一中法院_微课程_吴金水合伙企业债务承担的典型问题及法律适用微课程.md
NEW|sources/微信公号资料/上海一中法院/上海一中法院-微课程-md/[2024-02-29]徐世亮于改之轻微暴力致人受伤主观方面的认定微课程.md|wiki/summaries/summary_20240229_上海一中法院_微课程_徐世亮于改之轻微暴力致人受伤主观方面的认定微课程.md
NEW|sources/微信公号资料/上海一中法院/上海一中法院-微课程-md/[2024-03-12]侯丹华陈越峰市场主体登记的合法性审查微课程.md|wiki/summaries/summary_20240312_上海一中法院_微课程_侯丹华陈越峰市场主体登记的合法性审查微课程.md
NEW|sources/微信公号资料/上海一中法院/上海一中法院-微课程-md/[2024-03-19]叶伟为朱一心执行案件中动产处置的实践与经验微课程.md|wiki/summaries/summary_20240319_上海一中法院_微课程_叶伟为朱一心执行案件中动产处置的实践与经验微课程.md
NEW|sources/微信公号资料/上海一中法院/上海一中法院-微课程-md/[2024-03-26]王剑平金绍奇民事法律行为违背公序良俗的司法认定微课程.md|wiki/summaries/summary_20240326_上海一中法院_微课程_王剑平金绍奇民事法律行为违背公序良俗的司法认定微课程.md
NEW|sources/微信公号资料/上海一中法院/上海一中法院-微课程-md/[2024-04-11]唐春雷表见代理的司法审查微课程.md|wiki/summaries/summary_20240411_上海一中法院_微课程_唐春雷表见代理的司法审查微课程.md
NEW|sources/微信公号资料/上海一中法院/上海一中法院-微课程-md/[2024-04-18]周峰二手房买卖合同的效力审查微课程.md|wiki/summaries/summary_20240418_上海一中法院_微课程_周峰二手房买卖合同的效力审查微课程.md
NEW|sources/微信公号资料/上海一中法院/上海一中法院-微课程-md/[2024-05-07]卢颖杨俊生竞业限制中的典型问题及司法应对微课程.md|wiki/summaries/summary_20240507_上海一中法院_微课程_卢颖杨俊生竞业限制中的典型问题及司法应对微课程.md
NEW|sources/微信公号资料/上海一中法院/上海一中法院-微课程-md/[2024-05-29]李兴张晓光合同僵局的司法终止规则适用微课程.md|wiki/summaries/summary_20240529_上海一中法院_微课程_李兴张晓光合同僵局的司法终止规则适用微课程.md
NEW|sources/微信公号资料/上海一中法院/上海一中法院-微课程-md/[2024-06-12]任明艳张帆不法原因给付的司法认定与裁判规则微课程.md|wiki/summaries/summary_20240612_上海一中法院_微课程_任明艳张帆不法原因给付的司法认定与裁判规则微课程.md
NEW|sources/微信公号资料/上海一中法院/上海一中法院-微课程-md/[2024-06-24]张华松拒执罪拒执行为起算时间的司法认定微课程.md|wiki/summaries/summary_20240624_上海一中法院_微课程_张华松拒执罪拒执行为起算时间的司法认定微课程.md
NEW|sources/微信公号资料/上海一中法院/上海一中法院-微课程-md/[2024-07-25]王茜谢群违法解除劳动合同的司法认定与裁判规则微课程.md|wiki/summaries/summary_20240725_上海一中法院_微课程_王茜谢群违法解除劳动合同的司法认定与裁判规则微课程.md
NEW|sources/微信公号资料/上海一中法院/上海一中法院-微课程-md/[2024-07-31]盛萍沈严民间借贷合意的司法审查微课程.md|wiki/summaries/summary_20240731_上海一中法院_微课程_盛萍沈严民间借贷合意的司法审查微课程.md
NEW|sources/微信公号资料/上海一中法院/上海一中法院-微课程-md/[2024-08-14]沈雯姜丽丽加班的司法认定与举证责任分配微课程.md|wiki/summaries/summary_20240814_上海一中法院_微课程_沈雯姜丽丽加班的司法认定与举证责任分配微课程.md
NEW|sources/微信公号资料/上海一中法院/上海一中法院-微课程-md/[2024-09-26]乔林程俊杰重复起诉纠纷案件的认定与处理微课程.md|wiki/summaries/summary_20240926_上海一中法院_微课程_乔林程俊杰重复起诉纠纷案件的认定与处理微课程.md
NEW|sources/微信公号资料/上海一中法院/上海一中法院-微课程-md/[2024-10-28]蒋克勤毛海波平台算法自动化决策侵权责任的司法审查与认定微课程.md|wiki/summaries/summary_20241028_上海一中法院_微课程_蒋克勤毛海波平台算法自动化决策侵权责任的司法审查与认定微课程.md
NEW|sources/微信公号资料/上海一中法院/上海一中法院-微课程-md/[2024-11-21]蒋庆琨张怡校园伤害事故的司法认定与裁判规则长三角微课程.md|wiki/summaries/summary_20241121_上海一中法院_微课程_蒋庆琨张怡校园伤害事故的司法认定与裁判规则长三角微课程.md
NEW|sources/微信公号资料/上海一中法院/上海一中法院-微课程-md/[2024-11-28]顾慧萍吴晓静年终奖的司法认定与裁判规则长三角微课程.md|wiki/summaries/summary_20241128_上海一中法院_微课程_顾慧萍吴晓静年终奖的司法认定与裁判规则长三角微课程.md
NEW|sources/微信公号资料/上海一中法院/上海一中法院-微课程-md/[2024-12-11]韩朝炜施鸿鹏商事职务代理权越权行使的效果归属院校合作微课程.md|wiki/summaries/summary_20241211_上海一中法院_微课程_韩朝炜施鸿鹏商事职务代理权越权行使的效果归属院校合作微课程.md
NEW|sources/微信公号资料/上海一中法院/上海一中法院-微课程-md/[2024-12-17]徐芬丁晔商品房买卖合同中常见法律问题长三角微课程.md|wiki/summaries/summary_20241217_上海一中法院_微课程_徐芬丁晔商品房买卖合同中常见法律问题长三角微课程.md
NEW|sources/微信公号资料/上海一中法院/上海一中法院-微课程-md/[2025-01-21]吴金水杜焕芳非典型涉外因素的识别院校合作微课程.md|wiki/summaries/summary_20250121_上海一中法院_微课程_吴金水杜焕芳非典型涉外因素的识别院校合作微课程.md
NEW|sources/微信公号资料/上海一中法院/上海一中法院-微课程-md/[2025-02-19]黄祥青刑事案件审判思路与方法探讨系列①微课程.md|wiki/summaries/summary_20250219_上海一中法院_微课程_黄祥青刑事案件审判思路与方法探讨系列①微课程.md
NEW|sources/微信公号资料/上海一中法院/上海一中法院-微课程-md/[2025-03-03]黄祥青刑事案件审判思路与方法探讨系列②微课程.md|wiki/summaries/summary_20250303_上海一中法院_微课程_黄祥青刑事案件审判思路与方法探讨系列②微课程.md
NEW|sources/微信公号资料/上海一中法院/上海一中法院-微课程-md/[2025-03-17]何云杜涛仲裁协议效力的司法审查规则微课程.md|wiki/summaries/summary_20250317_上海一中法院_微课程_何云杜涛仲裁协议效力的司法审查规则微课程.md
NEW|sources/微信公号资料/上海一中法院/上海一中法院-微课程-md/[2025-04-01]任明艳梁琨司法实践中替代交易规则的适用微课程.md|wiki/summaries/summary_20250401_上海一中法院_微课程_任明艳梁琨司法实践中替代交易规则的适用微课程.md
NEW|sources/微信公号资料/上海一中法院/上海一中法院-微课程-md/[2025-05-06]周峰周登谅房屋转租纠纷中次承租人的利益保护微课程.md|wiki/summaries/summary_20250506_上海一中法院_微课程_周峰周登谅房屋转租纠纷中次承租人的利益保护微课程.md
NEW|sources/微信公号资料/上海一中法院/上海一中法院-微课程-md/[2025-05-20]王剑平张晗庆债务转移债务加入的司法认定长三角微课程.md|wiki/summaries/summary_20250520_上海一中法院_微课程_王剑平张晗庆债务转移债务加入的司法认定长三角微课程.md
NEW|sources/微信公号资料/上海一中法院/上海一中法院-微课程-md/[2025-06-03]黄祥青定罪的常规思路与方法上微课程.md|wiki/summaries/summary_20250603_上海一中法院_微课程_黄祥青定罪的常规思路与方法上微课程.md
NEW|sources/微信公号资料/上海一中法院/上海一中法院-微课程-md/[2025-06-19]胡玉凌夏志阳股东知情权案件审理中的重点难点问题微课程.md|wiki/summaries/summary_20250619_上海一中法院_微课程_胡玉凌夏志阳股东知情权案件审理中的重点难点问题微课程.md
NEW|sources/微信公号资料/上海一中法院/上海一中法院-微课程-md/[2025-06-25]黄祥青定罪的常规思路与方法下微课程.md|wiki/summaries/summary_20250625_上海一中法院_微课程_黄祥青定罪的常规思路与方法下微课程.md
NEW|sources/微信公号资料/上海一中法院/上海一中法院-微课程-md/[2025-07-07]郭葭消费者正当评论与侵害商家名誉权行为之界定微课程.md|wiki/summaries/summary_20250707_上海一中法院_微课程_郭葭消费者正当评论与侵害商家名誉权行为之界定微课程.md
NEW|sources/微信公号资料/上海一中法院/上海一中法院-微课程-md/[2025-07-16]黄祥青量刑的一般规则与裁判效果的综合把握微课程.md|wiki/summaries/summary_20250716_上海一中法院_微课程_黄祥青量刑的一般规则与裁判效果的综合把握微课程.md
NEW|sources/微信公号资料/上海一中法院/上海一中法院-微课程-md/[2025-08-12]黄祥青刑民交叉案件的审判思路与裁判方法微课程.md|wiki/summaries/summary_20250812_上海一中法院_微课程_黄祥青刑民交叉案件的审判思路与裁判方法微课程.md
NEW|sources/微信公号资料/上海一中法院/上海一中法院-微课程-md/[2025-09-02]卢颖王莉个人信息的共同处理微课程.md|wiki/summaries/summary_20250902_上海一中法院_微课程_卢颖王莉个人信息的共同处理微课程.md
NEW|sources/微信公号资料/上海一中法院/上海一中法院-微课程-md/[2025-09-16]黄祥青认罪认罚从宽制度的适用与完善微课程.md|wiki/summaries/summary_20250916_上海一中法院_微课程_黄祥青认罪认罚从宽制度的适用与完善微课程.md
NEW|sources/微信公号资料/上海一中法院/上海一中法院-微课程-md/[2025-11-12]黄祥青贿赂犯罪法律适用争议问题及其解决方法微课程.md|wiki/summaries/summary_20251112_上海一中法院_微课程_黄祥青贿赂犯罪法律适用争议问题及其解决方法微课程.md
NEW|sources/微信公号资料/上海一中法院/上海一中法院-微课程-md/[2025-11-25]黄祥青贿赂犯罪法律适用争议问题及其解决方法下微课程.md|wiki/summaries/summary_20251125_上海一中法院_微课程_黄祥青贿赂犯罪法律适用争议问题及其解决方法下微课程.md
NEW|sources/微信公号资料/上海一中法院/上海一中法院-微课程-md/[2025-12-23]任明艳吴智永周惠仅凭转账凭证主张民间借贷案件的举证责任微课程.md|wiki/summaries/summary_20251223_上海一中法院_微课程_任明艳吴智永周惠仅凭转账凭证主张民间借贷案件的举证责任微课程.md
NEW|sources/微信公号资料/上海一中法院/上海一中法院-微课程-md/[2026-01-12]黄祥青财产犯罪的认定思路与裁判方法上微课程.md|wiki/summaries/summary_20260112_上海一中法院_微课程_黄祥青财产犯罪的认定思路与裁判方法上微课程.md
NEW|sources/微信公号资料/上海一中法院/上海一中法院-微课程-md/[2026-01-19]王韶婧杜凤君提供劳务者受害责任纠纷审判实务微课程.md|wiki/summaries/summary_20260119_上海一中法院_微课程_王韶婧杜凤君提供劳务者受害责任纠纷审判实务微课程.md
NEW|sources/微信公号资料/上海一中法院/上海一中法院-微课程-md/[2026-01-27]肖晚祥洗钱罪的司法认定上微课程.md|wiki/summaries/summary_20260127_上海一中法院_微课程_肖晚祥洗钱罪的司法认定上微课程.md
NEW|sources/微信公号资料/上海一中法院/上海一中法院-法通识-md/[2023-02-09]醉驾的10个常见法律问题法通识.md|wiki/summaries/summary_20230209_上海一中法院_法通识_醉驾的10个常见法律问题法通识.md
NEW|sources/微信公号资料/上海一中法院/上海一中法院-法通识-md/[2023-03-15]消费者维权指南法通识.md|wiki/summaries/summary_20230315_上海一中法院_法通识_消费者维权指南法通识.md
NEW|sources/微信公号资料/上海一中法院/上海一中法院-法通识-md/[2023-03-21]想离职先了解这些法律问题法通识.md|wiki/summaries/summary_20230321_上海一中法院_法通识_想离职先了解这些法律问题法通识.md
NEW|sources/微信公号资料/上海一中法院/上海一中法院-法通识-md/[2023-04-11]民间借贷的常见法律问题法通识.md|wiki/summaries/summary_20230411_上海一中法院_法通识_民间借贷的常见法律问题法通识.md
NEW|sources/微信公号资料/上海一中法院/上海一中法院-法通识-md/[2023-05-01]涉及劳动报酬的10个法律问题法通识.md|wiki/summaries/summary_20230501_上海一中法院_法通识_涉及劳动报酬的10个法律问题法通识.md
NEW|sources/微信公号资料/上海一中法院/上海一中法院-法通识-md/[2023-05-18]旅游合同的常见法律问题法通识.md|wiki/summaries/summary_20230518_上海一中法院_法通识_旅游合同的常见法律问题法通识.md
NEW|sources/微信公号资料/上海一中法院/上海一中法院-法通识-md/[2023-05-29]子女抚养的常见法律问题法通识.md|wiki/summaries/summary_20230529_上海一中法院_法通识_子女抚养的常见法律问题法通识.md
NEW|sources/微信公号资料/上海一中法院/上海一中法院-法通识-md/[2023-06-13]交通罚单的10个常见法律问题法通识.md|wiki/summaries/summary_20230613_上海一中法院_法通识_交通罚单的10个常见法律问题法通识.md
NEW|sources/微信公号资料/上海一中法院/上海一中法院-法通识-md/[2023-07-28]法定继承那些事一文读懂.md|wiki/summaries/summary_20230728_上海一中法院_法通识_法定继承那些事一文读懂.md
NEW|sources/微信公号资料/上海一中法院/上海一中法院-法通识-md/[2023-08-09]租房的常见法律问题法通识.md|wiki/summaries/summary_20230809_上海一中法院_法通识_租房的常见法律问题法通识.md
NEW|sources/微信公号资料/上海一中法院/上海一中法院-法通识-md/[2023-08-28]夫妻共有股权离婚分割的法律问题法通识.md|wiki/summaries/summary_20230828_上海一中法院_法通识_夫妻共有股权离婚分割的法律问题法通识.md
NEW|sources/微信公号资料/上海一中法院/上海一中法院-法通识-md/[2023-09-12]保证担保的常见法律问题法通识.md|wiki/summaries/summary_20230912_上海一中法院_法通识_保证担保的常见法律问题法通识.md
NEW|sources/微信公号资料/上海一中法院/上海一中法院-法通识-md/[2023-09-19]小区物业服务的常见法律问题法通识.md|wiki/summaries/summary_20230919_上海一中法院_法通识_小区物业服务的常见法律问题法通识.md
NEW|sources/微信公号资料/上海一中法院/上海一中法院-法通识-md/[2023-09-26]十一假期可能遇到的法律问题法通识.md|wiki/summaries/summary_20230926_上海一中法院_法通识_十一假期可能遇到的法律问题法通识.md
NEW|sources/微信公号资料/上海一中法院/上海一中法院-法通识-md/[2023-10-07]家政服务的常见法律问题法通识.md|wiki/summaries/summary_20231007_上海一中法院_法通识_家政服务的常见法律问题法通识.md
NEW|sources/微信公号资料/上海一中法院/上海一中法院-法通识-md/[2023-11-02]想仲裁先了解这些法律问题法通识.md|wiki/summaries/summary_20231102_上海一中法院_法通识_想仲裁先了解这些法律问题法通识.md
NEW|sources/微信公号资料/上海一中法院/上海一中法院-法通识-md/[2023-11-07]双十一买买买注意这些法律问题法通识.md|wiki/summaries/summary_20231107_上海一中法院_法通识_双十一买买买注意这些法律问题法通识.md
NEW|sources/微信公号资料/上海一中法院/上海一中法院-法通识-md/[2023-11-22]关于合同违约金的常见法律问题法通识.md|wiki/summaries/summary_20231122_上海一中法院_法通识_关于合同违约金的常见法律问题法通识.md
NEW|sources/微信公号资料/上海一中法院/上海一中法院-法通识-md/[2023-12-06]机动车交通事故维权指南法通识.md|wiki/summaries/summary_20231206_上海一中法院_法通识_机动车交通事故维权指南法通识.md
NEW|sources/微信公号资料/上海一中法院/上海一中法院-法通识-md/[2023-12-12]名誉权的常见法律问题法通识.md|wiki/summaries/summary_20231212_上海一中法院_法通识_名誉权的常见法律问题法通识.md
NEW|sources/微信公号资料/上海一中法院/上海一中法院-法通识-md/[2023-12-19]民事诉讼司法鉴定的常见法律问题法通识.md|wiki/summaries/summary_20231219_上海一中法院_法通识_民事诉讼司法鉴定的常见法律问题法通识.md
NEW|sources/微信公号资料/上海一中法院/上海一中法院-法通识-md/[2024-01-18]有关诉讼时效的常见法律问题法通识.md|wiki/summaries/summary_20240118_上海一中法院_法通识_有关诉讼时效的常见法律问题法通识.md
NEW|sources/微信公号资料/上海一中法院/上海一中法院-法通识-md/[2024-01-25]饲养动物的常见法律问题法通识.md|wiki/summaries/summary_20240125_上海一中法院_法通识_饲养动物的常见法律问题法通识.md
NEW|sources/微信公号资料/上海一中法院/上海一中法院-法通识-md/[2024-02-22]工伤保险资格认定的常见法律问题法通识.md|wiki/summaries/summary_20240222_上海一中法院_法通识_工伤保险资格认定的常见法律问题法通识.md
NEW|sources/微信公号资料/上海一中法院/上海一中法院-法通识-md/[2024-03-04]女职工权益保护的常见法律问题法通识.md|wiki/summaries/summary_20240304_上海一中法院_法通识_女职工权益保护的常见法律问题法通识.md
NEW|sources/微信公号资料/上海一中法院/上海一中法院-法通识-md/[2024-05-06]内幕交易泄露内幕信息的常见法律问题法通识.md|wiki/summaries/summary_20240506_上海一中法院_法通识_内幕交易泄露内幕信息的常见法律问题法通识.md
NEW|sources/微信公号资料/上海一中法院/上海一中法院-法通识-md/[2024-06-17]民商事案件申请再审的常见法律问题法通识.md|wiki/summaries/summary_20240617_上海一中法院_法通识_民商事案件申请再审的常见法律问题法通识.md
NEW|sources/微信公号资料/上海一中法院/上海一中法院-法通识-md/[2024-06-25]涉毒品的常见法律问题法通识.md|wiki/summaries/summary_20240625_上海一中法院_法通识_涉毒品的常见法律问题法通识.md
NEW|sources/微信公号资料/上海一中法院/上海一中法院-法通识-md/[2024-07-18]教育培训合同的常见法律问题法通识.md|wiki/summaries/summary_20240718_上海一中法院_法通识_教育培训合同的常见法律问题法通识.md
NEW|sources/微信公号资料/上海一中法院/上海一中法院-法通识-md/[2024-08-05]海外购物常见法律问题法通识.md|wiki/summaries/summary_20240805_上海一中法院_法通识_海外购物常见法律问题法通识.md
NEW|sources/微信公号资料/上海一中法院/上海一中法院-法通识-md/[2024-08-29]商品房预售合同的常见法律问题法通识.md|wiki/summaries/summary_20240829_上海一中法院_法通识_商品房预售合同的常见法律问题法通识.md
NEW|sources/微信公号资料/上海一中法院/上海一中法院-法通识-md/[2024-11-05]房屋租赁合同的常见法律问题法通识.md|wiki/summaries/summary_20241105_上海一中法院_法通识_房屋租赁合同的常见法律问题法通识.md
NEW|sources/微信公号资料/上海一中法院/上海一中法院-法通识-md/[2024-12-06]财产保全常见法律问题法通识.md|wiki/summaries/summary_20241206_上海一中法院_法通识_财产保全常见法律问题法通识.md
NEW|sources/微信公号资料/上海一中法院/上海一中法院-法通识-md/[2024-12-16]申请撤销商事仲裁裁决的常见法律问题法通识.md|wiki/summaries/summary_20241216_上海一中法院_法通识_申请撤销商事仲裁裁决的常见法律问题法通识.md
NEW|sources/微信公号资料/上海一中法院/上海一中法院-法通识-md/[2025-02-20]房产中介合同的常见法律问题法通识.md|wiki/summaries/summary_20250220_上海一中法院_法通识_房产中介合同的常见法律问题法通识.md
NEW|sources/微信公号资料/上海一中法院/上海一中法院-法通识-md/[2025-05-08]新公司法下有限责任公司股东出资的10个常见问题法通识.md|wiki/summaries/summary_20250508_上海一中法院_法通识_新公司法下有限责任公司股东出资的10个常见问题法通识.md
NEW|sources/微信公号资料/上海一中法院/上海一中法院-法通识-md/[2025-06-17]网络直播合同纠纷的常见法律问题法通识.md|wiki/summaries/summary_20250617_上海一中法院_法通识_网络直播合同纠纷的常见法律问题法通识.md
NEW|sources/微信公号资料/上海一中法院/上海一中法院-法通识-md/[2025-08-07]新治安管理处罚法10个法律问题.md|wiki/summaries/summary_20250807_上海一中法院_法通识_新治安管理处罚法10个法律问题.md
NEW|sources/微信公号资料/上海一中法院/上海一中法院-法通识-md/[2025-08-13]与实习有关的10个法律问题法通识.md|wiki/summaries/summary_20250813_上海一中法院_法通识_与实习有关的10个法律问题法通识.md
NEW|sources/微信公号资料/上海一中法院/上海一中法院-法通识-md/[2025-08-22]与住宅装饰装修有关的常见法律问题法通识.md|wiki/summaries/summary_20250822_上海一中法院_法通识_与住宅装饰装修有关的常见法律问题法通识.md
NEW|sources/微信公号资料/上海一中法院/上海一中法院-法通识-md/[2025-09-03]关于正当防卫的常见法律问题法通识.md|wiki/summaries/summary_20250903_上海一中法院_法通识_关于正当防卫的常见法律问题法通识.md
NEW|sources/微信公号资料/上海一中法院/上海一中法院-法通识-md/[2025-09-11]有限责任公司股权转让的常见法律问题法通识.md|wiki/summaries/summary_20250911_上海一中法院_法通识_有限责任公司股权转让的常见法律问题法通识.md
NEW|sources/微信公号资料/上海一中法院/上海一中法院-法通识-md/[2025-09-19]医美纠纷中的常见法律问题法通识.md|wiki/summaries/summary_20250919_上海一中法院_法通识_医美纠纷中的常见法律问题法通识.md
NEW|sources/微信公号资料/上海一中法院/上海一中法院-法通识-md/[2025-10-22]合伙合同纠纷的常见法律问题法通识.md|wiki/summaries/summary_20251022_上海一中法院_法通识_合伙合同纠纷的常见法律问题法通识.md
NEW|sources/微信公号资料/上海一中法院/上海一中法院-法通识-md/[2025-11-05]涉外送达常见法律问题法通识.md|wiki/summaries/summary_20251105_上海一中法院_法通识_涉外送达常见法律问题法通识.md
NEW|sources/微信公号资料/上海一中法院/上海一中法院-法通识-md/[2025-11-19]赠与合同相关法律问题解析法通识.md|wiki/summaries/summary_20251119_上海一中法院_法通识_赠与合同相关法律问题解析法通识.md
NEW|sources/微信公号资料/上海一中法院/上海一中法院-法通识-md/[2025-12-12]申请认可与执行港澳台仲裁裁决中的12个法律问题法通识.md|wiki/summaries/summary_20251212_上海一中法院_法通识_申请认可与执行港澳台仲裁裁决中的12个法律问题法通识.md
NEW|sources/微信公号资料/上海一中法院/上海一中法院-法通识-md/[2026-01-21]房屋中介合同实用指引法通识.md|wiki/summaries/summary_20260121_上海一中法院_法通识_房屋中介合同实用指引法通识.md
NEW|sources/微信公号资料/上海一中法院/上海一中法院-类案裁判方法-md/[2019-04-15]类案裁判方法政府信息公开行政案件的审理思路和裁判要点.md|wiki/summaries/summary_20190415_上海一中法院_类案裁判方法_类案裁判方法政府信息公开行政案件的审理思路和裁判要点.md
NEW|sources/微信公号资料/上海一中法院/上海一中法院-类案裁判方法-md/[2019-04-22]类案裁判方法民商事申请再审案件要素式审查要点.md|wiki/summaries/summary_20190422_上海一中法院_类案裁判方法_类案裁判方法民商事申请再审案件要素式审查要点.md
NEW|sources/微信公号资料/上海一中法院/上海一中法院-类案裁判方法-md/[2019-04-29]类案裁判方法继承纠纷中涉宅基地房屋拆迁案件的审理思路和方法.md|wiki/summaries/summary_20190429_上海一中法院_类案裁判方法_类案裁判方法继承纠纷中涉宅基地房屋拆迁案件的审理思路和方法.md
NEW|sources/微信公号资料/上海一中法院/上海一中法院-类案裁判方法-md/[2019-05-13]类案裁判方法自然人之间民间借贷案件的审理思路与裁判要点.md|wiki/summaries/summary_20190513_上海一中法院_类案裁判方法_类案裁判方法自然人之间民间借贷案件的审理思路与裁判要点.md
NEW|sources/微信公号资料/上海一中法院/上海一中法院-类案裁判方法-md/[2019-05-20]类案裁判方法股权转让纠纷案件的再审审理思路和裁判要点.md|wiki/summaries/summary_20190520_上海一中法院_类案裁判方法_类案裁判方法股权转让纠纷案件的再审审理思路和裁判要点.md
NEW|sources/微信公号资料/上海一中法院/上海一中法院-类案裁判方法-md/[2019-05-27]类案裁判方法公司解散纠纷案件的审理思路与裁判要点.md|wiki/summaries/summary_20190527_上海一中法院_类案裁判方法_类案裁判方法公司解散纠纷案件的审理思路与裁判要点.md
NEW|sources/微信公号资料/上海一中法院/上海一中法院-类案裁判方法-md/[2019-06-03]类案裁判方法涉租赁房产拍卖执行案件的办理思路和要点.md|wiki/summaries/summary_20190603_上海一中法院_类案裁判方法_类案裁判方法涉租赁房产拍卖执行案件的办理思路和要点.md
NEW|sources/微信公号资料/上海一中法院/上海一中法院-类案裁判方法-md/[2019-06-10]类案裁判方法竞业限制纠纷案件的审理思路和裁判要点.md|wiki/summaries/summary_20190610_上海一中法院_类案裁判方法_类案裁判方法竞业限制纠纷案件的审理思路和裁判要点.md
NEW|sources/微信公号资料/上海一中法院/上海一中法院-类案裁判方法-md/[2019-07-08]类案裁判方法确认劳动关系纠纷案件的审理思路和裁判要点.md|wiki/summaries/summary_20190708_上海一中法院_类案裁判方法_类案裁判方法确认劳动关系纠纷案件的审理思路和裁判要点.md
NEW|sources/微信公号资料/上海一中法院/上海一中法院-类案裁判方法-md/[2019-07-29]类案裁判方法证券内幕交易犯罪案件的审理思路和裁判要点.md|wiki/summaries/summary_20190729_上海一中法院_类案裁判方法_类案裁判方法证券内幕交易犯罪案件的审理思路和裁判要点.md
NEW|sources/微信公号资料/上海一中法院/上海一中法院-类案裁判方法-md/[2019-08-05]类案裁判方法劳动合同解除纠纷案件的审理思路与裁判要点.md|wiki/summaries/summary_20190805_上海一中法院_类案裁判方法_类案裁判方法劳动合同解除纠纷案件的审理思路与裁判要点.md
NEW|sources/微信公号资料/上海一中法院/上海一中法院-类案裁判方法-md/[2019-08-12]类案裁判方法股东出资纠纷案件的审理思路和裁判要点.md|wiki/summaries/summary_20190812_上海一中法院_类案裁判方法_类案裁判方法股东出资纠纷案件的审理思路和裁判要点.md
NEW|sources/微信公号资料/上海一中法院/上海一中法院-类案裁判方法-md/[2019-08-19]类案裁判方法仲裁裁决执行案件的司法审查要点和裁判思路.md|wiki/summaries/summary_20190819_上海一中法院_类案裁判方法_类案裁判方法仲裁裁决执行案件的司法审查要点和裁判思路.md
NEW|sources/微信公号资料/上海一中法院/上海一中法院-类案裁判方法-md/[2019-10-14]类案裁判方法业主撤销权案件的审理思路和裁判要点.md|wiki/summaries/summary_20191014_上海一中法院_类案裁判方法_类案裁判方法业主撤销权案件的审理思路和裁判要点.md
NEW|sources/微信公号资料/上海一中法院/上海一中法院-类案裁判方法-md/[2019-11-11]类案裁判方法拆除违法建筑行政案件的审理思路和裁判要点.md|wiki/summaries/summary_20191111_上海一中法院_类案裁判方法_类案裁判方法拆除违法建筑行政案件的审理思路和裁判要点.md
NEW|sources/微信公号资料/上海一中法院/上海一中法院-类案裁判方法-md/[2019-12-02]类案裁判方法未成年人校园人身伤害类案件审理思路和裁判要点.md|wiki/summaries/summary_20191202_上海一中法院_类案裁判方法_类案裁判方法未成年人校园人身伤害类案件审理思路和裁判要点.md
NEW|sources/微信公号资料/上海一中法院/上海一中法院-类案裁判方法-md/[2019-12-16]类案裁判方法人格权纠纷案件的审理思路和裁判要点.md|wiki/summaries/summary_20191216_上海一中法院_类案裁判方法_类案裁判方法人格权纠纷案件的审理思路和裁判要点.md
NEW|sources/微信公号资料/上海一中法院/上海一中法院-类案裁判方法-md/[2019-12-30]类案裁判方法申请撤销劳动争议仲裁裁决案件的审理思路和裁判要点.md|wiki/summaries/summary_20191230_上海一中法院_类案裁判方法_类案裁判方法申请撤销劳动争议仲裁裁决案件的审理思路和裁判要点.md
NEW|sources/微信公号资料/上海一中法院/上海一中法院-类案裁判方法-md/[2020-01-13]类案裁判方法治安行政处罚案件的审理思路和裁判要点.md|wiki/summaries/summary_20200113_上海一中法院_类案裁判方法_类案裁判方法治安行政处罚案件的审理思路和裁判要点.md
NEW|sources/微信公号资料/上海一中法院/上海一中法院-类案裁判方法-md/[2020-02-24]类案裁判方法劳务派遣合同纠纷案件的审理思路和裁判要点.md|wiki/summaries/summary_20200224_上海一中法院_类案裁判方法_类案裁判方法劳务派遣合同纠纷案件的审理思路和裁判要点.md
NEW|sources/微信公号资料/上海一中法院/上海一中法院-类案裁判方法-md/[2020-03-09]类案裁判方法股东资格确认纠纷案件的审理思路和裁判要点.md|wiki/summaries/summary_20200309_上海一中法院_类案裁判方法_类案裁判方法股东资格确认纠纷案件的审理思路和裁判要点.md
NEW|sources/微信公号资料/上海一中法院/上海一中法院-类案裁判方法-md/[2020-03-23]类案裁判方法股东知情权纠纷案件的审理思路和裁判要点.md|wiki/summaries/summary_20200323_上海一中法院_类案裁判方法_类案裁判方法股东知情权纠纷案件的审理思路和裁判要点.md
NEW|sources/微信公号资料/上海一中法院/上海一中法院-类案裁判方法-md/[2020-04-14]类案裁判方法涉有限责任公司股权执行案件的办理思路和执行要点.md|wiki/summaries/summary_20200414_上海一中法院_类案裁判方法_类案裁判方法涉有限责任公司股权执行案件的办理思路和执行要点.md
NEW|sources/微信公号资料/上海一中法院/上海一中法院-类案裁判方法-md/[2020-04-27]类案裁判方法有限责任公司清算清偿责任纠纷案件审理思路和裁判要点.md|wiki/summaries/summary_20200427_上海一中法院_类案裁判方法_类案裁判方法有限责任公司清算清偿责任纠纷案件审理思路和裁判要点.md
NEW|sources/微信公号资料/上海一中法院/上海一中法院-类案裁判方法-md/[2020-05-11]类案裁判方法变更追加执行当事人案件的审理思路和裁判要点.md|wiki/summaries/summary_20200511_上海一中法院_类案裁判方法_类案裁判方法变更追加执行当事人案件的审理思路和裁判要点.md
NEW|sources/微信公号资料/上海一中法院/上海一中法院-类案裁判方法-md/[2020-05-25]类案裁判方法无效房屋租赁合同案件的审理思路和裁判要点.md|wiki/summaries/summary_20200525_上海一中法院_类案裁判方法_类案裁判方法无效房屋租赁合同案件的审理思路和裁判要点.md
NEW|sources/微信公号资料/上海一中法院/上海一中法院-类案裁判方法-md/[2020-06-09]类案裁判方法追索劳动报酬纠纷案件的审理思路和裁判要点.md|wiki/summaries/summary_20200609_上海一中法院_类案裁判方法_类案裁判方法追索劳动报酬纠纷案件的审理思路和裁判要点.md
NEW|sources/微信公号资料/上海一中法院/上海一中法院-类案裁判方法-md/[2020-06-22]类案裁判方法轻微暴力致人死亡案件的审理思路和裁判要点.md|wiki/summaries/summary_20200622_上海一中法院_类案裁判方法_类案裁判方法轻微暴力致人死亡案件的审理思路和裁判要点.md
NEW|sources/微信公号资料/上海一中法院/上海一中法院-类案裁判方法-md/[2020-07-13]类案裁判方法仲裁司法审查案件的审理思路和裁判要点.md|wiki/summaries/summary_20200713_上海一中法院_类案裁判方法_类案裁判方法仲裁司法审查案件的审理思路和裁判要点.md
NEW|sources/微信公号资料/上海一中法院/上海一中法院-类案裁判方法-md/[2020-07-27]类案裁判方法工伤认定行政案件的审理思路和裁判要点.md|wiki/summaries/summary_20200727_上海一中法院_类案裁判方法_类案裁判方法工伤认定行政案件的审理思路和裁判要点.md
NEW|sources/微信公号资料/上海一中法院/上海一中法院-类案裁判方法-md/[2020-08-10]类案裁判方法消费领域惩罚性赔偿案件的审理思路和裁判要点.md|wiki/summaries/summary_20200810_上海一中法院_类案裁判方法_类案裁判方法消费领域惩罚性赔偿案件的审理思路和裁判要点.md
NEW|sources/微信公号资料/上海一中法院/上海一中法院-类案裁判方法-md/[2020-08-24]类案裁判方法工伤保险待遇纠纷案件的审理思路和裁判要点.md|wiki/summaries/summary_20200824_上海一中法院_类案裁判方法_类案裁判方法工伤保险待遇纠纷案件的审理思路和裁判要点.md
NEW|sources/微信公号资料/上海一中法院/上海一中法院-类案裁判方法-md/[2020-09-07]类案裁判方法非法集资类案件的审理思路和裁判要点.md|wiki/summaries/summary_20200907_上海一中法院_类案裁判方法_类案裁判方法非法集资类案件的审理思路和裁判要点.md
NEW|sources/微信公号资料/上海一中法院/上海一中法院-类案裁判方法-md/[2020-09-21]类案裁判方法夫妻共同债务类案件的审理思路和裁判要点.md|wiki/summaries/summary_20200921_上海一中法院_类案裁判方法_类案裁判方法夫妻共同债务类案件的审理思路和裁判要点.md
NEW|sources/微信公号资料/上海一中法院/上海一中法院-类案裁判方法-md/[2020-10-12]类案裁判方法共有房屋买卖合同纠纷案件的审理思路和裁判要点.md|wiki/summaries/summary_20201012_上海一中法院_类案裁判方法_类案裁判方法共有房屋买卖合同纠纷案件的审理思路和裁判要点.md
NEW|sources/微信公号资料/上海一中法院/上海一中法院-类案裁判方法-md/[2020-10-26]类案裁判方法认罪供述得到印证型命案的审理思路和裁判要点.md|wiki/summaries/summary_20201026_上海一中法院_类案裁判方法_类案裁判方法认罪供述得到印证型命案的审理思路和裁判要点.md
NEW|sources/微信公号资料/上海一中法院/上海一中法院-类案裁判方法-md/[2020-11-10]类案裁判方法涉营运车辆保险责任案件的审理思路和裁判要点.md|wiki/summaries/summary_20201110_上海一中法院_类案裁判方法_类案裁判方法涉营运车辆保险责任案件的审理思路和裁判要点.md
NEW|sources/微信公号资料/上海一中法院/上海一中法院-类案裁判方法-md/[2020-11-23]类案裁判方法损害公司利益责任纠纷案件的审理思路和裁判要点.md|wiki/summaries/summary_20201123_上海一中法院_类案裁判方法_类案裁判方法损害公司利益责任纠纷案件的审理思路和裁判要点.md
NEW|sources/微信公号资料/上海一中法院/上海一中法院-类案裁判方法-md/[2020-12-07]类案裁判方法抚养纠纷类案件的审理思路和裁判要点.md|wiki/summaries/summary_20201207_上海一中法院_类案裁判方法_类案裁判方法抚养纠纷类案件的审理思路和裁判要点.md
NEW|sources/微信公号资料/上海一中法院/上海一中法院-类案裁判方法-md/[2020-12-21]类案裁判方法货运车辆挂靠经营合同纠纷的审理思路和裁判要点.md|wiki/summaries/summary_20201221_上海一中法院_类案裁判方法_类案裁判方法货运车辆挂靠经营合同纠纷的审理思路和裁判要点.md
NEW|sources/微信公号资料/上海一中法院/上海一中法院-类案裁判方法-md/[2021-01-04]类案裁判方法丨道路交通行政处罚案件的审理思路和裁判要点.md|wiki/summaries/summary_20210104_上海一中法院_类案裁判方法_类案裁判方法丨道路交通行政处罚案件的审理思路和裁判要点.md
NEW|sources/微信公号资料/上海一中法院/上海一中法院-类案裁判方法-md/[2021-01-18]类案裁判方法丨福利待遇纠纷类案件的审理思路和裁判要点.md|wiki/summaries/summary_20210118_上海一中法院_类案裁判方法_类案裁判方法丨福利待遇纠纷类案件的审理思路和裁判要点.md
NEW|sources/微信公号资料/上海一中法院/上海一中法院-类案裁判方法-md/[2021-02-22]提供劳务者受害责任纠纷案件的审理思路和裁判要点丨类案裁判方法.md|wiki/summaries/summary_20210222_上海一中法院_类案裁判方法_提供劳务者受害责任纠纷案件的审理思路和裁判要点丨类案裁判方法.md
NEW|sources/微信公号资料/上海一中法院/上海一中法院-类案裁判方法-md/[2021-03-22]企业借贷纠纷案件的审理思路和裁判要点丨类案裁判方法.md|wiki/summaries/summary_20210322_上海一中法院_类案裁判方法_企业借贷纠纷案件的审理思路和裁判要点丨类案裁判方法.md
NEW|sources/微信公号资料/上海一中法院/上海一中法院-类案裁判方法-md/[2021-04-12]民告官中的合同纠纷法官这样审丨类案裁判方法.md|wiki/summaries/summary_20210412_上海一中法院_类案裁判方法_民告官中的合同纠纷法官这样审丨类案裁判方法.md
NEW|sources/微信公号资料/上海一中法院/上海一中法院-类案裁判方法-md/[2021-05-10]企业承包经营合同纠纷案件的审理思路和裁判要点丨类案裁判方法.md|wiki/summaries/summary_20210510_上海一中法院_类案裁判方法_企业承包经营合同纠纷案件的审理思路和裁判要点丨类案裁判方法.md
NEW|sources/微信公号资料/上海一中法院/上海一中法院-类案裁判方法-md/[2021-05-24]以鉴定意见为由申请再审案件的审理思路和裁判要点丨类案裁判方法.md|wiki/summaries/summary_20210524_上海一中法院_类案裁判方法_以鉴定意见为由申请再审案件的审理思路和裁判要点丨类案裁判方法.md
NEW|sources/微信公号资料/上海一中法院/上海一中法院-类案裁判方法-md/[2021-06-07]事业单位人事争议案件的审理思路和裁判要点丨类案裁判方法.md|wiki/summaries/summary_20210607_上海一中法院_类案裁判方法_事业单位人事争议案件的审理思路和裁判要点丨类案裁判方法.md
NEW|sources/微信公号资料/上海一中法院/上海一中法院-类案裁判方法-md/[2021-06-28]医疗损害责任纠纷案件的审理思路和裁判要点丨类案裁判方法.md|wiki/summaries/summary_20210628_上海一中法院_类案裁判方法_医疗损害责任纠纷案件的审理思路和裁判要点丨类案裁判方法.md
NEW|sources/微信公号资料/上海一中法院/上海一中法院-类案裁判方法-md/[2021-07-12]行政驳回起诉案件的审理思路和裁判要点丨类案裁判方法.md|wiki/summaries/summary_20210712_上海一中法院_类案裁判方法_行政驳回起诉案件的审理思路和裁判要点丨类案裁判方法.md
NEW|sources/微信公号资料/上海一中法院/上海一中法院-类案裁判方法-md/[2021-11-08]借名买房纠纷案件的审理思路和裁判要点丨类案裁判方法.md|wiki/summaries/summary_20211108_上海一中法院_类案裁判方法_借名买房纠纷案件的审理思路和裁判要点丨类案裁判方法.md
NEW|sources/微信公号资料/上海一中法院/上海一中法院-类案裁判方法-md/[2021-11-22]电信网络诈骗类案件的审理思路和裁判要点丨类案裁判方法.md|wiki/summaries/summary_20211122_上海一中法院_类案裁判方法_电信网络诈骗类案件的审理思路和裁判要点丨类案裁判方法.md
NEW|sources/微信公号资料/上海一中法院/上海一中法院-类案裁判方法-md/[2021-12-06]分配方案执行异议之诉案件的审理思路和裁判要点丨类案裁判方法.md|wiki/summaries/summary_20211206_上海一中法院_类案裁判方法_分配方案执行异议之诉案件的审理思路和裁判要点丨类案裁判方法.md
NEW|sources/微信公号资料/上海一中法院/上海一中法院-类案裁判方法-md/[2022-02-08]离婚后财产纠纷案件的审理思路和裁判要点丨类案裁判方法.md|wiki/summaries/summary_20220208_上海一中法院_类案裁判方法_离婚后财产纠纷案件的审理思路和裁判要点丨类案裁判方法.md
NEW|sources/微信公号资料/上海一中法院/上海一中法院-类案裁判方法-md/[2022-02-22]案外人执行异议之诉案件的审理思路和裁判要点丨类案裁判方法.md|wiki/summaries/summary_20220222_上海一中法院_类案裁判方法_案外人执行异议之诉案件的审理思路和裁判要点丨类案裁判方法.md
NEW|sources/微信公号资料/上海一中法院/上海一中法院-类案裁判方法-md/[2022-03-14]股东出资加速到期纠纷案件的审理思路和裁判要点丨类案裁判方法.md|wiki/summaries/summary_20220314_上海一中法院_类案裁判方法_股东出资加速到期纠纷案件的审理思路和裁判要点丨类案裁判方法.md
NEW|sources/微信公号资料/上海一中法院/上海一中法院-类案裁判方法-md/[2022-03-28]民间委托理财合同纠纷案件的审理思路和裁判要点丨类案裁判方法.md|wiki/summaries/summary_20220328_上海一中法院_类案裁判方法_民间委托理财合同纠纷案件的审理思路和裁判要点丨类案裁判方法.md
NEW|sources/微信公号资料/上海一中法院/上海一中法院-类案裁判方法-md/[2022-05-31]操纵证券市场犯罪案件的审理思路和裁判要点丨类案裁判方法.md|wiki/summaries/summary_20220531_上海一中法院_类案裁判方法_操纵证券市场犯罪案件的审理思路和裁判要点丨类案裁判方法.md
NEW|sources/微信公号资料/上海一中法院/上海一中法院-类案裁判方法-md/[2022-08-15]市场监督管理行政案件的审理思路和裁判要点丨类案裁判方法.md|wiki/summaries/summary_20220815_上海一中法院_类案裁判方法_市场监督管理行政案件的审理思路和裁判要点丨类案裁判方法.md
NEW|sources/微信公号资料/上海一中法院/上海一中法院-类案裁判方法-md/[2022-09-19]民事诉讼合并之诉受理的审查思路和裁判要点丨类案裁判方法.md|wiki/summaries/summary_20220919_上海一中法院_类案裁判方法_民事诉讼合并之诉受理的审查思路和裁判要点丨类案裁判方法.md
NEW|sources/微信公号资料/上海一中法院/上海一中法院-类案裁判方法-md/[2022-11-07]服务合同纠纷案件的审理思路和裁判要点丨类案裁判方法.md|wiki/summaries/summary_20221107_上海一中法院_类案裁判方法_服务合同纠纷案件的审理思路和裁判要点丨类案裁判方法.md
NEW|sources/微信公号资料/上海一中法院/上海一中法院-类案裁判方法-md/[2023-01-10]共同侵权民事纠纷案件的审理思路和裁判要点丨类案裁判方法.md|wiki/summaries/summary_20230110_上海一中法院_类案裁判方法_共同侵权民事纠纷案件的审理思路和裁判要点丨类案裁判方法.md
NEW|sources/微信公号资料/上海一中法院/上海一中法院-类案裁判方法-md/[2023-01-16]普通买卖合同纠纷案件的审理思路和裁判要点类案裁判方法.md|wiki/summaries/summary_20230116_上海一中法院_类案裁判方法_普通买卖合同纠纷案件的审理思路和裁判要点类案裁判方法.md
NEW|sources/微信公号资料/上海一中法院/上海一中法院-类案裁判方法-md/[2023-01-30]贩卖毒品案件的审理思路和裁判要点类案裁判方法.md|wiki/summaries/summary_20230130_上海一中法院_类案裁判方法_贩卖毒品案件的审理思路和裁判要点类案裁判方法.md
NEW|sources/微信公号资料/上海一中法院/上海一中法院-类案裁判方法-md/[2023-02-06]以房抵债型房屋买卖合同纠纷案件的审理思路和裁判要点类案裁判方法.md|wiki/summaries/summary_20230206_上海一中法院_类案裁判方法_以房抵债型房屋买卖合同纠纷案件的审理思路和裁判要点类案裁判方法.md
NEW|sources/微信公号资料/上海一中法院/上海一中法院-类案裁判方法-md/[2023-02-27]组织卖淫协助组织卖淫案件的审理思路和裁判要点类案裁判方法.md|wiki/summaries/summary_20230227_上海一中法院_类案裁判方法_组织卖淫协助组织卖淫案件的审理思路和裁判要点类案裁判方法.md
NEW|sources/微信公号资料/上海一中法院/上海一中法院-类案裁判方法-md/[2023-03-13]聚众斗殴案件的审理思路和裁判要点类案裁判方法.md|wiki/summaries/summary_20230313_上海一中法院_类案裁判方法_聚众斗殴案件的审理思路和裁判要点类案裁判方法.md
NEW|sources/微信公号资料/上海一中法院/上海一中法院-类案裁判方法-md/[2023-03-20]履行法定职责案件的审理思路和裁判要点类案裁判方法.md|wiki/summaries/summary_20230320_上海一中法院_类案裁判方法_履行法定职责案件的审理思路和裁判要点类案裁判方法.md
NEW|sources/微信公号资料/上海一中法院/上海一中法院-类案裁判方法-md/[2023-03-27]离婚损害赔偿案件的审理思路和裁判要点类案裁判方法.md|wiki/summaries/summary_20230327_上海一中法院_类案裁判方法_离婚损害赔偿案件的审理思路和裁判要点类案裁判方法.md
NEW|sources/微信公号资料/上海一中法院/上海一中法院-类案裁判方法-md/[2023-04-10]商品房买卖合同装修质量纠纷案件的审理思路和裁判要点类案裁判方法.md|wiki/summaries/summary_20230410_上海一中法院_类案裁判方法_商品房买卖合同装修质量纠纷案件的审理思路和裁判要点类案裁判方法.md
NEW|sources/微信公号资料/上海一中法院/上海一中法院-类案裁判方法-md/[2023-05-15]不当得利纠纷案件的审理思路和裁判要点类案裁判方法.md|wiki/summaries/summary_20230515_上海一中法院_类案裁判方法_不当得利纠纷案件的审理思路和裁判要点类案裁判方法.md
NEW|sources/微信公号资料/上海一中法院/上海一中法院-类案裁判方法-md/[2023-07-10]认定重复起诉纠纷案件的审理思路和裁判要点类案裁判方法.md|wiki/summaries/summary_20230710_上海一中法院_类案裁判方法_认定重复起诉纠纷案件的审理思路和裁判要点类案裁判方法.md
NEW|sources/微信公号资料/上海一中法院/上海一中法院-类案裁判方法-md/[2023-09-18]涉公民个人信息类刑事案件的审理思路和裁判要点类案裁判方法.md|wiki/summaries/summary_20230918_上海一中法院_类案裁判方法_涉公民个人信息类刑事案件的审理思路和裁判要点类案裁判方法.md
NEW|sources/微信公号资料/上海一中法院/上海一中法院-类案裁判方法-md/[2023-10-09]计算机信息系统类刑事案件的审理思路和裁判要点类案裁判方法.md|wiki/summaries/summary_20231009_上海一中法院_类案裁判方法_计算机信息系统类刑事案件的审理思路和裁判要点类案裁判方法.md
NEW|sources/微信公号资料/上海一中法院/上海一中法院-类案裁判方法-md/[2023-10-30]委托合同纠纷案件的审理思路和裁判要点类案裁判方法.md|wiki/summaries/summary_20231030_上海一中法院_类案裁判方法_委托合同纠纷案件的审理思路和裁判要点类案裁判方法.md
NEW|sources/微信公号资料/上海一中法院/上海一中法院-类案裁判方法-md/[2023-11-06]合同诈骗案件的审理思路和裁判要点类案裁判方法.md|wiki/summaries/summary_20231106_上海一中法院_类案裁判方法_合同诈骗案件的审理思路和裁判要点类案裁判方法.md
NEW|sources/微信公号资料/上海一中法院/上海一中法院-类案裁判方法-md/[2023-11-13]承揽合同纠纷案件的审理思路和裁判要点类案裁判方法.md|wiki/summaries/summary_20231113_上海一中法院_类案裁判方法_承揽合同纠纷案件的审理思路和裁判要点类案裁判方法.md
NEW|sources/微信公号资料/上海一中法院/上海一中法院-类案裁判方法-md/[2023-11-20]涉外商事纠纷法律适用的审理思路和裁判要点类案裁判方法.md|wiki/summaries/summary_20231120_上海一中法院_类案裁判方法_涉外商事纠纷法律适用的审理思路和裁判要点类案裁判方法.md
NEW|sources/微信公号资料/上海一中法院/上海一中法院-类案裁判方法-md/[2023-11-27]遗嘱继承纠纷案件的审理思路和裁判要点类案裁判方法.md|wiki/summaries/summary_20231127_上海一中法院_类案裁判方法_遗嘱继承纠纷案件的审理思路和裁判要点类案裁判方法.md
NEW|sources/微信公号资料/上海一中法院/上海一中法院-类案裁判方法-md/[2023-12-11]国有土地上房屋征收补偿协议纠纷案件的审理思路和裁判要点类案裁判方法.md|wiki/summaries/summary_20231211_上海一中法院_类案裁判方法_国有土地上房屋征收补偿协议纠纷案件的审理思路和裁判要点类案裁判方法.md
NEW|sources/微信公号资料/上海一中法院/上海一中法院-类案裁判方法-md/[2023-12-18]公司决议效力纠纷案件的审理思路和裁判要点类案裁判方法.md|wiki/summaries/summary_20231218_上海一中法院_类案裁判方法_公司决议效力纠纷案件的审理思路和裁判要点类案裁判方法.md
NEW|sources/微信公号资料/上海一中法院/上海一中法院-类案裁判方法-md/[2024-01-15]离婚案件中夫妻共有房屋分割的审理思路和裁判要点类案裁判方法.md|wiki/summaries/summary_20240115_上海一中法院_类案裁判方法_离婚案件中夫妻共有房屋分割的审理思路和裁判要点类案裁判方法.md
NEW|sources/微信公号资料/上海一中法院/上海一中法院-类案裁判方法-md/[2024-01-22]债权人撤销权纠纷案件的审理思路和裁判要点类案裁判方法.md|wiki/summaries/summary_20240122_上海一中法院_类案裁判方法_债权人撤销权纠纷案件的审理思路和裁判要点类案裁判方法.md
NEW|sources/微信公号资料/上海一中法院/上海一中法院-类案裁判方法-md/[2024-02-19]执行案件中涉上市公司股票司法处置的办理思路和执行要点.md|wiki/summaries/summary_20240219_上海一中法院_类案裁判方法_执行案件中涉上市公司股票司法处置的办理思路和执行要点.md
NEW|sources/微信公号资料/上海一中法院/上海一中法院-类案裁判方法-md/[2024-02-27]对赌协议纠纷案件的审理思路和裁判要点类案裁判方法.md|wiki/summaries/summary_20240227_上海一中法院_类案裁判方法_对赌协议纠纷案件的审理思路和裁判要点类案裁判方法.md
NEW|sources/微信公号资料/上海一中法院/上海一中法院-类案裁判方法-md/[2024-04-10]公司证照返还纠纷案件的审理思路和裁判要点类案裁判方法.md|wiki/summaries/summary_20240410_上海一中法院_类案裁判方法_公司证照返还纠纷案件的审理思路和裁判要点类案裁判方法.md
NEW|sources/微信公号资料/上海一中法院/上海一中法院-类案裁判方法-md/[2024-07-22]公证债权文书执行案件的审理思路和裁判要点类案裁判方法.md|wiki/summaries/summary_20240722_上海一中法院_类案裁判方法_公证债权文书执行案件的审理思路和裁判要点类案裁判方法.md
NEW|sources/微信公号资料/上海一中法院/上海一中法院-类案裁判方法-md/[2024-08-26]涉互联网平台骑手确认劳动关系纠纷案件的审理思路和裁判要点类案裁判方法.md|wiki/summaries/summary_20240826_上海一中法院_类案裁判方法_涉互联网平台骑手确认劳动关系纠纷案件的审理思路和裁判要点类案裁判方法.md
NEW|sources/微信公号资料/上海一中法院/上海一中法院-类案裁判方法-md/[2024-09-02]执行案件中涉动产处置的办理思路和执行要点类案裁判方法.md|wiki/summaries/summary_20240902_上海一中法院_类案裁判方法_执行案件中涉动产处置的办理思路和执行要点类案裁判方法.md
NEW|sources/微信公号资料/上海一中法院/上海一中法院-类案裁判方法-md/[2025-02-06]行政非诉执行司法审查案件的审理思路和裁判要点类案裁判方法.md|wiki/summaries/summary_20250206_上海一中法院_类案裁判方法_行政非诉执行司法审查案件的审理思路和裁判要点类案裁判方法.md
NEW|sources/微信公号资料/上海一中法院/上海一中法院-类案裁判方法-md/[2025-04-28]涉非婚同居类纠纷案件的审理思路和裁判要点类案裁判方法.md|wiki/summaries/summary_20250428_上海一中法院_类案裁判方法_涉非婚同居类纠纷案件的审理思路和裁判要点类案裁判方法.md
NEW|sources/微信公号资料/上海一中法院/上海一中法院-类案裁判方法-md/[2025-06-09]赡养纠纷类案件的审理思路和裁判要点类案裁判方法.md|wiki/summaries/summary_20250609_上海一中法院_类案裁判方法_赡养纠纷类案件的审理思路和裁判要点类案裁判方法.md
NEW|sources/微信公号资料/上海一中法院/上海一中法院-类案裁判方法-md/[2025-08-18]涉外涉港澳台公司类案件准据法查明及适用的审理思路和裁判要点类案裁判方法.md|wiki/summaries/summary_20250818_上海一中法院_类案裁判方法_涉外涉港澳台公司类案件准据法查明及适用的审理思路和裁判要点类案裁判方法.md
NEW|sources/微信公号资料/上海一中法院/上海一中法院-衡石·观点-md/[2025-01-03]周峰房屋租赁合同部分法律问题解析衡石观点.md|wiki/summaries/summary_20250103_上海一中法院_衡石·观点_周峰房屋租赁合同部分法律问题解析衡石观点.md
NEW|sources/微信公号资料/上海一中法院/上海一中法院-衡石·观点-md/[2025-01-13]王剑平竞业限制纠纷部分法律问题解析衡石观点.md|wiki/summaries/summary_20250113_上海一中法院_衡石·观点_王剑平竞业限制纠纷部分法律问题解析衡石观点.md
NEW|sources/微信公号资料/上海一中法院/上海一中法院-衡石·观点-md/[2025-02-11]乔林地域管辖部分法律问题解析衡石观点.md|wiki/summaries/summary_20250211_上海一中法院_衡石·观点_乔林地域管辖部分法律问题解析衡石观点.md
NEW|sources/微信公号资料/上海一中法院/上海一中法院-衡石·观点-md/[2025-03-04]吴慧琼股东行使优先购买权的法律问题解析衡石观点.md|wiki/summaries/summary_20250304_上海一中法院_衡石·观点_吴慧琼股东行使优先购买权的法律问题解析衡石观点.md
NEW|sources/微信公号资料/上海一中法院/上海一中法院-衡石·观点-md/[2025-03-31]卢颖房屋买卖合同纠纷部分法律问题解析衡石观点.md|wiki/summaries/summary_20250331_上海一中法院_衡石·观点_卢颖房屋买卖合同纠纷部分法律问题解析衡石观点.md
NEW|sources/微信公号资料/上海一中法院/上海一中法院-衡石·观点-md/[2025-05-12]徐芬业主知情权部分法律问题解析衡石观点.md|wiki/summaries/summary_20250512_上海一中法院_衡石·观点_徐芬业主知情权部分法律问题解析衡石观点.md
NEW|sources/微信公号资料/上海一中法院/上海一中法院-衡石·观点-md/[2025-07-08]孙少君结算型民间借贷纠纷部分法律问题解析衡石观点.md|wiki/summaries/summary_20250708_上海一中法院_衡石·观点_孙少君结算型民间借贷纠纷部分法律问题解析衡石观点.md
NEW|sources/微信公号资料/上海一中法院/上海一中法院-衡石·观点-md/[2025-07-21]任明艳债权人代位权纠纷部分法律问题解析衡石观点.md|wiki/summaries/summary_20250721_上海一中法院_衡石·观点_任明艳债权人代位权纠纷部分法律问题解析衡石观点.md
NEW|sources/微信公号资料/上海一中法院/上海一中法院-衡石·观点-md/[2025-08-11]蒋克勤涉网络预约汽车交通事故责任纠纷部分法律问题解析衡石观点.md|wiki/summaries/summary_20250811_上海一中法院_衡石·观点_蒋克勤涉网络预约汽车交通事故责任纠纷部分法律问题解析衡石观点.md
NEW|sources/微信公号资料/上海一中法院/上海一中法院-衡石·观点-md/[2025-10-14]共同诉讼的管辖确定衡石观点.md|wiki/summaries/summary_20251014_上海一中法院_衡石·观点_共同诉讼的管辖确定衡石观点.md
NEW|sources/微信公号资料/上海一中法院/上海一中法院-衡石·观点-md/[2025-12-08]王剑平劳动争议中适用情势变更制度部分法律问题解析衡石观点.md|wiki/summaries/summary_20251208_上海一中法院_衡石·观点_王剑平劳动争议中适用情势变更制度部分法律问题解析衡石观点.md
NEW|sources/微信公号资料/上海一中法院/上海一中法院-衡石·观点-md/[2025-12-15]宁博行政处罚的核心特征解析衡石观点.md|wiki/summaries/summary_20251215_上海一中法院_衡石·观点_宁博行政处罚的核心特征解析衡石观点.md
NEW|sources/微信公号资料/上海一中法院/上海一中法院-衡石·观点-md/[2026-01-14]何建二审改判背后的利益衡量衡石观点.md|wiki/summaries/summary_20260114_上海一中法院_衡石·观点_何建二审改判背后的利益衡量衡石观点.md
NEW|sources/微信公号资料/上海二中院/上海二中院-至正开放麦-md/[2023-02-03]会计凭证能不能查这是个问题至正开放麦.md|wiki/summaries/summary_20230203_上海二中院_至正开放麦_会计凭证能不能查这是个问题至正开放麦.md
NEW|sources/微信公号资料/上海二中院/上海二中院-至正开放麦-md/[2023-02-10]买二手房遇到无权代理人谁来承担责任至正开放麦.md|wiki/summaries/summary_20230210_上海二中院_至正开放麦_买二手房遇到无权代理人谁来承担责任至正开放麦.md
NEW|sources/微信公号资料/上海二中院/上海二中院-至正开放麦-md/[2023-02-17]违约方起诉解除合同的诉讼中需注意哪些问题至正开放麦.md|wiki/summaries/summary_20230217_上海二中院_至正开放麦_违约方起诉解除合同的诉讼中需注意哪些问题至正开放麦.md
NEW|sources/微信公号资料/上海二中院/上海二中院-至正开放麦-md/[2023-03-02]合同诈骗罪与诈骗罪的区分终于说清楚了至正开放麦.md|wiki/summaries/summary_20230302_上海二中院_至正开放麦_合同诈骗罪与诈骗罪的区分终于说清楚了至正开放麦.md
NEW|sources/微信公号资料/上海二中院/上海二中院-至正开放麦-md/[2023-03-10]当租房遭遇纠纷这个时间点你必须知道至正开放麦.md|wiki/summaries/summary_20230310_上海二中院_至正开放麦_当租房遭遇纠纷这个时间点你必须知道至正开放麦.md
NEW|sources/微信公号资料/上海二中院/上海二中院-至正开放麦-md/[2023-03-17]公房征收中谁是共同居住人至正开放麦.md|wiki/summaries/summary_20230317_上海二中院_至正开放麦_公房征收中谁是共同居住人至正开放麦.md
NEW|sources/微信公号资料/上海二中院/上海二中院-至正开放麦-md/[2023-03-24]婚前与父母共有的房产离婚时配偶能否来分至正开放麦.md|wiki/summaries/summary_20230324_上海二中院_至正开放麦_婚前与父母共有的房产离婚时配偶能否来分至正开放麦.md
NEW|sources/微信公号资料/上海二中院/上海二中院-至正开放麦-md/[2023-03-31]同样是殴打他人为什么处罚结果不一样至正开放麦.md|wiki/summaries/summary_20230331_上海二中院_至正开放麦_同样是殴打他人为什么处罚结果不一样至正开放麦.md
NEW|sources/微信公号资料/上海二中院/上海二中院-至正开放麦-md/[2023-04-07]投诉举报人都有行政诉讼原告资格吗至正开放麦.md|wiki/summaries/summary_20230407_上海二中院_至正开放麦_投诉举报人都有行政诉讼原告资格吗至正开放麦.md
NEW|sources/微信公号资料/上海二中院/上海二中院-至正开放麦-md/[2023-04-13]如何认定约定管辖中的争议标的至正开放麦.md|wiki/summaries/summary_20230413_上海二中院_至正开放麦_如何认定约定管辖中的争议标的至正开放麦.md
NEW|sources/微信公号资料/上海二中院/上海二中院-至正开放麦-md/[2023-04-21]建设工程合同的效力如何审查至正开放麦.md|wiki/summaries/summary_20230421_上海二中院_至正开放麦_建设工程合同的效力如何审查至正开放麦.md
NEW|sources/微信公号资料/上海二中院/上海二中院-至正开放麦-md/[2023-04-26]债权人可以参与分配哪些被执行人的财产至正开放麦.md|wiki/summaries/summary_20230426_上海二中院_至正开放麦_债权人可以参与分配哪些被执行人的财产至正开放麦.md
NEW|sources/微信公号资料/上海二中院/上海二中院-至正开放麦-md/[2023-05-05]这些不赡养老人的理由成立吗至正开放麦.md|wiki/summaries/summary_20230505_上海二中院_至正开放麦_这些不赡养老人的理由成立吗至正开放麦.md
NEW|sources/微信公号资料/上海二中院/上海二中院-至正开放麦-md/[2023-05-19]企业负债经营过程中有哪些潜在的诈骗风险至正开放麦.md|wiki/summaries/summary_20230519_上海二中院_至正开放麦_企业负债经营过程中有哪些潜在的诈骗风险至正开放麦.md
NEW|sources/微信公号资料/上海二中院/上海二中院-至正开放麦-md/[2023-05-26]父母为子女购房的出资应如何认定至正开放麦.md|wiki/summaries/summary_20230526_上海二中院_至正开放麦_父母为子女购房的出资应如何认定至正开放麦.md
NEW|sources/微信公号资料/上海二中院/上海二中院-至正开放麦-md/[2023-06-02]你是否成了网络黑灰产业链的一环至正开放麦.md|wiki/summaries/summary_20230602_上海二中院_至正开放麦_你是否成了网络黑灰产业链的一环至正开放麦.md
NEW|sources/微信公号资料/上海二中院/上海二中院-至正开放麦-md/[2023-06-09]你了解合同的任意解除权吗至正开放麦.md|wiki/summaries/summary_20230609_上海二中院_至正开放麦_你了解合同的任意解除权吗至正开放麦.md
NEW|sources/微信公号资料/上海二中院/上海二中院-至正开放麦-md/[2023-06-28]认定劳动关系需要具备合意吗至正开放麦.md|wiki/summaries/summary_20230628_上海二中院_至正开放麦_认定劳动关系需要具备合意吗至正开放麦.md
NEW|sources/微信公号资料/上海二中院/上海二中院-至正开放麦-md/[2023-07-05]从一份人身安全保护令看隐私权保护至正开放麦.md|wiki/summaries/summary_20230705_上海二中院_至正开放麦_从一份人身安全保护令看隐私权保护至正开放麦.md
NEW|sources/微信公号资料/上海二中院/上海二中院-至正开放麦-md/[2023-07-13]金融行业员工离职时能否主张一次性支付延期奖金至正开放麦.md|wiki/summaries/summary_20230713_上海二中院_至正开放麦_金融行业员工离职时能否主张一次性支付延期奖金至正开放麦.md
NEW|sources/微信公号资料/上海二中院/上海二中院-至正开放麦-md/[2023-07-21]混合担保中担保责任如何承担至正开放麦.md|wiki/summaries/summary_20230721_上海二中院_至正开放麦_混合担保中担保责任如何承担至正开放麦.md
NEW|sources/微信公号资料/上海二中院/上海二中院-至正开放麦-md/[2023-07-27]开在小区里的民宿合法吗至正开放麦.md|wiki/summaries/summary_20230727_上海二中院_至正开放麦_开在小区里的民宿合法吗至正开放麦.md
NEW|sources/微信公号资料/上海二中院/上海二中院-至正开放麦-md/[2023-08-04]姓名权与商标权的冲突及解决至正开放麦.md|wiki/summaries/summary_20230804_上海二中院_至正开放麦_姓名权与商标权的冲突及解决至正开放麦.md
NEW|sources/微信公号资料/上海二中院/上海二中院-至正开放麦-md/[2023-08-11]责令限期拆除违法建筑属于行政处罚行为吗至正开放麦.md|wiki/summaries/summary_20230811_上海二中院_至正开放麦_责令限期拆除违法建筑属于行政处罚行为吗至正开放麦.md
NEW|sources/微信公号资料/上海二中院/上海二中院-至正开放麦-md/[2023-08-18]经营者沉默欺诈应如何认定至正开放麦.md|wiki/summaries/summary_20230818_上海二中院_至正开放麦_经营者沉默欺诈应如何认定至正开放麦.md
NEW|sources/微信公号资料/上海二中院/上海二中院-至正开放麦-md/[2023-08-31]连带之债的债务人必须共同被诉吗至正开放麦.md|wiki/summaries/summary_20230831_上海二中院_至正开放麦_连带之债的债务人必须共同被诉吗至正开放麦.md
NEW|sources/微信公号资料/上海二中院/上海二中院-至正开放麦-md/[2023-09-15]遭遇家庭暴力你还有这件武器至正开放麦.md|wiki/summaries/summary_20230915_上海二中院_至正开放麦_遭遇家庭暴力你还有这件武器至正开放麦.md
NEW|sources/微信公号资料/上海二中院/上海二中院-至正开放麦-md/[2023-09-22]公司法修订后违法减资股东责任会有不同吗至正开放麦.md|wiki/summaries/summary_20230922_上海二中院_至正开放麦_公司法修订后违法减资股东责任会有不同吗至正开放麦.md
NEW|sources/微信公号资料/上海二中院/上海二中院-至正开放麦-md/[2023-10-13]什么情况下彩礼需要返还至正开放麦.md|wiki/summaries/summary_20231013_上海二中院_至正开放麦_什么情况下彩礼需要返还至正开放麦.md
NEW|sources/微信公号资料/上海二中院/上海二中院-至正开放麦-md/[2023-10-20]如何防范经营用房租赁过程中的法律风险至正开放麦.md|wiki/summaries/summary_20231020_上海二中院_至正开放麦_如何防范经营用房租赁过程中的法律风险至正开放麦.md
NEW|sources/微信公号资料/上海二中院/上海二中院-至正开放麦-md/[2023-10-26]从20年前邮政储蓄所抢劫案谈核准追诉所须具备的条件至正开放麦.md|wiki/summaries/summary_20231026_上海二中院_至正开放麦_从20年前邮政储蓄所抢劫案谈核准追诉所须具备的条件至正开放麦.md
NEW|sources/微信公号资料/上海二中院/上海二中院-至正开放麦-md/[2023-11-03]为何被抓获到案也能认定为自首至正开放麦.md|wiki/summaries/summary_20231103_上海二中院_至正开放麦_为何被抓获到案也能认定为自首至正开放麦.md
NEW|sources/微信公号资料/上海二中院/上海二中院-至正开放麦-md/[2023-11-10]你了解虚拟盘交易吗至正开放麦.md|wiki/summaries/summary_20231110_上海二中院_至正开放麦_你了解虚拟盘交易吗至正开放麦.md
NEW|sources/微信公号资料/上海二中院/上海二中院-至正开放麦-md/[2023-11-24]资金跨国境兑付变相买卖外汇的刑事规制至正开放麦.md|wiki/summaries/summary_20231124_上海二中院_至正开放麦_资金跨国境兑付变相买卖外汇的刑事规制至正开放麦.md
NEW|sources/微信公号资料/上海二中院/上海二中院-至正开放麦-md/[2023-11-30]影视投资应注意哪些事项至正开放麦.md|wiki/summaries/summary_20231130_上海二中院_至正开放麦_影视投资应注意哪些事项至正开放麦.md
NEW|sources/微信公号资料/上海二中院/上海二中院-至正开放麦-md/[2023-12-14]经济性裁员应注意哪些法律问题至正开放麦.md|wiki/summaries/summary_20231214_上海二中院_至正开放麦_经济性裁员应注意哪些法律问题至正开放麦.md
NEW|sources/微信公号资料/上海二中院/上海二中院-至正开放麦-md/[2023-12-19]申请撤销仲裁裁决的正确路径至正开放麦.md|wiki/summaries/summary_20231219_上海二中院_至正开放麦_申请撤销仲裁裁决的正确路径至正开放麦.md
NEW|sources/微信公号资料/上海二中院/上海二中院-至正开放麦-md/[2024-01-19]新公司法公司资本制度的三则代表性修订至正开放麦.md|wiki/summaries/summary_20240119_上海二中院_至正开放麦_新公司法公司资本制度的三则代表性修订至正开放麦.md
NEW|sources/微信公号资料/上海二中院/上海二中院-至正开放麦-md/[2024-02-22]新公司法资本流出规则的变化至正开放麦.md|wiki/summaries/summary_20240222_上海二中院_至正开放麦_新公司法资本流出规则的变化至正开放麦.md
NEW|sources/微信公号资料/上海二中院/上海二中院-至正开放麦-md/[2024-03-22]新公司法内部治理优化的代表性制度至正开放麦.md|wiki/summaries/summary_20240322_上海二中院_至正开放麦_新公司法内部治理优化的代表性制度至正开放麦.md
NEW|sources/微信公号资料/上海二中院/上海二中院-至正开放麦-md/[2024-03-29]新公司法有限责任公司股权转让制度的变化至正开放麦.md|wiki/summaries/summary_20240329_上海二中院_至正开放麦_新公司法有限责任公司股权转让制度的变化至正开放麦.md
NEW|sources/微信公号资料/上海二中院/上海二中院-至正开放麦-md/[2024-04-30]新公司法公司退出市场的规范指引至正开放麦.md|wiki/summaries/summary_20240430_上海二中院_至正开放麦_新公司法公司退出市场的规范指引至正开放麦.md
NEW|sources/微信公号资料/上海二中院/上海二中院-至正开放麦-md/[2024-05-10]合同编通则司法解释预约合同及其违约责任的司法认定至正开放麦.md|wiki/summaries/summary_20240510_上海二中院_至正开放麦_合同编通则司法解释预约合同及其违约责任的司法认定至正开放麦.md
NEW|sources/微信公号资料/上海二中院/上海二中院-至正开放麦-md/[2024-05-16]合同编通则司法解释合同无效法律后果的若干适用难点至正开放麦.md|wiki/summaries/summary_20240516_上海二中院_至正开放麦_合同编通则司法解释合同无效法律后果的若干适用难点至正开放麦.md
NEW|sources/微信公号资料/上海二中院/上海二中院-至正开放麦-md/[2024-05-31]合同编通则司法解释违约损失赔偿如何计算至正开放麦.md|wiki/summaries/summary_20240531_上海二中院_至正开放麦_合同编通则司法解释违约损失赔偿如何计算至正开放麦.md
NEW|sources/微信公号资料/上海二中院/上海二中院-至正开放麦-md/[2024-06-07]合同编通则司法解释债务人不当减损财产的认定与撤销至正开放麦.md|wiki/summaries/summary_20240607_上海二中院_至正开放麦_合同编通则司法解释债务人不当减损财产的认定与撤销至正开放麦.md
NEW|sources/微信公号资料/上海二中院/上海二中院-至正开放麦-md/[2024-06-14]合同编通则司法解释债权人代位权制度的主要变化至正开放麦.md|wiki/summaries/summary_20240614_上海二中院_至正开放麦_合同编通则司法解释债权人代位权制度的主要变化至正开放麦.md
NEW|sources/微信公号资料/上海二中院/上海二中院-至正开放麦-md/[2024-07-05]刑法修正案十二如何理解非法经营同类营业罪的构成要件至正开放麦.md|wiki/summaries/summary_20240705_上海二中院_至正开放麦_刑法修正案十二如何理解非法经营同类营业罪的构成要件至正开放麦.md
NEW|sources/微信公号资料/上海二中院/上海二中院-至正开放麦-md/[2024-07-19]刑法修正案十二如何理解为亲友非法牟利罪的构成要件至正开放麦.md|wiki/summaries/summary_20240719_上海二中院_至正开放麦_刑法修正案十二如何理解为亲友非法牟利罪的构成要件至正开放麦.md
NEW|sources/微信公号资料/上海二中院/上海二中院-至正开放麦-md/[2024-07-26]刑法修正案十二徇私舞弊低价折股出售国有资产罪的理解与适用至正开放麦.md|wiki/summaries/summary_20240726_上海二中院_至正开放麦_刑法修正案十二徇私舞弊低价折股出售国有资产罪的理解与适用至正开放麦.md
NEW|sources/微信公号资料/上海二中院/上海二中院-至正开放麦-md/[2024-08-16]刑法修正案十二宽严相济基础上强化对行贿犯罪的惩处至正开放麦.md|wiki/summaries/summary_20240816_上海二中院_至正开放麦_刑法修正案十二宽严相济基础上强化对行贿犯罪的惩处至正开放麦.md
NEW|sources/微信公号资料/上海二中院/上海二中院-至正开放麦-md/[2024-10-12]洗钱罪的法律规制与应用至正开放麦.md|wiki/summaries/summary_20241012_上海二中院_至正开放麦_洗钱罪的法律规制与应用至正开放麦.md
NEW|sources/微信公号资料/上海二中院/上海二中院-至正开放麦-md/[2024-10-18]三撤中主体与实体要件的认定至正开放麦.md|wiki/summaries/summary_20241018_上海二中院_至正开放麦_三撤中主体与实体要件的认定至正开放麦.md
NEW|sources/微信公号资料/上海二中院/上海二中院-至正开放麦-md/[2024-10-25]新公司法董事监事及高管的责任变化至正开放麦马鞍山中院.md|wiki/summaries/summary_20241025_上海二中院_至正开放麦_新公司法董事监事及高管的责任变化至正开放麦马鞍山中院.md
NEW|sources/微信公号资料/上海二中院/上海二中院-至正开放麦-md/[2024-11-01]违约方合同解除权的适用条件至正开放麦马鞍山中院.md|wiki/summaries/summary_20241101_上海二中院_至正开放麦_违约方合同解除权的适用条件至正开放麦马鞍山中院.md
NEW|sources/微信公号资料/上海二中院/上海二中院-至正开放麦-md/[2024-11-08]以拆代征类案的识别与审查规制至正开放麦马鞍山中院.md|wiki/summaries/summary_20241108_上海二中院_至正开放麦_以拆代征类案的识别与审查规制至正开放麦马鞍山中院.md
NEW|sources/微信公号资料/上海二中院/上海二中院-至正开放麦-md/[2024-11-14]特许经营合同的性质如何认定至正开放麦泰州中院.md|wiki/summaries/summary_20241114_上海二中院_至正开放麦_特许经营合同的性质如何认定至正开放麦泰州中院.md
NEW|sources/微信公号资料/上海二中院/上海二中院-至正开放麦-md/[2024-11-22]特定关系人收受财物的定性辨析至正开放麦泰州中院.md|wiki/summaries/summary_20241122_上海二中院_至正开放麦_特定关系人收受财物的定性辨析至正开放麦泰州中院.md
NEW|sources/微信公号资料/上海二中院/上海二中院-至正开放麦-md/[2024-12-13]循环贸易中的通道方责任至正开放麦泰州中院.md|wiki/summaries/summary_20241213_上海二中院_至正开放麦_循环贸易中的通道方责任至正开放麦泰州中院.md
NEW|sources/微信公号资料/上海二中院/上海二中院-至正开放麦-md/[2024-12-26]实际施工人的权利保障至正开放麦泰州中院.md|wiki/summaries/summary_20241226_上海二中院_至正开放麦_实际施工人的权利保障至正开放麦泰州中院.md
NEW|sources/微信公号资料/上海二中院/上海二中院-至正开放麦-md/[2025-01-03]定金规则的理解与适用至正开放麦泰州中院.md|wiki/summaries/summary_20250103_上海二中院_至正开放麦_定金规则的理解与适用至正开放麦泰州中院.md
NEW|sources/微信公号资料/上海二中院/上海二中院-至正开放麦-md/[2025-01-17]如何认定虚开增值税专用发票罪至正开放麦上海财经大学.md|wiki/summaries/summary_20250117_上海二中院_至正开放麦_如何认定虚开增值税专用发票罪至正开放麦上海财经大学.md
NEW|sources/微信公号资料/上海二中院/上海二中院-至正开放麦-md/[2025-02-07]竞业限制纠纷中如何认定竞争关系至正开放麦上海财经大学.md|wiki/summaries/summary_20250207_上海二中院_至正开放麦_竞业限制纠纷中如何认定竞争关系至正开放麦上海财经大学.md
NEW|sources/微信公号资料/上海二中院/上海二中院-至正开放麦-md/[2025-02-13]如何理解违反公序良俗赠与条款至正开放麦上海财经大学.md|wiki/summaries/summary_20250213_上海二中院_至正开放麦_如何理解违反公序良俗赠与条款至正开放麦上海财经大学.md
NEW|sources/微信公号资料/上海二中院/上海二中院-至正开放麦-md/[2025-03-06]新公司法视野下清算责任的法律适用至正开放麦上海财经大学.md|wiki/summaries/summary_20250306_上海二中院_至正开放麦_新公司法视野下清算责任的法律适用至正开放麦上海财经大学.md
NEW|sources/微信公号资料/上海二中院/上海二中院-至正开放麦-md/[2025-03-25]涉刑事案件的民事合同效力至正开放麦上海财经大学.md|wiki/summaries/summary_20250325_上海二中院_至正开放麦_涉刑事案件的民事合同效力至正开放麦上海财经大学.md
NEW|sources/微信公号资料/上海二中院/上海二中院-至正开放麦-md/[2025-04-10]探索海量电子数据审查的新模式至正开放麦上海财经大学.md|wiki/summaries/summary_20250410_上海二中院_至正开放麦_探索海量电子数据审查的新模式至正开放麦上海财经大学.md
NEW|sources/微信公号资料/上海二中院/上海二中院-至正开放麦-md/[2025-04-17]婚姻家庭编司法解释二债权人撤销权在离婚协议中的特殊适用至正开放麦.md|wiki/summaries/summary_20250417_上海二中院_至正开放麦_婚姻家庭编司法解释二债权人撤销权在离婚协议中的特殊适用至正开放麦.md
NEW|sources/微信公号资料/上海二中院/上海二中院-至正开放麦-md/[2025-05-09]婚姻家庭编司法解释二夫妻间给予房产问题的处理规则至正开放麦.md|wiki/summaries/summary_20250509_上海二中院_至正开放麦_婚姻家庭编司法解释二夫妻间给予房产问题的处理规则至正开放麦.md
NEW|sources/微信公号资料/上海二中院/上海二中院-至正开放麦-md/[2025-05-16]婚姻家庭编司法解释二父母为子女婚后购房出资的财产分割原则至正开放麦.md|wiki/summaries/summary_20250516_上海二中院_至正开放麦_婚姻家庭编司法解释二父母为子女婚后购房出资的财产分割原则至正开放麦.md
NEW|sources/微信公号资料/上海二中院/上海二中院-至正开放麦-md/[2025-05-29]婚姻家庭编司法解释二离婚协议约定财产给予子女条款的相关规则至正开放麦.md|wiki/summaries/summary_20250529_上海二中院_至正开放麦_婚姻家庭编司法解释二离婚协议约定财产给予子女条款的相关规则至正开放麦.md
NEW|sources/微信公号资料/上海二中院/上海二中院-至正开放麦-md/[2025-06-06]婚姻家庭编司法解释二离婚协议约定一方不负担抚养费的效力及例外至正开放麦.md|wiki/summaries/summary_20250606_上海二中院_至正开放麦_婚姻家庭编司法解释二离婚协议约定一方不负担抚养费的效力及例外至正开放麦.md
NEW|sources/微信公号资料/上海二中院/上海二中院-至正开放麦-md/[2025-07-25]上海法院家庭教育指导令的实践探索至正开放麦.md|wiki/summaries/summary_20250725_上海二中院_至正开放麦_上海法院家庭教育指导令的实践探索至正开放麦.md
NEW|sources/微信公号资料/上海二中院/上海二中院-至正开放麦-md/[2025-08-07]关于债务加入债务转移及保证责任的几点思考至正开放麦.md|wiki/summaries/summary_20250807_上海二中院_至正开放麦_关于债务加入债务转移及保证责任的几点思考至正开放麦.md
NEW|sources/微信公号资料/上海二中院/上海二中院-至正开放麦-md/[2025-08-14]低空经济发展的区域协同立法保障至正开放麦.md|wiki/summaries/summary_20250814_上海二中院_至正开放麦_低空经济发展的区域协同立法保障至正开放麦.md
NEW|sources/微信公号资料/上海二中院/上海二中院-至正开放麦-md/[2025-09-05]婚姻家庭编司法解释二夫妻一方网络直播打赏的法律边界与维权路径至正开放麦.md|wiki/summaries/summary_20250905_上海二中院_至正开放麦_婚姻家庭编司法解释二夫妻一方网络直播打赏的法律边界与维权路径至正开放麦.md
NEW|sources/微信公号资料/上海二中院/上海二中院-至正开放麦-md/[2025-09-19]劳动争议司法解释二劳动关系中的混同用工问题至正开放麦.md|wiki/summaries/summary_20250919_上海二中院_至正开放麦_劳动争议司法解释二劳动关系中的混同用工问题至正开放麦.md
NEW|sources/微信公号资料/上海二中院/上海二中院-至正开放麦-md/[2025-09-26]劳动争议司法解释二外国人就业外国企业参加劳动争议诉讼探析至正开放麦.md|wiki/summaries/summary_20250926_上海二中院_至正开放麦_劳动争议司法解释二外国人就业外国企业参加劳动争议诉讼探析至正开放麦.md
NEW|sources/微信公号资料/上海二中院/上海二中院-至正开放麦-md/[2025-10-11]劳动争议司法解释二不依法缴纳社会保险的处理规则至正开放麦.md|wiki/summaries/summary_20251011_上海二中院_至正开放麦_劳动争议司法解释二不依法缴纳社会保险的处理规则至正开放麦.md
NEW|sources/微信公号资料/上海二中院/上海二中院-至正开放麦-md/[2025-10-17]劳动争议司法解释二竞业限制条款的效力与适用至正开放麦.md|wiki/summaries/summary_20251017_上海二中院_至正开放麦_劳动争议司法解释二竞业限制条款的效力与适用至正开放麦.md
NEW|sources/微信公号资料/上海二中院/上海二中院-至正开放麦-md/[2025-11-07]债权出资的理论与实践至正开放麦复旦大学.md|wiki/summaries/summary_20251107_上海二中院_至正开放麦_债权出资的理论与实践至正开放麦复旦大学.md
NEW|sources/微信公号资料/上海二中院/上海二中院-至正开放麦-md/[2025-11-14]论帮助侵权的类型化及其归责要件至正开放麦复旦大学.md|wiki/summaries/summary_20251114_上海二中院_至正开放麦_论帮助侵权的类型化及其归责要件至正开放麦复旦大学.md
NEW|sources/微信公号资料/上海二中院/上海二中院-至正开放麦-md/[2025-11-27]相邻关系纠纷中容忍义务的理解与认定至正开放麦.md|wiki/summaries/summary_20251127_上海二中院_至正开放麦_相邻关系纠纷中容忍义务的理解与认定至正开放麦.md
NEW|sources/微信公号资料/上海二中院/上海二中院-至正开放麦-md/[2025-12-05]机动车责任保险纠纷中车上人员与第三者的区分至正开放麦.md|wiki/summaries/summary_20251205_上海二中院_至正开放麦_机动车责任保险纠纷中车上人员与第三者的区分至正开放麦.md
NEW|sources/微信公号资料/上海二中院/上海二中院-至正开放麦-md/[2025-12-12]继承开始前放弃继承行为的效力分析至正开放麦.md|wiki/summaries/summary_20251212_上海二中院_至正开放麦_继承开始前放弃继承行为的效力分析至正开放麦.md
NEW|sources/微信公号资料/上海二中院/上海二中院-至正开放麦-md/[2025-12-19]网络消费类案件系列一利用平台漏洞薅羊毛能否要求商家发货至正开放麦.md|wiki/summaries/summary_20251219_上海二中院_至正开放麦_网络消费类案件系列一利用平台漏洞薅羊毛能否要求商家发货至正开放麦.md
NEW|sources/微信公号资料/上海二中院/上海二中院-至正开放麦-md/[2025-12-26]网络消费类案件系列二电子商务经营者标价错误的重大误解认定至正开放麦.md|wiki/summaries/summary_20251226_上海二中院_至正开放麦_网络消费类案件系列二电子商务经营者标价错误的重大误解认定至正开放麦.md
NEW|sources/微信公号资料/上海二中院/上海二中院-至正开放麦-md/[2026-01-16]网络消费类案件系列三对食品的性质与功效进行虚假宣传是否构成欺诈至正开放麦.md|wiki/summaries/summary_20260116_上海二中院_至正开放麦_网络消费类案件系列三对食品的性质与功效进行虚假宣传是否构成欺诈至正开放麦.md
NEW|sources/微信公号资料/上海二中院/上海二中院-至正开放麦-md/[2026-01-22]民间借贷案件驳回诉讼请求与驳回起诉的区分适用至正开放麦.md|wiki/summaries/summary_20260122_上海二中院_至正开放麦_民间借贷案件驳回诉讼请求与驳回起诉的区分适用至正开放麦.md
NEW|sources/微信公号资料/上海二中院/上海二中院-至正开放麦-md/[2026-01-29]有限责任公司解散之诉的审查要点至正开放麦.md|wiki/summaries/summary_20260129_上海二中院_至正开放麦_有限责任公司解散之诉的审查要点至正开放麦.md
NEW|sources/微信公号资料/上海二中院/上海二中院-至正开放麦-md/[2026-02-06]融资性贸易的司法界定与特征认定至正开放麦.md|wiki/summaries/summary_20260206_上海二中院_至正开放麦_融资性贸易的司法界定与特征认定至正开放麦.md
NEW|sources/微信公号资料/上海二中院/上海二中院-至正开放麦-md/[2026-02-28]融资性贸易的合同效力及责任认定至正开放麦.md|wiki/summaries/summary_20260228_上海二中院_至正开放麦_融资性贸易的合同效力及责任认定至正开放麦.md
NEW|sources/微信公号资料/上海二中院/上海二中院-至正开放麦-md/[2026-03-20]为小区公共事务掐架是否侵犯名誉权至正开放麦.md|wiki/summaries/summary_20260320_上海二中院_至正开放麦_为小区公共事务掐架是否侵犯名誉权至正开放麦.md
NEW|sources/微信公号资料/上海二中院/上海二中院-至正法官札记-md/[2021-04-19]关于借名买房的那些事儿至正法官札记45.md|wiki/summaries/summary_20210419_上海二中院_至正法官札记_关于借名买房的那些事儿至正法官札记45.md
NEW|sources/微信公号资料/上海二中院/上海二中院-至正法官札记-md/[2021-04-26]被培训机构打包转让的学生们至正法官札记46.md|wiki/summaries/summary_20210426_上海二中院_至正法官札记_被培训机构打包转让的学生们至正法官札记46.md
NEW|sources/微信公号资料/上海二中院/上海二中院-至正法官札记-md/[2021-05-12]当婚姻遭遇盲盒至正法官札记47.md|wiki/summaries/summary_20210512_上海二中院_至正法官札记_当婚姻遭遇盲盒至正法官札记47.md
NEW|sources/微信公号资料/上海二中院/上海二中院-至正法官札记-md/[2021-05-17]被PUA的19岁少年持刀抢劫至正法官札记48.md|wiki/summaries/summary_20210517_上海二中院_至正法官札记_被PUA的19岁少年持刀抢劫至正法官札记48.md
NEW|sources/微信公号资料/上海二中院/上海二中院-至正法官札记-md/[2021-05-24]一碗汤的距离至正法官札记49.md|wiki/summaries/summary_20210524_上海二中院_至正法官札记_一碗汤的距离至正法官札记49.md
NEW|sources/微信公号资料/上海二中院/上海二中院-至正法官札记-md/[2021-05-31]30倍顶格处罚该不该至正法官札记50.md|wiki/summaries/summary_20210531_上海二中院_至正法官札记_30倍顶格处罚该不该至正法官札记50.md
NEW|sources/微信公号资料/上海二中院/上海二中院-至正法官札记-md/[2021-06-15]当租赁的房屋甲醛超标之后至正法官札记51.md|wiki/summaries/summary_20210615_上海二中院_至正法官札记_当租赁的房屋甲醛超标之后至正法官札记51.md
NEW|sources/微信公号资料/上海二中院/上海二中院-至正法官札记-md/[2021-06-28]原来爱真的会消失至正法官札记53.md|wiki/summaries/summary_20210628_上海二中院_至正法官札记_原来爱真的会消失至正法官札记53.md
NEW|sources/微信公号资料/上海二中院/上海二中院-至正法官札记-md/[2021-07-05]同是尽孝为母奔丧怎么就至正法官札记54.md|wiki/summaries/summary_20210705_上海二中院_至正法官札记_同是尽孝为母奔丧怎么就至正法官札记54.md
NEW|sources/微信公号资料/上海二中院/上海二中院-至正法官札记-md/[2021-07-12]最亲密的陌生人至正法官札记55.md|wiki/summaries/summary_20210712_上海二中院_至正法官札记_最亲密的陌生人至正法官札记55.md
NEW|sources/微信公号资料/上海二中院/上海二中院-至正法官札记-md/[2021-07-19]借名买房法院确权后过户还要交税吗至正法官札记56.md|wiki/summaries/summary_20210719_上海二中院_至正法官札记_借名买房法院确权后过户还要交税吗至正法官札记56.md
NEW|sources/微信公号资料/上海二中院/上海二中院-至正法官札记-md/[2021-07-26]浮出水面的录像至正法官札记57.md|wiki/summaries/summary_20210726_上海二中院_至正法官札记_浮出水面的录像至正法官札记57.md
NEW|sources/微信公号资料/上海二中院/上海二中院-至正法官札记-md/[2021-08-02]226人出现食物中毒症状难道是皮蛋豆腐的锅至正法官札记58.md|wiki/summaries/summary_20210802_上海二中院_至正法官札记_226人出现食物中毒症状难道是皮蛋豆腐的锅至正法官札记58.md
NEW|sources/微信公号资料/上海二中院/上海二中院-至正法官札记-md/[2021-08-09]才华可以随处安放吗至正法官札记59.md|wiki/summaries/summary_20210809_上海二中院_至正法官札记_才华可以随处安放吗至正法官札记59.md
NEW|sources/微信公号资料/上海二中院/上海二中院-至正法官札记-md/[2021-08-16]当她在法庭上读完了那本日记至正法官札记60.md|wiki/summaries/summary_20210816_上海二中院_至正法官札记_当她在法庭上读完了那本日记至正法官札记60.md
NEW|sources/微信公号资料/上海二中院/上海二中院-至正法官札记-md/[2021-09-07]谁改动了房子结构至正法官札记61.md|wiki/summaries/summary_20210907_上海二中院_至正法官札记_谁改动了房子结构至正法官札记61.md
NEW|sources/微信公号资料/上海二中院/上海二中院-至正法官札记-md/[2021-09-14]浮动的白银涨跌溅出水花至正法官札记62.md|wiki/summaries/summary_20210914_上海二中院_至正法官札记_浮动的白银涨跌溅出水花至正法官札记62.md
NEW|sources/微信公号资料/上海二中院/上海二中院-至正法官札记-md/[2021-10-19]弄丢的房子至正法官札记63.md|wiki/summaries/summary_20211019_上海二中院_至正法官札记_弄丢的房子至正法官札记63.md
NEW|sources/微信公号资料/上海二中院/上海二中院-至正法官札记-md/[2021-11-01]困在系统里的人至正法官札记64.md|wiki/summaries/summary_20211101_上海二中院_至正法官札记_困在系统里的人至正法官札记64.md
NEW|sources/微信公号资料/上海二中院/上海二中院-至正法官札记-md/[2021-11-15]请三思而后签至正法官札记65.md|wiki/summaries/summary_20211115_上海二中院_至正法官札记_请三思而后签至正法官札记65.md
NEW|sources/微信公号资料/上海二中院/上海二中院-至正法官札记-md/[2021-11-23]经营亏损后如何破解租房困局至正法官札记66.md|wiki/summaries/summary_20211123_上海二中院_至正法官札记_经营亏损后如何破解租房困局至正法官札记66.md
NEW|sources/微信公号资料/上海二中院/上海二中院-至正法官札记-md/[2021-11-29]情牵48小时至正法官札记67.md|wiki/summaries/summary_20211129_上海二中院_至正法官札记_情牵48小时至正法官札记67.md
NEW|sources/微信公号资料/上海二中院/上海二中院-至正法官札记-md/[2021-12-08]令人放心的理财经理至正法官札记68.md|wiki/summaries/summary_20211208_上海二中院_至正法官札记_令人放心的理财经理至正法官札记68.md
NEW|sources/微信公号资料/上海二中院/上海二中院-至正法官札记-md/[2021-12-13]工作时被追求者杀害算工伤吗至正法官札记69.md|wiki/summaries/summary_20211213_上海二中院_至正法官札记_工作时被追求者杀害算工伤吗至正法官札记69.md
NEW|sources/微信公号资料/上海二中院/上海二中院-至正法官札记-md/[2021-12-20]分手容易分账难至正法官札记70.md|wiki/summaries/summary_20211220_上海二中院_至正法官札记_分手容易分账难至正法官札记70.md
NEW|sources/微信公号资料/上海二中院/上海二中院-至正法官札记-md/[2021-12-27]电竞背后的漩涡至正法官札记71.md|wiki/summaries/summary_20211227_上海二中院_至正法官札记_电竞背后的漩涡至正法官札记71.md
NEW|sources/微信公号资料/上海二中院/上海二中院-至正法官札记-md/[2022-01-11]疫情之下一纸契约的考验至正法官札记72.md|wiki/summaries/summary_20220111_上海二中院_至正法官札记_疫情之下一纸契约的考验至正法官札记72.md
NEW|sources/微信公号资料/上海二中院/上海二中院-至正法官札记-md/[2022-01-17]让子弹飞一会儿真的好吗至正法官札记73.md|wiki/summaries/summary_20220117_上海二中院_至正法官札记_让子弹飞一会儿真的好吗至正法官札记73.md
NEW|sources/微信公号资料/上海二中院/上海二中院-至正法官札记-md/[2022-01-24]错付的购房款至正法官札记74.md|wiki/summaries/summary_20220124_上海二中院_至正法官札记_错付的购房款至正法官札记74.md
NEW|sources/微信公号资料/上海二中院/上海二中院-至正法官札记-md/[2022-02-08]这条点评扎了谁的心至正法官札记75.md|wiki/summaries/summary_20220208_上海二中院_至正法官札记_这条点评扎了谁的心至正法官札记75.md
NEW|sources/微信公号资料/上海二中院/上海二中院-至正法官札记-md/[2022-02-14]血本无归的影视投资至正法官札记76.md|wiki/summaries/summary_20220214_上海二中院_至正法官札记_血本无归的影视投资至正法官札记76.md
NEW|sources/微信公号资料/上海二中院/上海二中院-至正法官札记-md/[2022-02-21]这次把房子拖没了至正法官札记77.md|wiki/summaries/summary_20220221_上海二中院_至正法官札记_这次把房子拖没了至正法官札记77.md
NEW|sources/微信公号资料/上海二中院/上海二中院-至正法官札记-md/[2022-02-28]全款出资的房屋为何成了别人的至正法官札记78.md|wiki/summaries/summary_20220228_上海二中院_至正法官札记_全款出资的房屋为何成了别人的至正法官札记78.md
NEW|sources/微信公号资料/上海二中院/上海二中院-至正法官札记-md/[2022-03-07]借出去的钱怎么还要自己还至正法官札记79.md|wiki/summaries/summary_20220307_上海二中院_至正法官札记_借出去的钱怎么还要自己还至正法官札记79.md
NEW|sources/微信公号资料/上海二中院/上海二中院-至正法官札记-md/[2022-03-14]5万的塑身衣是智商税吗至正法官札记80.md|wiki/summaries/summary_20220314_上海二中院_至正法官札记_5万的塑身衣是智商税吗至正法官札记80.md
NEW|sources/微信公号资料/上海二中院/上海二中院-至正法官札记-md/[2022-06-13]囤课引发的加减乘除至正法官札记81.md|wiki/summaries/summary_20220613_上海二中院_至正法官札记_囤课引发的加减乘除至正法官札记81.md
NEW|sources/微信公号资料/上海二中院/上海二中院-至正法官札记-md/[2022-06-20]当酒局散场之后至正法官札记82.md|wiki/summaries/summary_20220620_上海二中院_至正法官札记_当酒局散场之后至正法官札记82.md
NEW|sources/微信公号资料/上海二中院/上海二中院-至正法官札记-md/[2022-06-27]从拖延症说起至正法官札记83.md|wiki/summaries/summary_20220627_上海二中院_至正法官札记_从拖延症说起至正法官札记83.md
NEW|sources/微信公号资料/上海二中院/上海二中院-至正法官札记-md/[2022-07-04]刮胡子还刮出了官司至正法官札记84.md|wiki/summaries/summary_20220704_上海二中院_至正法官札记_刮胡子还刮出了官司至正法官札记84.md
NEW|sources/微信公号资料/上海二中院/上海二中院-至正法官札记-md/[2022-07-11]断片之后至正法官札记85.md|wiki/summaries/summary_20220711_上海二中院_至正法官札记_断片之后至正法官札记85.md
NEW|sources/微信公号资料/上海二中院/上海二中院-至正法官札记-md/[2022-07-18]心急火燎的老先生至正法官札记86.md|wiki/summaries/summary_20220718_上海二中院_至正法官札记_心急火燎的老先生至正法官札记86.md
NEW|sources/微信公号资料/上海二中院/上海二中院-至正法官札记-md/[2022-07-25]一通改变结局的电话至正法官札记87.md|wiki/summaries/summary_20220725_上海二中院_至正法官札记_一通改变结局的电话至正法官札记87.md
NEW|sources/微信公号资料/上海二中院/上海二中院-至正法官札记-md/[2022-08-08]独家代理的唯一之争至正法官札记88.md|wiki/summaries/summary_20220808_上海二中院_至正法官札记_独家代理的唯一之争至正法官札记88.md
NEW|sources/微信公号资料/上海二中院/上海二中院-至正法官札记-md/[2022-08-29]熟人理财血亏100万之后至正法官札记89.md|wiki/summaries/summary_20220829_上海二中院_至正法官札记_熟人理财血亏100万之后至正法官札记89.md
NEW|sources/微信公号资料/上海二中院/上海二中院-至正法官札记-md/[2022-09-05]一次4000里加急闪送至正法官札记90.md|wiki/summaries/summary_20220905_上海二中院_至正法官札记_一次4000里加急闪送至正法官札记90.md
NEW|sources/微信公号资料/上海二中院/上海二中院-至正法官札记-md/[2022-09-13]循环再生的现金券至正法官札记91.md|wiki/summaries/summary_20220913_上海二中院_至正法官札记_循环再生的现金券至正法官札记91.md
NEW|sources/微信公号资料/上海二中院/上海二中院-至正法官札记-md/[2022-09-19]单亲妈妈的拒绝至正法官札记92.md|wiki/summaries/summary_20220919_上海二中院_至正法官札记_单亲妈妈的拒绝至正法官札记92.md
NEW|sources/微信公号资料/上海二中院/上海二中院-至正法官札记-md/[2022-09-26]没能缴满的社保金至正法官札记93.md|wiki/summaries/summary_20220926_上海二中院_至正法官札记_没能缴满的社保金至正法官札记93.md
NEW|sources/微信公号资料/上海二中院/上海二中院-至正法官札记-md/[2022-10-10]7套房产之争至正法官札记94.md|wiki/summaries/summary_20221010_上海二中院_至正法官札记_7套房产之争至正法官札记94.md
NEW|sources/微信公号资料/上海二中院/上海二中院-至正法官札记-md/[2022-10-17]骚扰电话背后至正法官札记95.md|wiki/summaries/summary_20221017_上海二中院_至正法官札记_骚扰电话背后至正法官札记95.md
NEW|sources/微信公号资料/上海二中院/上海二中院-至正法官札记-md/[2022-10-31]被找回的12万元游戏账户至正法官札记96.md|wiki/summaries/summary_20221031_上海二中院_至正法官札记_被找回的12万元游戏账户至正法官札记96.md
NEW|sources/微信公号资料/上海二中院/上海二中院-至正法官札记-md/[2022-11-07]两次假结婚之后至正法官札记97.md|wiki/summaries/summary_20221107_上海二中院_至正法官札记_两次假结婚之后至正法官札记97.md
NEW|sources/微信公号资料/上海二中院/上海二中院-至正法官札记-md/[2022-11-14]离家出走的女儿至正法官札记98.md|wiki/summaries/summary_20221114_上海二中院_至正法官札记_离家出走的女儿至正法官札记98.md
NEW|sources/微信公号资料/上海二中院/上海二中院-至正法官札记-md/[2022-11-28]你好邻居至正法官札记99.md|wiki/summaries/summary_20221128_上海二中院_至正法官札记_你好邻居至正法官札记99.md
NEW|sources/微信公号资料/上海二中院/上海二中院-至正法官札记-md/[2022-12-05]原来你也在这里.md|wiki/summaries/summary_20221205_上海二中院_至正法官札记_原来你也在这里.md
NEW|sources/微信公号资料/上海二中院/上海二中院-至正法官札记-md/[2022-12-12]再婚老夫妻的房产之争至正法官札记101.md|wiki/summaries/summary_20221212_上海二中院_至正法官札记_再婚老夫妻的房产之争至正法官札记101.md
NEW|sources/微信公号资料/上海二中院/上海二中院-至正法官札记-md/[2022-12-19]火出圈的APP至正法官札记102.md|wiki/summaries/summary_20221219_上海二中院_至正法官札记_火出圈的APP至正法官札记102.md
NEW|sources/微信公号资料/上海二中院/上海二中院-至正法官札记-md/[2022-12-26]老鼠捉猫不是游戏至正法官札记103.md|wiki/summaries/summary_20221226_上海二中院_至正法官札记_老鼠捉猫不是游戏至正法官札记103.md
NEW|sources/微信公号资料/上海二中院/上海二中院-至正法官札记-md/[2023-01-09]被砸的车至正法官札记104.md|wiki/summaries/summary_20230109_上海二中院_至正法官札记_被砸的车至正法官札记104.md
NEW|sources/微信公号资料/上海二中院/上海二中院-至正法官札记-md/[2023-01-16]被丈夫悄悄卖掉的房子至正法官札记105.md|wiki/summaries/summary_20230116_上海二中院_至正法官札记_被丈夫悄悄卖掉的房子至正法官札记105.md
NEW|sources/微信公号资料/上海二中院/上海二中院-至正法官札记-md/[2023-01-30]当同居7年的恋人选择分手至正法官札记106.md|wiki/summaries/summary_20230130_上海二中院_至正法官札记_当同居7年的恋人选择分手至正法官札记106.md
NEW|sources/微信公号资料/上海二中院/上海二中院-至正法官札记-md/[2023-02-06]我不相信你至正法官札记107.md|wiki/summaries/summary_20230206_上海二中院_至正法官札记_我不相信你至正法官札记107.md
NEW|sources/微信公号资料/上海二中院/上海二中院-至正法官札记-md/[2023-02-13]加装门后他成了被告至正法官札记108.md|wiki/summaries/summary_20230213_上海二中院_至正法官札记_加装门后他成了被告至正法官札记108.md
NEW|sources/微信公号资料/上海二中院/上海二中院-至正法官札记-md/[2023-02-27]吊顶脱落谁之过至正法官札记110.md|wiki/summaries/summary_20230227_上海二中院_至正法官札记_吊顶脱落谁之过至正法官札记110.md
NEW|sources/微信公号资料/上海二中院/上海二中院-至正法官札记-md/[2023-03-13]被通知明天不用来上班了该怎么办至正法官札记111.md|wiki/summaries/summary_20230313_上海二中院_至正法官札记_被通知明天不用来上班了该怎么办至正法官札记111.md
NEW|sources/微信公号资料/上海二中院/上海二中院-至正法官札记-md/[2023-03-20]13人18天至正法官札记112.md|wiki/summaries/summary_20230320_上海二中院_至正法官札记_13人18天至正法官札记112.md
NEW|sources/微信公号资料/上海二中院/上海二中院-至正法官札记-md/[2023-03-27]被取消的奢侈品订单至正法官札记113.md|wiki/summaries/summary_20230327_上海二中院_至正法官札记_被取消的奢侈品订单至正法官札记113.md
NEW|sources/微信公号资料/上海二中院/上海二中院-至正法官札记-md/[2023-04-10]当司机向行人索赔至正法官札记114.md|wiki/summaries/summary_20230410_上海二中院_至正法官札记_当司机向行人索赔至正法官札记114.md
NEW|sources/微信公号资料/上海二中院/上海二中院-至正法官札记-md/[2023-04-17]你确定买的是保险吗至正法官札记115.md|wiki/summaries/summary_20230417_上海二中院_至正法官札记_你确定买的是保险吗至正法官札记115.md
NEW|sources/微信公号资料/上海二中院/上海二中院-至正法官札记-md/[2023-04-23]炒股专家的承诺至正法官札记116.md|wiki/summaries/summary_20230423_上海二中院_至正法官札记_炒股专家的承诺至正法官札记116.md
NEW|sources/微信公号资料/上海二中院/上海二中院-至正法官札记-md/[2023-05-08]各自安装的摄像头.md|wiki/summaries/summary_20230508_上海二中院_至正法官札记_各自安装的摄像头.md
NEW|sources/微信公号资料/上海二中院/上海二中院-至正法官札记-md/[2023-05-15]一场隧道内的逆向狂飙至正法官札记118.md|wiki/summaries/summary_20230515_上海二中院_至正法官札记_一场隧道内的逆向狂飙至正法官札记118.md
NEW|sources/微信公号资料/上海二中院/上海二中院-至正法官札记-md/[2023-05-22]爱犬被撞之后至正法官札记119.md|wiki/summaries/summary_20230522_上海二中院_至正法官札记_爱犬被撞之后至正法官札记119.md
NEW|sources/微信公号资料/上海二中院/上海二中院-至正法官札记-md/[2023-06-05]来自被告人的感谢至正法官札记120.md|wiki/summaries/summary_20230605_上海二中院_至正法官札记_来自被告人的感谢至正法官札记120.md
NEW|sources/微信公号资料/上海二中院/上海二中院-至正法官札记-md/[2023-06-20]守护救命钱至正法官札记121.md|wiki/summaries/summary_20230620_上海二中院_至正法官札记_守护救命钱至正法官札记121.md
NEW|sources/微信公号资料/上海二中院/上海二中院-至正法官札记-md/[2023-06-26]网上售药的罪与罚至正法官札记122.md|wiki/summaries/summary_20230626_上海二中院_至正法官札记_网上售药的罪与罚至正法官札记122.md
NEW|sources/微信公号资料/上海二中院/上海二中院-至正法官札记-md/[2023-07-10]被掐点注销的公司至正法官札记123.md|wiki/summaries/summary_20230710_上海二中院_至正法官札记_被掐点注销的公司至正法官札记123.md
NEW|sources/微信公号资料/上海二中院/上海二中院-至正法官札记-md/[2023-07-24]篮球培训俱乐部转让后法官给合伙人算了一笔账至正法官札记125.md|wiki/summaries/summary_20230724_上海二中院_至正法官札记_篮球培训俱乐部转让后法官给合伙人算了一笔账至正法官札记125.md
NEW|sources/微信公号资料/上海二中院/上海二中院-至正法官札记-md/[2023-08-07]被辞退的6位老员工至正法官札记126.md|wiki/summaries/summary_20230807_上海二中院_至正法官札记_被辞退的6位老员工至正法官札记126.md
NEW|sources/微信公号资料/上海二中院/上海二中院-至正法官札记-md/[2023-08-14]人伤黄牛利益链的背后至正法官札记127.md|wiki/summaries/summary_20230814_上海二中院_至正法官札记_人伤黄牛利益链的背后至正法官札记127.md
NEW|sources/微信公号资料/上海二中院/上海二中院-至正法官札记-md/[2023-08-21]三伏天刚修好空调又被退租至正法官札记128.md|wiki/summaries/summary_20230821_上海二中院_至正法官札记_三伏天刚修好空调又被退租至正法官札记128.md
NEW|sources/微信公号资料/上海二中院/上海二中院-至正法官札记-md/[2023-09-05]老屋承租人争夺战的背后至正法官札记129.md|wiki/summaries/summary_20230905_上海二中院_至正法官札记_老屋承租人争夺战的背后至正法官札记129.md
NEW|sources/微信公号资料/上海二中院/上海二中院-至正法官札记-md/[2023-09-11]不完美的受害人至正法官札记130.md|wiki/summaries/summary_20230911_上海二中院_至正法官札记_不完美的受害人至正法官札记130.md
NEW|sources/微信公号资料/上海二中院/上海二中院-至正法官札记-md/[2023-09-19]调解后他们相约一起吃饭至正法官札记131.md|wiki/summaries/summary_20230919_上海二中院_至正法官札记_调解后他们相约一起吃饭至正法官札记131.md
NEW|sources/微信公号资料/上海二中院/上海二中院-至正法官札记-md/[2023-09-25]当公账私收写进合同至正法官札记132.md|wiki/summaries/summary_20230925_上海二中院_至正法官札记_当公账私收写进合同至正法官札记132.md
NEW|sources/微信公号资料/上海二中院/上海二中院-至正法官札记-md/[2023-10-10]日万分之五逾期利息到底该不该付至正法官札记133.md|wiki/summaries/summary_20231010_上海二中院_至正法官札记_日万分之五逾期利息到底该不该付至正法官札记133.md
NEW|sources/微信公号资料/上海二中院/上海二中院-至正法官札记-md/[2023-10-16]清算组未通知债权人3年后至正法官札记134.md|wiki/summaries/summary_20231016_上海二中院_至正法官札记_清算组未通知债权人3年后至正法官札记134.md
NEW|sources/微信公号资料/上海二中院/上海二中院-至正法官札记-md/[2023-10-24]对赌协议上仅有妻子签名丈夫需要担责吗至正法官札记135.md|wiki/summaries/summary_20231024_上海二中院_至正法官札记_对赌协议上仅有妻子签名丈夫需要担责吗至正法官札记135.md
NEW|sources/微信公号资料/上海二中院/上海二中院-至正法官札记-md/[2023-10-30]当承揽合同中费用分摊条款约定不明至正法官札记136.md|wiki/summaries/summary_20231030_上海二中院_至正法官札记_当承揽合同中费用分摊条款约定不明至正法官札记136.md
NEW|sources/微信公号资料/上海二中院/上海二中院-至正法官札记-md/[2023-11-06]当八十岁父亲想要再婚至正法官札记137.md|wiki/summaries/summary_20231106_上海二中院_至正法官札记_当八十岁父亲想要再婚至正法官札记137.md
NEW|sources/微信公号资料/上海二中院/上海二中院-至正法官札记-md/[2023-11-21]增值的婚前房产突变负资产只因结婚时至正法官札记138.md|wiki/summaries/summary_20231121_上海二中院_至正法官札记_增值的婚前房产突变负资产只因结婚时至正法官札记138.md
NEW|sources/微信公号资料/上海二中院/上海二中院-至正法官札记-md/[2023-11-27]转入公司的240万元是出资吗至正法官札记139.md|wiki/summaries/summary_20231127_上海二中院_至正法官札记_转入公司的240万元是出资吗至正法官札记139.md
NEW|sources/微信公号资料/上海二中院/上海二中院-至正法官札记-md/[2023-12-05]这场涉及共有人继承人的执行难题如何破解至正法官札记140.md|wiki/summaries/summary_20231205_上海二中院_至正法官札记_这场涉及共有人继承人的执行难题如何破解至正法官札记140.md
NEW|sources/微信公号资料/上海二中院/上海二中院-至正法官札记-md/[2023-12-18]一位老人两份判决三套房屋四份文件五位继承人该如何解纷至正法官札记141.md|wiki/summaries/summary_20231218_上海二中院_至正法官札记_一位老人两份判决三套房屋四份文件五位继承人该如何解纷至正法官札记141.md
NEW|sources/微信公号资料/上海二中院/上海二中院-至正法官札记-md/[2024-01-08]继父母的遗产继子女有份吗至正法官札记142.md|wiki/summaries/summary_20240108_上海二中院_至正法官札记_继父母的遗产继子女有份吗至正法官札记142.md
NEW|sources/微信公号资料/上海二中院/上海二中院-至正法官札记-md/[2024-01-22]现向你送达家庭教育指导令至正法官札记143.md|wiki/summaries/summary_20240122_上海二中院_至正法官札记_现向你送达家庭教育指导令至正法官札记143.md
NEW|sources/微信公号资料/上海二中院/上海二中院-至正法官札记-md/[2024-02-05]物业公司单方面涨价合理吗至正法官札记144.md|wiki/summaries/summary_20240205_上海二中院_至正法官札记_物业公司单方面涨价合理吗至正法官札记144.md
NEW|sources/微信公号资料/上海二中院/上海二中院-至正法官札记-md/[2024-04-07]当猎头公司推荐的人才简历造假至正法官札记145.md|wiki/summaries/summary_20240407_上海二中院_至正法官札记_当猎头公司推荐的人才简历造假至正法官札记145.md
NEW|sources/微信公号资料/上海二中院/上海二中院-至正法官札记-md/[2024-04-22]直播带剩的货算谁的至正法官札记146.md|wiki/summaries/summary_20240422_上海二中院_至正法官札记_直播带剩的货算谁的至正法官札记146.md
NEW|sources/微信公号资料/上海二中院/上海二中院-至正法官札记-md/[2024-04-29]在公司微信群里这样发消息算严重违纪吗至正法官札记147.md|wiki/summaries/summary_20240429_上海二中院_至正法官札记_在公司微信群里这样发消息算严重违纪吗至正法官札记147.md
NEW|sources/微信公号资料/上海二中院/上海二中院-至正法官札记-md/[2024-05-13]如何保护你受伤后无人认领的打工人至正法官札记148.md|wiki/summaries/summary_20240513_上海二中院_至正法官札记_如何保护你受伤后无人认领的打工人至正法官札记148.md
NEW|sources/微信公号资料/上海二中院/上海二中院-至正法官札记-md/[2024-05-20]谁为巧克力包装盒上的双日期买单至正法官札记149.md|wiki/summaries/summary_20240520_上海二中院_至正法官札记_谁为巧克力包装盒上的双日期买单至正法官札记149.md
NEW|sources/微信公号资料/上海二中院/上海二中院-至正法官札记-md/[2024-05-27]这段休假时间到底算病假还是哺乳假至正法官札记150.md|wiki/summaries/summary_20240527_上海二中院_至正法官札记_这段休假时间到底算病假还是哺乳假至正法官札记150.md
NEW|sources/微信公号资料/上海二中院/上海二中院-至正法官札记-md/[2024-06-04]没留挪车电话结果至正法官札记151.md|wiki/summaries/summary_20240604_上海二中院_至正法官札记_没留挪车电话结果至正法官札记151.md
NEW|sources/微信公号资料/上海二中院/上海二中院-至正法官札记-md/[2024-06-18]被反悔的遗产分割协议至正法官札记152.md|wiki/summaries/summary_20240618_上海二中院_至正法官札记_被反悔的遗产分割协议至正法官札记152.md
NEW|sources/微信公号资料/上海二中院/上海二中院-至正法官札记-md/[2024-06-24]投资旅游一个月后至正法官札记153.md|wiki/summaries/summary_20240624_上海二中院_至正法官札记_投资旅游一个月后至正法官札记153.md
NEW|sources/微信公号资料/上海二中院/上海二中院-至正法官札记-md/[2024-07-08]公司股权想要继承不容易至正法官札记154.md|wiki/summaries/summary_20240708_上海二中院_至正法官札记_公司股权想要继承不容易至正法官札记154.md
NEW|sources/微信公号资料/上海二中院/上海二中院-至正法官札记-md/[2024-07-15]取消婚约后50余万元彩礼还能要回来吗至正法官札记155.md|wiki/summaries/summary_20240715_上海二中院_至正法官札记_取消婚约后50余万元彩礼还能要回来吗至正法官札记155.md
NEW|sources/微信公号资料/上海二中院/上海二中院-至正法官札记-md/[2024-07-23]未婚妻早产微信请假回老家照顾被辞退至正法官札记156.md|wiki/summaries/summary_20240723_上海二中院_至正法官札记_未婚妻早产微信请假回老家照顾被辞退至正法官札记156.md
NEW|sources/微信公号资料/上海二中院/上海二中院-至正法官札记-md/[2024-07-29]工程协议上仅有签字而无公章有效吗至正法官札记157.md|wiki/summaries/summary_20240729_上海二中院_至正法官札记_工程协议上仅有签字而无公章有效吗至正法官札记157.md
NEW|sources/微信公号资料/上海二中院/上海二中院-至正法官札记-md/[2024-08-07]打错投标文件致使高额奖金打水漂代价谁来承担至正法官札记158.md|wiki/summaries/summary_20240807_上海二中院_至正法官札记_打错投标文件致使高额奖金打水漂代价谁来承担至正法官札记158.md
NEW|sources/微信公号资料/上海二中院/上海二中院-至正法官札记-md/[2024-08-12]一只猫引发的辞退风波至正法官札记159.md|wiki/summaries/summary_20240812_上海二中院_至正法官札记_一只猫引发的辞退风波至正法官札记159.md
NEW|sources/微信公号资料/上海二中院/上海二中院-至正法官札记-md/[2024-08-20]投资款能否收回当庭有了定论至正法官札记160.md|wiki/summaries/summary_20240820_上海二中院_至正法官札记_投资款能否收回当庭有了定论至正法官札记160.md
NEW|sources/微信公号资料/上海二中院/上海二中院-至正法官札记-md/[2024-09-03]畸高的违约金至正法官札记161.md|wiki/summaries/summary_20240903_上海二中院_至正法官札记_畸高的违约金至正法官札记161.md
NEW|sources/微信公号资料/上海二中院/上海二中院-至正法官札记-md/[2024-09-09]再婚老伴的遗嘱至正法官札记162.md|wiki/summaries/summary_20240909_上海二中院_至正法官札记_再婚老伴的遗嘱至正法官札记162.md
NEW|sources/微信公号资料/上海二中院/上海二中院-至正法官札记-md/[2024-09-24]捡漏的瑕疵债权至正法官札记163.md|wiki/summaries/summary_20240924_上海二中院_至正法官札记_捡漏的瑕疵债权至正法官札记163.md
NEW|sources/微信公号资料/上海二中院/上海二中院-至正法官札记-md/[2024-10-15]失踪的车辆至正法官札记164.md|wiki/summaries/summary_20241015_上海二中院_至正法官札记_失踪的车辆至正法官札记164.md
NEW|sources/微信公号资料/上海二中院/上海二中院-至正法官札记-md/[2024-11-04]未经审批的加班可以主张加班工资吗至正法官札记165.md|wiki/summaries/summary_20241104_上海二中院_至正法官札记_未经审批的加班可以主张加班工资吗至正法官札记165.md
NEW|sources/微信公号资料/上海二中院/上海二中院-至正法官札记-md/[2024-11-11]安置房屋出售之后至正法官札记166.md|wiki/summaries/summary_20241111_上海二中院_至正法官札记_安置房屋出售之后至正法官札记166.md
NEW|sources/微信公号资料/上海二中院/上海二中院-至正法官札记-md/[2024-11-25]维修资金的糊涂账至正法官札记167.md|wiki/summaries/summary_20241125_上海二中院_至正法官札记_维修资金的糊涂账至正法官札记167.md
NEW|sources/微信公号资料/上海二中院/上海二中院-至正法官札记-md/[2025-02-17]一场因拥抱引发的邻里风波至正法官札记168.md|wiki/summaries/summary_20250217_上海二中院_至正法官札记_一场因拥抱引发的邻里风波至正法官札记168.md
NEW|sources/微信公号资料/上海二中院/上海二中院-至正法官札记-md/[2025-03-03]主播离职后千万粉丝账号归谁至正法官札记169.md|wiki/summaries/summary_20250303_上海二中院_至正法官札记_主播离职后千万粉丝账号归谁至正法官札记169.md
NEW|sources/微信公号资料/上海二中院/上海二中院-至正法官札记-md/[2025-03-11]歇业餐厅如何再获生机至正法官札记170.md|wiki/summaries/summary_20250311_上海二中院_至正法官札记_歇业餐厅如何再获生机至正法官札记170.md
NEW|sources/微信公号资料/上海二中院/上海二中院-至正法官札记-md/[2025-03-17]一则裁员传闻引发的争议至正法官札记171.md|wiki/summaries/summary_20250317_上海二中院_至正法官札记_一则裁员传闻引发的争议至正法官札记171.md
NEW|sources/微信公号资料/上海二中院/上海二中院-至正法官札记-md/[2025-03-24]我不想跟弟弟们分开至正法官札记172.md|wiki/summaries/summary_20250324_上海二中院_至正法官札记_我不想跟弟弟们分开至正法官札记172.md
NEW|sources/微信公号资料/上海二中院/上海二中院-至正法官札记-md/[2025-04-07]过度美化的求职简历至正法官札记173.md|wiki/summaries/summary_20250407_上海二中院_至正法官札记_过度美化的求职简历至正法官札记173.md
NEW|sources/微信公号资料/上海二中院/上海二中院-至正法官札记-md/[2025-05-06]公司创始人和公司有劳动关系吗至正法官札记174.md|wiki/summaries/summary_20250506_上海二中院_至正法官札记_公司创始人和公司有劳动关系吗至正法官札记174.md
NEW|sources/微信公号资料/上海二中院/上海二中院-至正法官札记-md/[2025-05-20]美发店倒闭后预付卡该如何退至正法官札记175.md|wiki/summaries/summary_20250520_上海二中院_至正法官札记_美发店倒闭后预付卡该如何退至正法官札记175.md
NEW|sources/微信公号资料/上海二中院/上海二中院-至正法官札记-md/[2025-06-17]是民间借贷还是票据贴现至正法官札记177.md|wiki/summaries/summary_20250617_上海二中院_至正法官札记_是民间借贷还是票据贴现至正法官札记177.md
NEW|sources/微信公号资料/上海二中院/上海二中院-至正法官札记-md/[2025-07-07]劳动者受工伤后与用人单位签订的补偿协议有效吗至正法官札记178.md|wiki/summaries/summary_20250707_上海二中院_至正法官札记_劳动者受工伤后与用人单位签订的补偿协议有效吗至正法官札记178.md
NEW|sources/微信公号资料/上海二中院/上海二中院-至正法官札记-md/[2025-07-14]妻子高额打赏男主播丈夫可否主张返还至正法官札记179.md|wiki/summaries/summary_20250714_上海二中院_至正法官札记_妻子高额打赏男主播丈夫可否主张返还至正法官札记179.md
NEW|sources/微信公号资料/上海二中院/上海二中院-至正法官札记-md/[2025-08-04]祖辈的探望至正法官札记180.md|wiki/summaries/summary_20250804_上海二中院_至正法官札记_祖辈的探望至正法官札记180.md
NEW|sources/微信公号资料/上海二中院/上海二中院-至正法官札记-md/[2025-08-11]股东积怨十余年多输困局如何破解至正法官札记181.md|wiki/summaries/summary_20250811_上海二中院_至正法官札记_股东积怨十余年多输困局如何破解至正法官札记181.md
NEW|sources/微信公号资料/上海二中院/上海二中院-至正法官札记-md/[2025-08-18]快递公司营销馅饼变陷阱至正法官札记182.md|wiki/summaries/summary_20250818_上海二中院_至正法官札记_快递公司营销馅饼变陷阱至正法官札记182.md
NEW|sources/微信公号资料/上海二中院/上海二中院-至正法官札记-md/[2025-08-25]一位劳动者三份劳动合同谁来承担违法解除赔偿金至正法官札记183.md|wiki/summaries/summary_20250825_上海二中院_至正法官札记_一位劳动者三份劳动合同谁来承担违法解除赔偿金至正法官札记183.md
NEW|sources/微信公号资料/上海二中院/上海二中院-至正法官札记-md/[2025-09-01]百岁老人与子女的房款之争至正法官札记184.md|wiki/summaries/summary_20250901_上海二中院_至正法官札记_百岁老人与子女的房款之争至正法官札记184.md
NEW|sources/微信公号资料/上海二中院/上海二中院-至正法官札记-md/[2025-09-08]老人将售房款赠与孙子之后至正法官札记185.md|wiki/summaries/summary_20250908_上海二中院_至正法官札记_老人将售房款赠与孙子之后至正法官札记185.md
NEW|sources/微信公号资料/上海二中院/上海二中院-至正法官札记-md/[2025-09-22]一场始于爱也终于爱的抚养之争至正法官札记186.md|wiki/summaries/summary_20250922_上海二中院_至正法官札记_一场始于爱也终于爱的抚养之争至正法官札记186.md
NEW|sources/微信公号资料/上海二中院/上海二中院-至正法官札记-md/[2025-11-18]一位55岁安装工的社保救赎至正法官札记187.md|wiki/summaries/summary_20251118_上海二中院_至正法官札记_一位55岁安装工的社保救赎至正法官札记187.md
NEW|sources/微信公号资料/上海二中院/上海二中院-至正法官札记-md/[2025-12-15]买家一键仅退款商家钱货两空如何维权至正法官札记190.md|wiki/summaries/summary_20251215_上海二中院_至正法官札记_买家一键仅退款商家钱货两空如何维权至正法官札记190.md
NEW|sources/微信公号资料/上海二中院/上海二中院-至正法官札记-md/[2026-01-05]员工自我交易公司能否解除劳动合同至正法官札记191.md|wiki/summaries/summary_20260105_上海二中院_至正法官札记_员工自我交易公司能否解除劳动合同至正法官札记191.md
NEW|sources/微信公号资料/上海二中院/上海二中院-至正法官札记-md/[2026-02-02]这样解除劳动合同合法吗至正法官札记192.md|wiki/summaries/summary_20260202_上海二中院_至正法官札记_这样解除劳动合同合法吗至正法官札记192.md
NEW|sources/微信公号资料/上海二中院/上海二中院-至正法官札记-md/[2026-02-09]快递加盟商偷重究竟刑不刑至正法官札记193.md|wiki/summaries/summary_20260209_上海二中院_至正法官札记_快递加盟商偷重究竟刑不刑至正法官札记193.md
NEW|sources/微信公号资料/上海二中院/上海二中院-至正法官札记-md/[2026-03-09]自媒体账号发布产品负面评价是监督还是侵权至正法官札记194.md|wiki/summaries/summary_20260309_上海二中院_至正法官札记_自媒体账号发布产品负面评价是监督还是侵权至正法官札记194.md
NEW|sources/微信公号资料/上海二中院/上海二中院-至正法官札记-md/[2026-03-16]签订了劳务协议一定会排除劳动关系吗至正法官札记195.md|wiki/summaries/summary_20260316_上海二中院_至正法官札记_签订了劳务协议一定会排除劳动关系吗至正法官札记195.md
NEW|sources/微信公号资料/上海二中院/上海二中院-至正法律研究-md/[2020-04-10]新民事证据规定热点解读之一至正论法上海二中院.md|wiki/syntheses/Court_至正法律研究_新民事证据规定热点解读之一至正论法上海二中院.md
NEW|sources/微信公号资料/上海二中院/上海二中院-至正法律研究-md/[2020-04-14]新民事证据规定热点解读之二至正论法上海二中院.md|wiki/syntheses/Court_至正法律研究_新民事证据规定热点解读之二至正论法上海二中院.md
NEW|sources/微信公号资料/上海二中院/上海二中院-至正法律研究-md/[2020-04-15]新民事证据规定热点解读之三至正论法上海二中院.md|wiki/syntheses/Court_至正法律研究_新民事证据规定热点解读之三至正论法上海二中院.md
NEW|sources/微信公号资料/上海二中院/上海二中院-至正法律研究-md/[2020-04-17]新民事证据规定热点解读之四至正论法上海二中院.md|wiki/syntheses/Court_至正法律研究_新民事证据规定热点解读之四至正论法上海二中院.md
NEW|sources/微信公号资料/上海二中院/上海二中院-至正法律研究-md/[2020-04-20]新民事证据规定热点解读之五至正论法上海二中院.md|wiki/syntheses/Court_至正法律研究_新民事证据规定热点解读之五至正论法上海二中院.md
NEW|sources/微信公号资料/上海二中院/上海二中院-至正法律研究-md/[2020-04-21]监察调查中主动投案与刑法意义上自动投案的转化与衔接至正论法上海二中院.md|wiki/syntheses/Court_至正法律研究_监察调查中主动投案与刑法意义上自动投案的转化与衔接至正论法上海二中院.md
NEW|sources/微信公号资料/上海二中院/上海二中院-至正法律研究-md/[2020-04-22]新民事证据规定热点解读之六至正论法上海二中院.md|wiki/syntheses/Court_至正法律研究_新民事证据规定热点解读之六至正论法上海二中院.md
NEW|sources/微信公号资料/上海二中院/上海二中院-至正法律研究-md/[2020-04-24]新民事证据规定热点解读之七至正论法上海二中院.md|wiki/syntheses/Court_至正法律研究_新民事证据规定热点解读之七至正论法上海二中院.md
NEW|sources/微信公号资料/上海二中院/上海二中院-至正法律研究-md/[2020-05-08]从曹操杀吕伯奢论正当防卫至正论法上海二中院.md|wiki/syntheses/Court_至正法律研究_从曹操杀吕伯奢论正当防卫至正论法上海二中院.md
NEW|sources/微信公号资料/上海二中院/上海二中院-至正法律研究-md/[2020-05-19]被告人认罪认罚后法院量刑权何去何从至正论法上海二中院.md|wiki/syntheses/Court_至正法律研究_被告人认罪认罚后法院量刑权何去何从至正论法上海二中院.md
NEW|sources/微信公号资料/上海二中院/上海二中院-至正法律研究-md/[2020-05-21]papi酱的孩子跟谁姓请看法律人的打开方式至正论法上海二中院.md|wiki/syntheses/Court_至正法律研究_papi酱的孩子跟谁姓请看法律人的打开方式至正论法上海二中院.md
NEW|sources/微信公号资料/上海二中院/上海二中院-至正法律研究-md/[2020-05-27]建议收藏民法典的前世今生至正论法上海二中院.md|wiki/syntheses/Court_至正法律研究_建议收藏民法典的前世今生至正论法上海二中院.md
NEW|sources/微信公号资料/上海二中院/上海二中院-至正法律研究-md/[2020-06-10]王晓梅法庭宣誓制度的来龙去脉至正论法上海二中院.md|wiki/syntheses/Court_至正法律研究_王晓梅法庭宣誓制度的来龙去脉至正论法上海二中院.md
NEW|sources/微信公号资料/上海二中院/上海二中院-至正法律研究-md/[2020-06-16]个人信息频繁被盗得治治这条虫了至正论法上海二中院.md|wiki/syntheses/Court_至正法律研究_个人信息频繁被盗得治治这条虫了至正论法上海二中院.md
NEW|sources/微信公号资料/上海二中院/上海二中院-至正法律研究-md/[2020-06-30]末位淘汰可否成为企业管理的有效手段至正论法上海二中院.md|wiki/syntheses/Court_至正法律研究_末位淘汰可否成为企业管理的有效手段至正论法上海二中院.md
NEW|sources/微信公号资料/上海二中院/上海二中院-至正法律研究-md/[2020-07-07]民法典能否庇护靳东如果岁月可回头的小伙伴们至正论法.md|wiki/syntheses/Court_至正法律研究_民法典能否庇护靳东如果岁月可回头的小伙伴们至正论法.md
NEW|sources/微信公号资料/上海二中院/上海二中院-至正法律研究-md/[2020-07-14]对九民纪要公司印章效力认定规则的理解和适用至正论法.md|wiki/syntheses/Court_至正法律研究_对九民纪要公司印章效力认定规则的理解和适用至正论法.md
NEW|sources/微信公号资料/上海二中院/上海二中院-至正法律研究-md/[2020-07-24]对九民纪要债权人向破产终结企业相关人员追责规则的理解和适用至正论法.md|wiki/syntheses/Court_至正法律研究_对九民纪要债权人向破产终结企业相关人员追责规则的理解和适用至正论法.md
NEW|sources/微信公号资料/上海二中院/上海二中院-至正法律研究-md/[2020-07-30]谁可以发起诉讼来确认隐名股东的股东资格至正论法.md|wiki/syntheses/Court_至正法律研究_谁可以发起诉讼来确认隐名股东的股东资格至正论法.md
NEW|sources/微信公号资料/上海二中院/上海二中院-至正法律研究-md/[2020-08-05]被冒名顶替的人生何以救赎至正论法.md|wiki/syntheses/Court_至正法律研究_被冒名顶替的人生何以救赎至正论法.md
NEW|sources/微信公号资料/上海二中院/上海二中院-至正法律研究-md/[2020-08-12]玄玉宝民法典时间效力初探至正论法.md|wiki/syntheses/Court_至正法律研究_玄玉宝民法典时间效力初探至正论法.md
NEW|sources/微信公号资料/上海二中院/上海二中院-至正法律研究-md/[2020-09-01]民法典对肖像权保护的重新定义至正论法.md|wiki/syntheses/Court_至正法律研究_民法典对肖像权保护的重新定义至正论法.md
NEW|sources/微信公号资料/上海二中院/上海二中院-至正法律研究-md/[2020-09-09]代孕视角下民法典亲子关系确认规则至正论法.md|wiki/syntheses/Court_至正法律研究_代孕视角下民法典亲子关系确认规则至正论法.md
NEW|sources/微信公号资料/上海二中院/上海二中院-至正法律研究-md/[2020-10-21]探望权困局如何破至正论法.md|wiki/syntheses/Court_至正法律研究_探望权困局如何破至正论法.md
NEW|sources/微信公号资料/上海二中院/上海二中院-至正法律研究-md/[2020-11-26]消法退一赔三规则及案例的梳理总结至正论法.md|wiki/syntheses/Court_至正法律研究_消法退一赔三规则及案例的梳理总结至正论法.md
NEW|sources/微信公号资料/上海二中院/上海二中院-至正法律研究-md/[2021-01-06]校园伤害归则原则及案例梳理至正论法.md|wiki/syntheses/Court_至正法律研究_校园伤害归则原则及案例梳理至正论法.md
NEW|sources/微信公号资料/上海二中院/上海二中院-至正法律研究-md/[2021-01-27]涉国有商事案件中常见诉讼风险及其防范至正论法.md|wiki/syntheses/Court_至正法律研究_涉国有商事案件中常见诉讼风险及其防范至正论法.md
NEW|sources/微信公号资料/上海二中院/上海二中院-至正法律研究-md/[2021-03-10]建议收藏涉商事司法解释新旧对照评释一至正论法.md|wiki/syntheses/Court_至正法律研究_建议收藏涉商事司法解释新旧对照评释一至正论法.md
NEW|sources/微信公号资料/上海二中院/上海二中院-至正法律研究-md/[2021-03-24]二手车买卖中的欺诈和退一赔三至正论法.md|wiki/syntheses/Court_至正法律研究_二手车买卖中的欺诈和退一赔三至正论法.md
NEW|sources/微信公号资料/上海二中院/上海二中院-至正法律研究-md/[2021-04-27]孩子的这笔钱能分吗至正论法.md|wiki/syntheses/Court_至正法律研究_孩子的这笔钱能分吗至正论法.md
NEW|sources/微信公号资料/上海二中院/上海二中院-至正法律研究-md/[2021-05-21]等红灯玩手机违法吗至正论法.md|wiki/syntheses/Court_至正法律研究_等红灯玩手机违法吗至正论法.md
NEW|sources/微信公号资料/上海二中院/上海二中院-至正法律研究-md/[2021-06-02]当二手房买卖遇到违法建筑至正论法.md|wiki/syntheses/Court_至正法律研究_当二手房买卖遇到违法建筑至正论法.md
NEW|sources/微信公号资料/上海二中院/上海二中院-至正法律研究-md/[2021-07-07]民法典婚姻家庭编司法解释一对照学习至正论法.md|wiki/syntheses/Court_至正法律研究_民法典婚姻家庭编司法解释一对照学习至正论法.md
NEW|sources/微信公号资料/上海二中院/上海二中院-至正法律研究-md/[2021-08-24]阿里女员工案背后的法律知识至正论法.md|wiki/syntheses/Court_至正法律研究_阿里女员工案背后的法律知识至正论法.md
NEW|sources/微信公号资料/上海二中院/上海二中院-至正法律研究-md/[2021-09-02]建设工程价款PK抵押权至正论法.md|wiki/syntheses/Court_至正法律研究_建设工程价款PK抵押权至正论法.md
NEW|sources/微信公号资料/上海二中院/上海二中院-至正法律研究-md/[2021-12-07]经营场所安全保障义务知多少至正论法.md|wiki/syntheses/Court_至正法律研究_经营场所安全保障义务知多少至正论法.md
NEW|sources/微信公号资料/上海二中院/上海二中院-至正法律研究-md/[2021-12-29]从霍尊前女友涉案看利用信息网络实施敲诈勒索至正论法.md|wiki/syntheses/Court_至正法律研究_从霍尊前女友涉案看利用信息网络实施敲诈勒索至正论法.md
NEW|sources/微信公号资料/上海二中院/上海二中院-至正法律研究-md/[2022-02-10]股权质押未办登记风险谁来担至正论法.md|wiki/syntheses/Court_至正法律研究_股权质押未办登记风险谁来担至正论法.md
NEW|sources/微信公号资料/上海二中院/上海二中院-至正法律研究-md/[2022-02-16]二中人给情侣们的1314个买房指南至正论法.md|wiki/syntheses/Court_至正法律研究_二中人给情侣们的1314个买房指南至正论法.md
NEW|sources/微信公号资料/上海二中院/上海二中院-至正法律研究-md/[2022-02-22]买房跳单那些事至正论法.md|wiki/syntheses/Court_至正法律研究_买房跳单那些事至正论法.md
NEW|sources/微信公号资料/上海二中院/上海二中院-至正法律研究-md/[2022-03-15]盲盒风险知多少至正论法.md|wiki/syntheses/Court_至正法律研究_盲盒风险知多少至正论法.md
NEW|sources/微信公号资料/上海二中院/上海二中院-至正法律研究-md/[2022-03-29]疫如既往学专业关注八孩事件.md|wiki/syntheses/Court_至正法律研究_疫如既往学专业关注八孩事件.md
NEW|sources/微信公号资料/上海二中院/上海二中院-至正法律研究-md/[2022-06-09]浅析红楼梦二三事至正论法.md|wiki/syntheses/Court_至正法律研究_浅析红楼梦二三事至正论法.md
NEW|sources/微信公号资料/上海二中院/上海二中院-至正法律研究-md/[2022-06-16]寻衅滋事罪的表现形式与认定至正论法.md|wiki/syntheses/Court_至正法律研究_寻衅滋事罪的表现形式与认定至正论法.md
NEW|sources/微信公号资料/上海二中院/上海二中院-至正法律研究-md/[2022-06-23]新型毒品到底多会装至正论法.md|wiki/syntheses/Court_至正法律研究_新型毒品到底多会装至正论法.md
NEW|sources/微信公号资料/上海二中院/上海二中院-至正法律研究-md/[2022-07-05]面对大V跟不跟至正论法.md|wiki/syntheses/Court_至正法律研究_面对大V跟不跟至正论法.md
NEW|sources/微信公号资料/上海二中院/上海二中院-至正法律研究-md/[2022-07-12]风险代理费损失应当由谁承担至正论法.md|wiki/syntheses/Court_至正法律研究_风险代理费损失应当由谁承担至正论法.md
NEW|sources/微信公号资料/上海二中院/上海二中院-至正法律研究-md/[2022-07-26]自动驾驶汽车致人损害的责任认定至正论法.md|wiki/syntheses/Court_至正法律研究_自动驾驶汽车致人损害的责任认定至正论法.md
NEW|sources/微信公号资料/上海二中院/上海二中院-至正法律研究-md/[2022-08-03]关于婚恋的那些传说至正论法.md|wiki/syntheses/Court_至正法律研究_关于婚恋的那些传说至正论法.md
NEW|sources/微信公号资料/上海二中院/上海二中院-至正法律研究-md/[2022-08-09]再不关心就至正论法.md|wiki/syntheses/Court_至正法律研究_再不关心就至正论法.md
NEW|sources/微信公号资料/上海二中院/上海二中院-至正法律研究-md/[2022-09-15]贷款买房中的违约责任分析至正论法.md|wiki/syntheses/Court_至正法律研究_贷款买房中的违约责任分析至正论法.md
NEW|sources/微信公号资料/上海二中院/上海二中院-至正法律研究-md/[2022-09-20]说不的底气至正论法.md|wiki/syntheses/Court_至正法律研究_说不的底气至正论法.md
NEW|sources/微信公号资料/上海二中院/上海二中院-至正法律研究-md/[2022-11-29]游戏氪金的那些坑至正论法.md|wiki/syntheses/Court_至正法律研究_游戏氪金的那些坑至正论法.md
NEW|sources/微信公号资料/上海二中院/上海二中院-至正法律研究-md/[2022-12-08]车险背后的五大骗局至正论法.md|wiki/syntheses/Court_至正法律研究_车险背后的五大骗局至正论法.md
NEW|sources/微信公号资料/上海二中院/上海二中院-至正法律研究-md/[2022-12-20]以物抵债协议无效的救济路径至正论法.md|wiki/syntheses/Court_至正法律研究_以物抵债协议无效的救济路径至正论法.md
NEW|sources/微信公号资料/上海二中院/上海二中院-至正法律研究-md/[2023-02-28]虚假征信诈骗的常见套路与防范至正论法.md|wiki/syntheses/Court_至正法律研究_虚假征信诈骗的常见套路与防范至正论法.md
NEW|sources/微信公号资料/上海二中院/上海二中院-至正法律研究-md/[2023-04-11]仅有转账凭证的民间借贷案件举证责任如何分配至正论法.md|wiki/syntheses/Court_至正法律研究_仅有转账凭证的民间借贷案件举证责任如何分配至正论法.md
NEW|sources/微信公号资料/上海二中院/上海二中院-至正法律研究-md/[2023-06-19]一房二卖罪与非罪如何认定至正论法.md|wiki/syntheses/Court_至正法律研究_一房二卖罪与非罪如何认定至正论法.md
NEW|sources/微信公号资料/上海二中院/上海二中院-至正法律研究-md/[2023-07-04]租赁房屋装饰装修恢复原状请求权如何行使至正论法.md|wiki/syntheses/Court_至正法律研究_租赁房屋装饰装修恢复原状请求权如何行使至正论法.md
NEW|sources/微信公号资料/上海二中院/上海二中院-至正法律研究-md/[2023-09-06]商事外观的遵守与突破至正论法.md|wiki/syntheses/Court_至正法律研究_商事外观的遵守与突破至正论法.md
NEW|sources/微信公号资料/上海二中院/上海二中院-至正法律研究-md/[2023-10-07]非法证券投资咨询如何认定至正论法.md|wiki/syntheses/Court_至正法律研究_非法证券投资咨询如何认定至正论法.md
NEW|sources/微信公号资料/上海二中院/上海二中院-至正法律研究-md/[2024-02-26]正当防卫若干司法规则的确立与证明责任的界定上至正法律研究.md|wiki/syntheses/Court_至正法律研究_正当防卫若干司法规则的确立与证明责任的界定上至正法律研究.md
NEW|sources/微信公号资料/上海二中院/上海二中院-至正法律研究-md/[2024-03-25]罗开卷论诈骗数额认定与成本扣除至正法律研究.md|wiki/syntheses/Court_至正法律研究_罗开卷论诈骗数额认定与成本扣除至正法律研究.md
NEW|sources/微信公号资料/上海二中院/上海二中院-至正法律研究-md/[2024-04-10]罗开卷涉第三方支付侵财犯罪的类型化定罪思路至正法律研究.md|wiki/syntheses/Court_至正法律研究_罗开卷涉第三方支付侵财犯罪的类型化定罪思路至正法律研究.md
NEW|sources/微信公号资料/上海二中院/上海二中院-至正法律研究-md/[2024-05-06]自认案件的证据规则与审判逻辑至正法律研究.md|wiki/syntheses/Court_至正法律研究_自认案件的证据规则与审判逻辑至正法律研究.md
NEW|sources/微信公号资料/上海二中院/上海二中院-至正法律研究-md/[2024-06-13]打电话拉人进退费群并领报酬违法犯罪吗至正法律研究.md|wiki/syntheses/Court_至正法律研究_打电话拉人进退费群并领报酬违法犯罪吗至正法律研究.md
NEW|sources/微信公号资料/上海二中院/上海二中院-至正法律研究-md/[2024-07-09]连带债权的法律适用至正法律研究.md|wiki/syntheses/Court_至正法律研究_连带债权的法律适用至正法律研究.md
NEW|sources/微信公号资料/上海二中院/上海二中院-至正法律研究-md/[2024-08-02]罗开卷寻衅滋事罪和故意毁坏财物罪的区分至正法律研究.md|wiki/syntheses/Court_至正法律研究_罗开卷寻衅滋事罪和故意毁坏财物罪的区分至正法律研究.md
NEW|sources/微信公号资料/上海二中院/上海二中院-至正法律研究-md/[2024-08-15]居住权的进路探索及裁判规则构造至正法律研究.md|wiki/syntheses/Court_至正法律研究_居住权的进路探索及裁判规则构造至正法律研究.md
NEW|sources/微信公号资料/上海二中院/上海二中院-至正法律研究-md/[2024-08-29]贪污贿赂犯罪10大认识误区至正法律研究.md|wiki/syntheses/Court_至正法律研究_贪污贿赂犯罪10大认识误区至正法律研究.md
NEW|sources/微信公号资料/上海二中院/上海二中院-至正法律研究-md/[2024-10-09]荣学磊代位权诉讼中债务人可否处分或收取次债权至正法律研究.md|wiki/syntheses/Court_至正法律研究_荣学磊代位权诉讼中债务人可否处分或收取次债权至正法律研究.md
NEW|sources/微信公号资料/上海二中院/上海二中院-至正法律研究-md/[2025-05-27]北大法学院控辩审实务课程非法买卖运输储存爆炸物罪的认定思路至正法律研究.md|wiki/syntheses/Court_至正法律研究_北大法学院控辩审实务课程非法买卖运输储存爆炸物罪的认定思路至正法律研究.md
NEW|sources/微信公号资料/上海二中院/上海二中院-至正法律研究-md/[2025-06-03]北大法学院控辩审实务课程徇私枉法罪中的实务问题至正法律研究.md|wiki/syntheses/Court_至正法律研究_北大法学院控辩审实务课程徇私枉法罪中的实务问题至正法律研究.md
NEW|sources/微信公号资料/上海二中院/上海二中院-至正法律研究-md/[2025-06-16]北大法学院控辩审实务课程挪用公款罪中的实务问题至正法律研究.md|wiki/syntheses/Court_至正法律研究_北大法学院控辩审实务课程挪用公款罪中的实务问题至正法律研究.md
NEW|sources/微信公号资料/上海二中院/上海二中院-至正法律研究-md/[2025-08-05]对赌协议回购权纠纷实务疑难问题研究一至正法律研究.md|wiki/syntheses/Court_至正法律研究_对赌协议回购权纠纷实务疑难问题研究一至正法律研究.md
NEW|sources/微信公号资料/上海二中院/上海二中院-至正法律研究-md/[2025-11-06]北大法学院控辩审实务课程票据诈骗罪中的疑难复杂问题及解决路径至正法律研究.md|wiki/syntheses/Court_至正法律研究_北大法学院控辩审实务课程票据诈骗罪中的疑难复杂问题及解决路径至正法律研究.md
NEW|sources/微信公号资料/上海二中院/上海二中院-至正法律研究-md/[2026-01-13]北大法学院控辩审实务课程驾车拖行致死案主观故意的认定至正法律研究.md|wiki/syntheses/Court_至正法律研究_北大法学院控辩审实务课程驾车拖行致死案主观故意的认定至正法律研究.md
NEW|sources/微信公号资料/上海高院/上海高院-办案心法-md/[2022-06-20]如何在法庭上识别谎言找出真相丨办案心法.md|wiki/summaries/summary_20220620_上海高院_办案心法_如何在法庭上识别谎言找出真相丨办案心法.md
NEW|sources/微信公号资料/上海高院/上海高院-办案心法-md/[2022-06-27]如何做好家事纠纷案件的调解工作丨办案心法.md|wiki/summaries/summary_20220627_上海高院_办案心法_如何做好家事纠纷案件的调解工作丨办案心法.md
NEW|sources/微信公号资料/上海高院/上海高院-办案心法-md/[2022-07-04]如何在调研中提高办案能力丨办案心法.md|wiki/summaries/summary_20220704_上海高院_办案心法_如何在调研中提高办案能力丨办案心法.md
NEW|sources/微信公号资料/上海高院/上海高院-办案心法-md/[2022-07-11]如何在知产案件的审理中开展书状先行丨办案心法.md|wiki/summaries/summary_20220711_上海高院_办案心法_如何在知产案件的审理中开展书状先行丨办案心法.md
NEW|sources/微信公号资料/上海高院/上海高院-办案心法-md/[2022-07-18]如何妥当处理逾期举证丨办案心法.md|wiki/summaries/summary_20220718_上海高院_办案心法_如何妥当处理逾期举证丨办案心法.md
NEW|sources/微信公号资料/上海高院/上海高院-办案心法-md/[2022-07-25]如何有效应对被告人当庭翻供丨办案心法.md|wiki/summaries/summary_20220725_上海高院_办案心法_如何有效应对被告人当庭翻供丨办案心法.md
NEW|sources/微信公号资料/上海高院/上海高院-办案心法-md/[2022-08-01]如何在商事案件的处理中开展要素式审判丨办案心法.md|wiki/summaries/summary_20220801_上海高院_办案心法_如何在商事案件的处理中开展要素式审判丨办案心法.md
NEW|sources/微信公号资料/上海高院/上海高院-办案心法-md/[2022-08-08]如何做好金融商事纠纷案件的调解工作丨办案心法.md|wiki/summaries/summary_20220808_上海高院_办案心法_如何做好金融商事纠纷案件的调解工作丨办案心法.md
NEW|sources/微信公号资料/上海高院/上海高院-办案心法-md/[2022-08-22]如何审理侵害商标权纠纷案件丨办案心法.md|wiki/summaries/summary_20220822_上海高院_办案心法_如何审理侵害商标权纠纷案件丨办案心法.md
NEW|sources/微信公号资料/上海高院/上海高院-办案心法-md/[2022-09-05]如何高效无纸化办案丨办案心法.md|wiki/summaries/summary_20220905_上海高院_办案心法_如何高效无纸化办案丨办案心法.md
NEW|sources/微信公号资料/上海高院/上海高院-办案心法-md/[2022-09-19]九步解锁劳动争议案件丨办案心法.md|wiki/summaries/summary_20220919_上海高院_办案心法_九步解锁劳动争议案件丨办案心法.md
NEW|sources/微信公号资料/上海高院/上海高院-办案心法-md/[2022-09-26]法官遇到非法律专业问题怎么办丨办案心法.md|wiki/summaries/summary_20220926_上海高院_办案心法_法官遇到非法律专业问题怎么办丨办案心法.md
NEW|sources/微信公号资料/上海高院/上海高院-办案心法-md/[2022-10-31]如何在调研中提出问题反哺审判丨办案心法.md|wiki/summaries/summary_20221031_上海高院_办案心法_如何在调研中提出问题反哺审判丨办案心法.md
NEW|sources/微信公号资料/上海高院/上海高院-办案心法-md/[2022-11-07]一文讲清如何审理计算机软件开发合同纠纷.md|wiki/summaries/summary_20221107_上海高院_办案心法_一文讲清如何审理计算机软件开发合同纠纷.md
NEW|sources/微信公号资料/上海高院/上海高院-办案心法-md/[2022-11-14]办好建工案件这3种思维必不可少.md|wiki/summaries/summary_20221114_上海高院_办案心法_办好建工案件这3种思维必不可少.md
NEW|sources/微信公号资料/上海高院/上海高院-办案心法-md/[2022-11-28]当事人在行政程序中未提交的证据法院在诉讼程序中如何处理.md|wiki/summaries/summary_20221128_上海高院_办案心法_当事人在行政程序中未提交的证据法院在诉讼程序中如何处理.md
NEW|sources/微信公号资料/上海高院/上海高院-办案心法-md/[2022-12-05]刑事法官如何把握宽严相济刑事政策.md|wiki/summaries/summary_20221205_上海高院_办案心法_刑事法官如何把握宽严相济刑事政策.md
NEW|sources/微信公号资料/上海高院/上海高院-办案心法-md/[2022-12-12]环境行政案件的司法审查要点.md|wiki/summaries/summary_20221212_上海高院_办案心法_环境行政案件的司法审查要点.md
NEW|sources/微信公号资料/上海高院/上海高院-办案心法-md/[2022-12-19]庭审实质化背景下刑事裁判文书应如何充分说理.md|wiki/summaries/summary_20221219_上海高院_办案心法_庭审实质化背景下刑事裁判文书应如何充分说理.md
NEW|sources/微信公号资料/上海高院/上海高院-办案心法-md/[2022-12-26]疑难案件的法律适用不清楚怎么办.md|wiki/summaries/summary_20221226_上海高院_办案心法_疑难案件的法律适用不清楚怎么办.md
NEW|sources/微信公号资料/上海高院/上海高院-办案心法-md/[2023-01-09]法官应如何进行法律观点开示.md|wiki/summaries/summary_20230109_上海高院_办案心法_法官应如何进行法律观点开示.md
NEW|sources/微信公号资料/上海高院/上海高院-办案心法-md/[2023-01-16]船舶碰撞损害责任纠纷案件审理中的特殊规则.md|wiki/summaries/summary_20230116_上海高院_办案心法_船舶碰撞损害责任纠纷案件审理中的特殊规则.md
NEW|sources/微信公号资料/上海高院/上海高院-办案心法-md/[2023-02-06]如何正确把握刑事附带民事诉讼调解的3个维度.md|wiki/summaries/summary_20230206_上海高院_办案心法_如何正确把握刑事附带民事诉讼调解的3个维度.md
NEW|sources/微信公号资料/上海高院/上海高院-办案心法-md/[2023-02-20]审查民商事管辖权异议案件的3个步骤.md|wiki/summaries/summary_20230220_上海高院_办案心法_审查民商事管辖权异议案件的3个步骤.md
NEW|sources/微信公号资料/上海高院/上海高院-办案心法-md/[2023-02-27]对天理国法人情一体化刑事裁判理念与方法的思考.md|wiki/summaries/summary_20230227_上海高院_办案心法_对天理国法人情一体化刑事裁判理念与方法的思考.md
NEW|sources/微信公号资料/上海高院/上海高院-办案心法-md/[2023-03-13]侵权责任纠纷中如何认定和应用因果关系.md|wiki/summaries/summary_20230313_上海高院_办案心法_侵权责任纠纷中如何认定和应用因果关系.md
NEW|sources/微信公号资料/上海高院/上海高院-办案心法-md/[2023-03-20]从3个维度理解家事纠纷中的最有利于未成年子女原则.md|wiki/summaries/summary_20230320_上海高院_办案心法_从3个维度理解家事纠纷中的最有利于未成年子女原则.md
NEW|sources/微信公号资料/上海高院/上海高院-办案心法-md/[2023-03-27]如何做好知识产权纠纷案件的调解工作.md|wiki/summaries/summary_20230327_上海高院_办案心法_如何做好知识产权纠纷案件的调解工作.md
NEW|sources/微信公号资料/上海高院/上海高院-办案心法-md/[2023-04-03]如何在鸡毛蒜皮的小事中练就调解功法.md|wiki/summaries/summary_20230403_上海高院_办案心法_如何在鸡毛蒜皮的小事中练就调解功法.md
NEW|sources/微信公号资料/上海高院/上海高院-办案心法-md/[2023-04-10]如何办好涉海洋长江环境资源保护类海事行政案件.md|wiki/summaries/summary_20230410_上海高院_办案心法_如何办好涉海洋长江环境资源保护类海事行政案件.md
NEW|sources/微信公号资料/上海高院/上海高院-办案心法-md/[2023-04-17]三合一集中审理背景下如何办好环境资源案件.md|wiki/summaries/summary_20230417_上海高院_办案心法_三合一集中审理背景下如何办好环境资源案件.md
NEW|sources/微信公号资料/上海高院/上海高院-办案心法-md/[2023-04-24]如何审查知识产权诉前行为保全案件.md|wiki/summaries/summary_20230424_上海高院_办案心法_如何审查知识产权诉前行为保全案件.md
NEW|sources/微信公号资料/上海高院/上海高院-办案心法-md/[2023-05-08]金融司法如何在多元的价值冲突中寻求最佳裁判效果.md|wiki/summaries/summary_20230508_上海高院_办案心法_金融司法如何在多元的价值冲突中寻求最佳裁判效果.md
NEW|sources/微信公号资料/上海高院/上海高院-办案心法-md/[2023-05-22]办理金融案件需要注意的4个问题.md|wiki/summaries/summary_20230522_上海高院_办案心法_办理金融案件需要注意的4个问题.md
NEW|sources/微信公号资料/上海高院/上海高院-办案心法-md/[2023-06-05]涉外刑事审判中的五必查.md|wiki/summaries/summary_20230605_上海高院_办案心法_涉外刑事审判中的五必查.md
NEW|sources/微信公号资料/上海高院/上海高院-办案心法-md/[2023-06-12]证券行政处罚案件的司法审查思路.md|wiki/summaries/summary_20230612_上海高院_办案心法_证券行政处罚案件的司法审查思路.md
NEW|sources/微信公号资料/上海高院/上海高院-办案心法-md/[2023-06-19]办理破产重整案件的理念方法与实践.md|wiki/summaries/summary_20230619_上海高院_办案心法_办理破产重整案件的理念方法与实践.md
NEW|sources/微信公号资料/上海高院/上海高院-办案心法-md/[2023-07-03]4个步骤准确适用自甘风险规则.md|wiki/summaries/summary_20230703_上海高院_办案心法_4个步骤准确适用自甘风险规则.md
NEW|sources/微信公号资料/上海高院/上海高院-办案心法-md/[2023-07-10]44图详解最高人民法院关于审理建设工程施工合同纠纷案件适用法律问题的解释一.md|wiki/summaries/summary_20230710_上海高院_办案心法_44图详解最高人民法院关于审理建设工程施工合同纠纷案件适用法律问题的解释一.md
NEW|sources/微信公号资料/上海高院/上海高院-办案心法-md/[2023-07-17]如何在诉讼程序中努力实现依法实质性化解纠纷.md|wiki/summaries/summary_20230717_上海高院_办案心法_如何在诉讼程序中努力实现依法实质性化解纠纷.md
NEW|sources/微信公号资料/上海高院/上海高院-办案心法-md/[2023-07-24]保险合同格式条款的效力审查规则.md|wiki/summaries/summary_20230724_上海高院_办案心法_保险合同格式条款的效力审查规则.md
NEW|sources/微信公号资料/上海高院/上海高院-办案心法-md/[2023-08-07]基层法院民商事法官践行能动司法理念的4个维度.md|wiki/summaries/summary_20230807_上海高院_办案心法_基层法院民商事法官践行能动司法理念的4个维度.md
NEW|sources/微信公号资料/上海高院/上海高院-办案心法-md/[2023-08-14]如何实现刑事个案裁判的社会引导效果.md|wiki/summaries/summary_20230814_上海高院_办案心法_如何实现刑事个案裁判的社会引导效果.md
NEW|sources/微信公号资料/上海高院/上海高院-办案心法-md/[2023-08-21]计算机软件著作权侵权的判定方法.md|wiki/summaries/summary_20230821_上海高院_办案心法_计算机软件著作权侵权的判定方法.md
NEW|sources/微信公号资料/上海高院/上海高院-办案心法-md/[2023-09-04]刑事法官如何在疑难复杂案件中做好事实阐述与证据审查.md|wiki/summaries/summary_20230904_上海高院_办案心法_刑事法官如何在疑难复杂案件中做好事实阐述与证据审查.md
NEW|sources/微信公号资料/上海高院/上海高院-办案心法-md/[2023-09-11]商事案件中如何确定请求权基础.md|wiki/summaries/summary_20230911_上海高院_办案心法_商事案件中如何确定请求权基础.md
NEW|sources/微信公号资料/上海高院/上海高院-办案心法-md/[2023-09-18]如何审查民事案件中的证人证言.md|wiki/summaries/summary_20230918_上海高院_办案心法_如何审查民事案件中的证人证言.md
NEW|sources/微信公号资料/上海高院/上海高院-办案心法-md/[2023-09-25]如何在知产刑事案件中适用认罪认罚从宽制度.md|wiki/summaries/summary_20230925_上海高院_办案心法_如何在知产刑事案件中适用认罪认罚从宽制度.md
NEW|sources/微信公号资料/上海高院/上海高院-办案心法-md/[2023-10-09]如何在证券群体性纠纷中适用代表人诉讼制度.md|wiki/summaries/summary_20231009_上海高院_办案心法_如何在证券群体性纠纷中适用代表人诉讼制度.md
NEW|sources/微信公号资料/上海高院/上海高院-办案心法-md/[2023-10-16]如何在环境资源审判中践行恢复性司法理念.md|wiki/summaries/summary_20231016_上海高院_办案心法_如何在环境资源审判中践行恢复性司法理念.md
NEW|sources/微信公号资料/上海高院/上海高院-办案心法-md/[2023-10-23]如何做好商事调解工作实现一次性解决纠纷.md|wiki/summaries/summary_20231023_上海高院_办案心法_如何做好商事调解工作实现一次性解决纠纷.md
NEW|sources/微信公号资料/上海高院/上海高院-办案心法-md/[2023-10-30]债权人撤销权诉讼的要素式审查.md|wiki/summaries/summary_20231030_上海高院_办案心法_债权人撤销权诉讼的要素式审查.md
NEW|sources/微信公号资料/上海高院/上海高院-办案心法-md/[2023-11-13]商事审判中处理民刑交叉案件需要注意的三个问题.md|wiki/summaries/summary_20231113_上海高院_办案心法_商事审判中处理民刑交叉案件需要注意的三个问题.md
NEW|sources/微信公号资料/上海高院/上海高院-办案心法-md/[2023-11-20]刑事法官应如何强化言词证据审查.md|wiki/summaries/summary_20231120_上海高院_办案心法_刑事法官应如何强化言词证据审查.md
NEW|sources/微信公号资料/上海高院/上海高院-办案心法-md/[2023-11-27]谁来证明我有过错行政处罚中主观过错证明责任的分配.md|wiki/summaries/summary_20231127_上海高院_办案心法_谁来证明我有过错行政处罚中主观过错证明责任的分配.md
NEW|sources/微信公号资料/上海高院/上海高院-办案心法-md/[2023-12-04]确认劳动关系纠纷案件的2个审查难点和4个审查要点.md|wiki/summaries/summary_20231204_上海高院_办案心法_确认劳动关系纠纷案件的2个审查难点和4个审查要点.md
NEW|sources/微信公号资料/上海高院/上海高院-办案心法-md/[2023-12-11]商业秘密侵权认定的审理思路及审查要点.md|wiki/summaries/summary_20231211_上海高院_办案心法_商业秘密侵权认定的审理思路及审查要点.md
NEW|sources/微信公号资料/上海高院/上海高院-办案心法-md/[2023-12-18]电子商务平台经营者知识产权侵权责任的判断.md|wiki/summaries/summary_20231218_上海高院_办案心法_电子商务平台经营者知识产权侵权责任的判断.md
NEW|sources/微信公号资料/上海高院/上海高院-办案心法-md/[2023-12-25]信息网络买卖合同纠纷案件的审理思路与要点.md|wiki/summaries/summary_20231225_上海高院_办案心法_信息网络买卖合同纠纷案件的审理思路与要点.md
NEW|sources/微信公号资料/上海高院/上海高院-办案心法-md/[2024-01-08]诉讼程序与法律适用涉外民商事案件的审理要点.md|wiki/summaries/summary_20240108_上海高院_办案心法_诉讼程序与法律适用涉外民商事案件的审理要点.md
NEW|sources/微信公号资料/上海高院/上海高院-办案心法-md/[2024-01-15]穿透式思维在金融商事审判中的运用.md|wiki/summaries/summary_20240115_上海高院_办案心法_穿透式思维在金融商事审判中的运用.md
NEW|sources/微信公号资料/上海高院/上海高院-办案心法-md/[2024-01-22]快件损失赔偿金额的司法审查与认定.md|wiki/summaries/summary_20240122_上海高院_办案心法_快件损失赔偿金额的司法审查与认定.md
NEW|sources/微信公号资料/上海高院/上海高院-办案心法-md/[2024-01-29]运用两情三心四理工作法做好涉诉未成年人的关爱工作.md|wiki/summaries/summary_20240129_上海高院_办案心法_运用两情三心四理工作法做好涉诉未成年人的关爱工作.md
NEW|sources/微信公号资料/上海高院/上海高院-办案心法-md/[2024-02-05]刑事法官如何准确把握和展现争议焦点.md|wiki/summaries/summary_20240205_上海高院_办案心法_刑事法官如何准确把握和展现争议焦点.md
NEW|sources/微信公号资料/上海高院/上海高院-办案心法-md/[2024-02-19]如何正确适用安全保障义务条款合理划分责任比例.md|wiki/summaries/summary_20240219_上海高院_办案心法_如何正确适用安全保障义务条款合理划分责任比例.md
NEW|sources/微信公号资料/上海高院/上海高院-办案心法-md/[2024-02-26]如何审理职务发明奖酬纠纷案件.md|wiki/summaries/summary_20240226_上海高院_办案心法_如何审理职务发明奖酬纠纷案件.md
NEW|sources/微信公号资料/上海高院/上海高院-办案心法-md/[2024-03-04]如何适用正当程序原则审查行政行为的合法性.md|wiki/summaries/summary_20240304_上海高院_办案心法_如何适用正当程序原则审查行政行为的合法性.md
NEW|sources/微信公号资料/上海高院/上海高院-办案心法-md/[2024-03-11]3张清单理清未成年子女抚养权案件处理思路.md|wiki/summaries/summary_20240311_上海高院_办案心法_3张清单理清未成年子女抚养权案件处理思路.md
NEW|sources/微信公号资料/上海高院/上海高院-办案心法-md/[2024-03-18]金融民刑交叉案件中同一事实的判断标准.md|wiki/summaries/summary_20240318_上海高院_办案心法_金融民刑交叉案件中同一事实的判断标准.md
NEW|sources/微信公号资料/上海高院/上海高院-办案心法-md/[2024-03-25]如何理解把握刑事裁判中三个平衡要素.md|wiki/summaries/summary_20240325_上海高院_办案心法_如何理解把握刑事裁判中三个平衡要素.md
NEW|sources/微信公号资料/上海高院/上海高院-办案心法-md/[2024-04-01]如何审理海上货物运输合同货损纠纷案件.md|wiki/summaries/summary_20240401_上海高院_办案心法_如何审理海上货物运输合同货损纠纷案件.md
NEW|sources/微信公号资料/上海高院/上海高院-办案心法-md/[2024-04-08]如何在主管异议中审查仲裁协议效力.md|wiki/summaries/summary_20240408_上海高院_办案心法_如何在主管异议中审查仲裁协议效力.md
NEW|sources/微信公号资料/上海高院/上海高院-办案心法-md/[2024-04-15]业主舆论监督是否构成侵害名誉权的司法审查要点.md|wiki/summaries/summary_20240415_上海高院_办案心法_业主舆论监督是否构成侵害名誉权的司法审查要点.md
NEW|sources/微信公号资料/上海高院/上海高院-办案心法-md/[2024-04-22]侵害商标权纠纷案件中惩罚性赔偿的审查要点.md|wiki/summaries/summary_20240422_上海高院_办案心法_侵害商标权纠纷案件中惩罚性赔偿的审查要点.md
NEW|sources/微信公号资料/上海高院/上海高院-办案心法-md/[2024-04-29]商事法官做好司法建议工作的4重思维.md|wiki/summaries/summary_20240429_上海高院_办案心法_商事法官做好司法建议工作的4重思维.md
NEW|sources/微信公号资料/上海高院/上海高院-办案心法-md/[2024-05-06]多维并重办理商事合同纠纷案件的思维路径.md|wiki/summaries/summary_20240506_上海高院_办案心法_多维并重办理商事合同纠纷案件的思维路径.md
NEW|sources/微信公号资料/上海高院/上海高院-办案心法-md/[2024-05-13]机动车交通事故责任纠纷案件的审理思路与要点.md|wiki/summaries/summary_20240513_上海高院_办案心法_机动车交通事故责任纠纷案件的审理思路与要点.md
NEW|sources/微信公号资料/上海高院/上海高院-办案心法-md/[2024-05-20]妥善处理民间借贷纠纷案件的3个理念.md|wiki/summaries/summary_20240520_上海高院_办案心法_妥善处理民间借贷纠纷案件的3个理念.md
NEW|sources/微信公号资料/上海高院/上海高院-办案心法-md/[2024-05-27]案情陈述义务在事实认定中的独立价值及运用.md|wiki/summaries/summary_20240527_上海高院_办案心法_案情陈述义务在事实认定中的独立价值及运用.md
NEW|sources/微信公号资料/上海高院/上海高院-办案心法-md/[2024-06-03]房屋租赁合同效力的司法审查要点.md|wiki/summaries/summary_20240603_上海高院_办案心法_房屋租赁合同效力的司法审查要点.md
NEW|sources/微信公号资料/上海高院/上海高院-办案心法-md/[2024-06-17]如何理解和运用商事审判思维.md|wiki/summaries/summary_20240617_上海高院_办案心法_如何理解和运用商事审判思维.md
NEW|sources/微信公号资料/上海高院/上海高院-办案心法-md/[2024-06-24]如何理解和适用海事诉讼特殊短时效.md|wiki/summaries/summary_20240624_上海高院_办案心法_如何理解和适用海事诉讼特殊短时效.md
NEW|sources/微信公号资料/上海高院/上海高院-办案心法-md/[2024-07-01]未成年人校外运动伤害案件的审理思路及要点.md|wiki/summaries/summary_20240701_上海高院_办案心法_未成年人校外运动伤害案件的审理思路及要点.md
NEW|sources/微信公号资料/上海高院/上海高院-办案心法-md/[2024-07-08]如何办好隐私权纠纷案件.md|wiki/summaries/summary_20240708_上海高院_办案心法_如何办好隐私权纠纷案件.md
NEW|sources/微信公号资料/上海高院/上海高院-办案心法-md/[2024-07-15]如何推进多元解纷实质性化解行政争议.md|wiki/summaries/summary_20240715_上海高院_办案心法_如何推进多元解纷实质性化解行政争议.md
NEW|sources/微信公号资料/上海高院/上海高院-办案心法-md/[2024-07-22]如何在刑案审理中实现社会治理理念思维与方法.md|wiki/summaries/summary_20240722_上海高院_办案心法_如何在刑案审理中实现社会治理理念思维与方法.md
NEW|sources/微信公号资料/上海高院/上海高院-办案心法-md/[2024-07-29]涉查封扣押冻结执行裁判案件的审查思路及要点.md|wiki/summaries/summary_20240729_上海高院_办案心法_涉查封扣押冻结执行裁判案件的审查思路及要点.md
NEW|sources/微信公号资料/上海高院/上海高院-办案心法-md/[2024-08-05]客观预备合并之诉的实务探索.md|wiki/summaries/summary_20240805_上海高院_办案心法_客观预备合并之诉的实务探索.md
NEW|sources/微信公号资料/上海高院/上海高院-办案心法-md/[2024-08-12]执行方法讲求五度案结事了护航金融发展.md|wiki/summaries/summary_20240812_上海高院_办案心法_执行方法讲求五度案结事了护航金融发展.md
NEW|sources/微信公号资料/上海高院/上海高院-办案心法-md/[2024-08-19]法律思维的理解和运用.md|wiki/summaries/summary_20240819_上海高院_办案心法_法律思维的理解和运用.md
NEW|sources/微信公号资料/上海高院/上海高院-办案心法-md/[2024-08-26]网络社交平台言论侵害名誉权的司法审查要点.md|wiki/summaries/summary_20240826_上海高院_办案心法_网络社交平台言论侵害名誉权的司法审查要点.md
NEW|sources/微信公号资料/上海高院/上海高院-办案心法-md/[2024-09-02]民商事审判的体系化逻辑.md|wiki/summaries/summary_20240902_上海高院_办案心法_民商事审判的体系化逻辑.md
NEW|sources/微信公号资料/上海高院/上海高院-办案心法-md/[2024-09-09]越权代表行为及其法律后果的审查认定要点.md|wiki/summaries/summary_20240909_上海高院_办案心法_越权代表行为及其法律后果的审查认定要点.md
NEW|sources/微信公号资料/上海高院/上海高院-办案心法-md/[2024-09-23]股权转让纠纷案件的审理思路及要点.md|wiki/summaries/summary_20240923_上海高院_办案心法_股权转让纠纷案件的审理思路及要点.md
NEW|sources/微信公号资料/上海高院/上海高院-办案心法-md/[2024-09-30]起诉书审查实操指南.md|wiki/summaries/summary_20240930_上海高院_办案心法_起诉书审查实操指南.md
NEW|sources/微信公号资料/上海高院/上海高院-办案心法-md/[2024-10-14]上市公司股票执行的思路与要点.md|wiki/summaries/summary_20241014_上海高院_办案心法_上市公司股票执行的思路与要点.md
NEW|sources/微信公号资料/上海高院/上海高院-办案心法-md/[2024-10-21]如何运用日常生活经验法则填补事实与事实间的缝隙.md|wiki/summaries/summary_20241021_上海高院_办案心法_如何运用日常生活经验法则填补事实与事实间的缝隙.md
NEW|sources/微信公号资料/上海高院/上海高院-办案心法-md/[2024-10-28]民事诉讼中如何有效送达诉讼文书.md|wiki/summaries/summary_20241028_上海高院_办案心法_民事诉讼中如何有效送达诉讼文书.md
NEW|sources/微信公号资料/上海高院/上海高院-办案心法-md/[2024-11-04]审理民事合同纠纷案件应秉持的4种理念.md|wiki/summaries/summary_20241104_上海高院_办案心法_审理民事合同纠纷案件应秉持的4种理念.md
NEW|sources/微信公号资料/上海高院/上海高院-办案心法-md/[2024-11-11]刑事案件中案发侦破经过的审查思路及要点.md|wiki/summaries/summary_20241111_上海高院_办案心法_刑事案件中案发侦破经过的审查思路及要点.md
NEW|sources/微信公号资料/上海高院/上海高院-办案心法-md/[2024-11-18]践行如我在执努力做好执行工作.md|wiki/summaries/summary_20241118_上海高院_办案心法_践行如我在执努力做好执行工作.md
NEW|sources/微信公号资料/上海高院/上海高院-办案心法-md/[2024-12-02]房企破产申请审查中价值判断的适用及其规则.md|wiki/summaries/summary_20241202_上海高院_办案心法_房企破产申请审查中价值判断的适用及其规则.md
NEW|sources/微信公号资料/上海高院/上海高院-办案心法-md/[2024-12-09]如何落实刑事庭审实质化要求让审判更加公正透明.md|wiki/summaries/summary_20241209_上海高院_办案心法_如何落实刑事庭审实质化要求让审判更加公正透明.md
NEW|sources/微信公号资料/上海高院/上海高院-办案心法-md/[2024-12-16]工伤保险资格认定类案件司法审查要点.md|wiki/summaries/summary_20241216_上海高院_办案心法_工伤保险资格认定类案件司法审查要点.md
NEW|sources/微信公号资料/上海高院/上海高院-办案心法-md/[2024-12-23]大宗不动产的处置思路与办理要点.md|wiki/summaries/summary_20241223_上海高院_办案心法_大宗不动产的处置思路与办理要点.md
NEW|sources/微信公号资料/上海高院/上海高院-办案心法-md/[2025-01-06]涉互联网民事纠纷案件中平台责任的主要类型及审理思路.md|wiki/summaries/summary_20250106_上海高院_办案心法_涉互联网民事纠纷案件中平台责任的主要类型及审理思路.md
NEW|sources/微信公号资料/上海高院/上海高院-办案心法-md/[2025-01-13]环境行政公益诉讼案件的审理思路.md|wiki/summaries/summary_20250113_上海高院_办案心法_环境行政公益诉讼案件的审理思路.md
NEW|sources/微信公号资料/上海高院/上海高院-办案心法-md/[2025-01-20]商事审判中如何运用数字思维.md|wiki/summaries/summary_20250120_上海高院_办案心法_商事审判中如何运用数字思维.md
NEW|sources/微信公号资料/上海高院/上海高院-办案心法-md/[2025-02-10]正确认识和把握行政公益诉讼的受案范围.md|wiki/summaries/summary_20250210_上海高院_办案心法_正确认识和把握行政公益诉讼的受案范围.md
NEW|sources/微信公号资料/上海高院/上海高院-办案心法-md/[2025-02-17]嵌套型私募基金纠纷案件中管理人责任的审理思路.md|wiki/summaries/summary_20250217_上海高院_办案心法_嵌套型私募基金纠纷案件中管理人责任的审理思路.md
NEW|sources/微信公号资料/上海高院/上海高院-办案心法-md/[2025-02-24]受遗赠人接受遗赠的理解与认定.md|wiki/summaries/summary_20250224_上海高院_办案心法_受遗赠人接受遗赠的理解与认定.md
NEW|sources/微信公号资料/上海高院/上海高院-办案心法-md/[2025-03-03]刑事案件中违法所得的认定和处理思路.md|wiki/summaries/summary_20250303_上海高院_办案心法_刑事案件中违法所得的认定和处理思路.md
NEW|sources/微信公号资料/上海高院/上海高院-办案心法-md/[2025-03-10]利益衡量如何在民商事案件中展开.md|wiki/summaries/summary_20250310_上海高院_办案心法_利益衡量如何在民商事案件中展开.md
NEW|sources/微信公号资料/上海高院/上海高院-办案心法-md/[2025-03-17]追加公司股东为被执行人案件审理思路探讨.md|wiki/summaries/summary_20250317_上海高院_办案心法_追加公司股东为被执行人案件审理思路探讨.md
NEW|sources/微信公号资料/上海高院/上海高院-办案心法-md/[2025-03-24]生态环境民事公益诉讼中修复型裁判的主要类型及审理思路.md|wiki/summaries/summary_20250324_上海高院_办案心法_生态环境民事公益诉讼中修复型裁判的主要类型及审理思路.md
NEW|sources/微信公号资料/上海高院/上海高院-办案心法-md/[2025-03-31]如何运用合同解释方法正确认定海上货运代理纠纷性质.md|wiki/summaries/summary_20250331_上海高院_办案心法_如何运用合同解释方法正确认定海上货运代理纠纷性质.md
NEW|sources/微信公号资料/上海高院/上海高院-办案心法-md/[2025-04-07]行政案件中不确定法律概念的理解与适用.md|wiki/summaries/summary_20250407_上海高院_办案心法_行政案件中不确定法律概念的理解与适用.md
NEW|sources/微信公号资料/上海高院/上海高院-办案心法-md/[2025-04-14]如何正确理解与适用反不正当竞争法第六条第四项.md|wiki/summaries/summary_20250414_上海高院_办案心法_如何正确理解与适用反不正当竞争法第六条第四项.md
NEW|sources/微信公号资料/上海高院/上海高院-办案心法-md/[2025-04-21]著作权侵权案件的审理思路.md|wiki/summaries/summary_20250421_上海高院_办案心法_著作权侵权案件的审理思路.md
NEW|sources/微信公号资料/上海高院/上海高院-办案心法-md/[2025-04-28]认罪认罚上诉抗诉案件的裁判思路.md|wiki/summaries/summary_20250428_上海高院_办案心法_认罪认罚上诉抗诉案件的裁判思路.md
NEW|sources/微信公号资料/上海高院/上海高院-办案心法-md/[2025-05-12]民事案件事实查明的场域理念及方法.md|wiki/summaries/summary_20250512_上海高院_办案心法_民事案件事实查明的场域理念及方法.md
NEW|sources/微信公号资料/上海高院/上海高院-办案心法-md/[2025-05-26]审理互联网案件的4种思维.md|wiki/summaries/summary_20250526_上海高院_办案心法_审理互联网案件的4种思维.md
NEW|sources/微信公号资料/上海高院/上海高院-办案心法-md/[2025-06-09]资管产品专项账户的性质认定及执行异议审查.md|wiki/summaries/summary_20250609_上海高院_办案心法_资管产品专项账户的性质认定及执行异议审查.md
NEW|sources/微信公号资料/上海高院/上海高院-办案心法-md/[2025-06-16]玩具还是武器答案不只在一念间刑事法官如何让公平正义具象化.md|wiki/summaries/summary_20250616_上海高院_办案心法_玩具还是武器答案不只在一念间刑事法官如何让公平正义具象化.md
NEW|sources/微信公号资料/上海高院/上海高院-办案心法-md/[2025-06-30]域外法查明适用的正确姿势.md|wiki/summaries/summary_20250630_上海高院_办案心法_域外法查明适用的正确姿势.md
NEW|sources/微信公号资料/上海高院/上海高院-办案心法-md/[2025-07-21]实质董事义务责任体系的审查要点.md|wiki/summaries/summary_20250721_上海高院_办案心法_实质董事义务责任体系的审查要点.md
NEW|sources/微信公号资料/上海高院/上海高院-办案心法-md/[2025-07-28]审理提供劳务者受害责任纠纷案件的4个要点.md|wiki/summaries/summary_20250728_上海高院_办案心法_审理提供劳务者受害责任纠纷案件的4个要点.md
NEW|sources/微信公号资料/上海高院/上海高院-办案心法-md/[2025-08-04]办案心法播客特辑丨追加公司股东为被执行人这类案件审理有哪些关键思路.md|wiki/summaries/summary_20250804_上海高院_办案心法_办案心法播客特辑丨追加公司股东为被执行人这类案件审理有哪些关键思路.md
NEW|sources/微信公号资料/上海高院/上海高院-办案心法-md/[2025-08-11]办案心法播客特辑丨股权转让纠纷如何审理思路要点这里讲清.md|wiki/summaries/summary_20250811_上海高院_办案心法_办案心法播客特辑丨股权转让纠纷如何审理思路要点这里讲清.md
NEW|sources/微信公号资料/上海高院/上海高院-办案心法-md/[2025-08-18]办案心法播客特辑丨3张清单理清未成年子女抚养权案件.md|wiki/summaries/summary_20250818_上海高院_办案心法_办案心法播客特辑丨3张清单理清未成年子女抚养权案件.md
NEW|sources/微信公号资料/上海高院/上海高院-办案心法-md/[2025-08-25]办案心法播客特辑丨妥善处理民间借贷纠纷3个超实用理念.md|wiki/summaries/summary_20250825_上海高院_办案心法_办案心法播客特辑丨妥善处理民间借贷纠纷3个超实用理念.md
NEW|sources/微信公号资料/上海高院/上海高院-办案心法-md/[2025-09-01]办案心法播客特辑丨如何正确适用安全保障义务条款合理划分责任比例.md|wiki/summaries/summary_20250901_上海高院_办案心法_办案心法播客特辑丨如何正确适用安全保障义务条款合理划分责任比例.md
NEW|sources/微信公号资料/上海高院/上海高院-办案心法-md/[2025-09-08]办案心法播客特辑丨商业秘密侵权如何认定从审理思路到审查要点.md|wiki/summaries/summary_20250908_上海高院_办案心法_办案心法播客特辑丨商业秘密侵权如何认定从审理思路到审查要点.md
NEW|sources/微信公号资料/上海高院/上海高院-办案心法-md/[2025-09-15]办案心法播客特辑丨民商事管辖权异议如何审查3个步骤帮你理清.md|wiki/summaries/summary_20250915_上海高院_办案心法_办案心法播客特辑丨民商事管辖权异议如何审查3个步骤帮你理清.md
NEW|sources/微信公号资料/上海高院/上海高院-办案心法-md/[2026-01-05]建设工程纠纷案件司法鉴定程序的审查要点.md|wiki/summaries/summary_20260105_上海高院_办案心法_建设工程纠纷案件司法鉴定程序的审查要点.md
NEW|sources/微信公号资料/上海高院/上海高院-办案心法-md/[2026-01-12]民商事再审新证据怎么认三步走审查法帮你厘清.md|wiki/summaries/summary_20260112_上海高院_办案心法_民商事再审新证据怎么认三步走审查法帮你厘清.md
NEW|sources/微信公号资料/上海高院/上海高院-办案心法-md/[2026-01-19]合同解除权行使的司法审查要点.md|wiki/summaries/summary_20260119_上海高院_办案心法_合同解除权行使的司法审查要点.md
NEW|sources/微信公号资料/上海高院/上海高院-办案心法-md/[2026-01-26]刑事案件中涉案财物的审查方法.md|wiki/summaries/summary_20260126_上海高院_办案心法_刑事案件中涉案财物的审查方法.md
NEW|sources/微信公号资料/上海高院/上海高院-案例参考册-md/[2022-02-24]证券虚假陈述中证券服务机构的责任边界如何界定丨案例参考册.md|wiki/syntheses/Court_案例参考册_证券虚假陈述中证券服务机构的责任边界如何界定丨案例参考册.md
NEW|sources/微信公号资料/上海高院/上海高院-案例参考册-md/[2022-03-03]网店被错误投诉产生损失电商平台要担责吗丨案例参考册.md|wiki/syntheses/Court_案例参考册_网店被错误投诉产生损失电商平台要担责吗丨案例参考册.md
NEW|sources/微信公号资料/上海高院/上海高院-案例参考册-md/[2022-04-01]丈夫打赏主播70多万妻子有权要求返还吗丨案例参考册.md|wiki/syntheses/Court_案例参考册_丈夫打赏主播70多万妻子有权要求返还吗丨案例参考册.md
NEW|sources/微信公号资料/上海高院/上海高院-案例参考册-md/[2022-04-08]以电子签名形式订立的合同具有证据效力吗丨案例参考册.md|wiki/syntheses/Court_案例参考册_以电子签名形式订立的合同具有证据效力吗丨案例参考册.md
NEW|sources/微信公号资料/上海高院/上海高院-案例参考册-md/[2022-04-14]商家被用户差评点评网络平台要承担名誉侵权责任吗丨案例参考册.md|wiki/syntheses/Court_案例参考册_商家被用户差评点评网络平台要承担名誉侵权责任吗丨案例参考册.md
NEW|sources/微信公号资料/上海高院/上海高院-案例参考册-md/[2022-05-05]比特币是否具有财产属性怎样执行返还交付丨案例参考册.md|wiki/syntheses/Court_案例参考册_比特币是否具有财产属性怎样执行返还交付丨案例参考册.md
NEW|sources/微信公号资料/上海高院/上海高院-案例参考册-md/[2022-05-12]合同僵局下违约方请求解除合同法院怎么判丨案例参考册.md|wiki/syntheses/Court_案例参考册_合同僵局下违约方请求解除合同法院怎么判丨案例参考册.md
NEW|sources/微信公号资料/上海高院/上海高院-案例参考册-md/[2022-05-19]从搜狗诉百度输入法专利侵权案看专利权保护范围的确定丨案例参考册.md|wiki/syntheses/Court_案例参考册_从搜狗诉百度输入法专利侵权案看专利权保护范围的确定丨案例参考册.md
NEW|sources/微信公号资料/上海高院/上海高院-案例参考册-md/[2022-05-26]互联网终端软件捆绑安装的认定标准及责任构成丨案例参考册.md|wiki/syntheses/Court_案例参考册_互联网终端软件捆绑安装的认定标准及责任构成丨案例参考册.md
NEW|sources/微信公号资料/上海高院/上海高院-案例参考册-md/[2022-06-16]利用技术手段破坏平台抢购规则构成不正当竞争丨案例参考册.md|wiki/syntheses/Court_案例参考册_利用技术手段破坏平台抢购规则构成不正当竞争丨案例参考册.md
NEW|sources/微信公号资料/上海高院/上海高院-案例参考册-md/[2022-06-23]二手车交易欺诈如何认定丨案例参考册.md|wiki/syntheses/Court_案例参考册_二手车交易欺诈如何认定丨案例参考册.md
NEW|sources/微信公号资料/上海高院/上海高院-案例参考册-md/[2022-06-30]在超市购物摔倒致死超市要担责吗丨案例参考册.md|wiki/syntheses/Court_案例参考册_在超市购物摔倒致死超市要担责吗丨案例参考册.md
NEW|sources/微信公号资料/上海高院/上海高院-案例参考册-md/[2022-07-07]子女系代孕所生丈夫可否认妻子与子女的亲子关系吗丨案例参考册.md|wiki/syntheses/Court_案例参考册_子女系代孕所生丈夫可否认妻子与子女的亲子关系吗丨案例参考册.md
NEW|sources/微信公号资料/上海高院/上海高院-案例参考册-md/[2022-07-21]开发商销售期房时未告知房屋不利因素要承担责任吗丨案例参考册.md|wiki/syntheses/Court_案例参考册_开发商销售期房时未告知房屋不利因素要承担责任吗丨案例参考册.md
NEW|sources/微信公号资料/上海高院/上海高院-案例参考册-md/[2022-07-28]要求支付高额抚养费法院会支持吗丨案例参考册.md|wiki/syntheses/Court_案例参考册_要求支付高额抚养费法院会支持吗丨案例参考册.md
NEW|sources/微信公号资料/上海高院/上海高院-案例参考册-md/[2022-08-04]教辅材料中引用课文是否构成著作权合理使用丨案例参考册.md|wiki/syntheses/Court_案例参考册_教辅材料中引用课文是否构成著作权合理使用丨案例参考册.md
NEW|sources/微信公号资料/上海高院/上海高院-案例参考册-md/[2022-08-11]中介合同纠纷中如何认定委托人是否构成跳单丨案例参考册.md|wiki/syntheses/Court_案例参考册_中介合同纠纷中如何认定委托人是否构成跳单丨案例参考册.md
NEW|sources/微信公号资料/上海高院/上海高院-案例参考册-md/[2022-08-18]游客在自行选择的景点内遭遇意外旅行社需要赔吗丨案例参考册.md|wiki/syntheses/Court_案例参考册_游客在自行选择的景点内遭遇意外旅行社需要赔吗丨案例参考册.md
NEW|sources/微信公号资料/上海高院/上海高院-案例参考册-md/[2022-09-15]新型以房养老协议的司法定性丨案例参考册.md|wiki/syntheses/Court_案例参考册_新型以房养老协议的司法定性丨案例参考册.md
NEW|sources/微信公号资料/上海高院/上海高院-案例参考册-md/[2022-09-22]公司参与交易背景下如何认定高管谋取商业机会丨案例参考册.md|wiki/syntheses/Court_案例参考册_公司参与交易背景下如何认定高管谋取商业机会丨案例参考册.md
NEW|sources/微信公号资料/上海高院/上海高院-案例参考册-md/[2022-10-13]诉中财产保全申请存在主观过错需要赔偿被申请人损失吗丨案例参考册.md|wiki/syntheses/Court_案例参考册_诉中财产保全申请存在主观过错需要赔偿被申请人损失吗丨案例参考册.md
NEW|sources/微信公号资料/上海高院/上海高院-案例参考册-md/[2022-11-03]用户上传未获授权的有声书音频平台构成侵权吗丨案例参考册.md|wiki/syntheses/Court_案例参考册_用户上传未获授权的有声书音频平台构成侵权吗丨案例参考册.md
NEW|sources/微信公号资料/上海高院/上海高院-案例参考册-md/[2022-11-10]管理人的实控人参与管理基金造成投资者损失责任如何承担.md|wiki/syntheses/Court_案例参考册_管理人的实控人参与管理基金造成投资者损失责任如何承担.md
NEW|sources/微信公号资料/上海高院/上海高院-案例参考册-md/[2022-11-17]非法存放大量易燃易爆物品构成危险作业罪吗.md|wiki/syntheses/Court_案例参考册_非法存放大量易燃易爆物品构成危险作业罪吗.md
NEW|sources/微信公号资料/上海高院/上海高院-案例参考册-md/[2022-11-24]保险代理人销售误导给保险公司造成损失责任如何承担.md|wiki/syntheses/Court_案例参考册_保险代理人销售误导给保险公司造成损失责任如何承担.md
NEW|sources/微信公号资料/上海高院/上海高院-案例参考册-md/[2022-12-08]利用机器漏洞重复刷取游戏币构成盗窃罪吗.md|wiki/syntheses/Court_案例参考册_利用机器漏洞重复刷取游戏币构成盗窃罪吗.md
NEW|sources/微信公号资料/上海高院/上海高院-案例参考册-md/[2022-12-15]名为民间借贷实为场外配资效力如何认定损失谁来承担.md|wiki/syntheses/Court_案例参考册_名为民间借贷实为场外配资效力如何认定损失谁来承担.md
NEW|sources/微信公号资料/上海高院/上海高院-案例参考册-md/[2022-12-29]业主行使自治权应当遵守的边界在哪里.md|wiki/syntheses/Court_案例参考册_业主行使自治权应当遵守的边界在哪里.md
NEW|sources/微信公号资料/上海高院/上海高院-案例参考册-md/[2023-02-02]养父母未办理收养登记手续能获得养女的身故赔偿金吗.md|wiki/syntheses/Court_案例参考册_养父母未办理收养登记手续能获得养女的身故赔偿金吗.md
NEW|sources/微信公号资料/上海高院/上海高院-案例参考册-md/[2023-02-09]证券交易所终止上市决定是否可诉法院如何审查.md|wiki/syntheses/Court_案例参考册_证券交易所终止上市决定是否可诉法院如何审查.md
NEW|sources/微信公号资料/上海高院/上海高院-案例参考册-md/[2023-02-16]私募基金劣后级有限合伙人承诺差额补足的法律效力及性质如何认定.md|wiki/syntheses/Court_案例参考册_私募基金劣后级有限合伙人承诺差额补足的法律效力及性质如何认定.md
NEW|sources/微信公号资料/上海高院/上海高院-案例参考册-md/[2023-02-23]擅自改装医疗器械用于美容法院支持对其行政处罚吗.md|wiki/syntheses/Court_案例参考册_擅自改装医疗器械用于美容法院支持对其行政处罚吗.md
NEW|sources/微信公号资料/上海高院/上海高院-案例参考册-md/[2023-03-02]患者住院期间坠楼身亡医院要承担责任吗.md|wiki/syntheses/Court_案例参考册_患者住院期间坠楼身亡医院要承担责任吗.md
NEW|sources/微信公号资料/上海高院/上海高院-案例参考册-md/[2023-03-09]共享单车超区停放扣调度费合理吗.md|wiki/syntheses/Court_案例参考册_共享单车超区停放扣调度费合理吗.md
NEW|sources/微信公号资料/上海高院/上海高院-案例参考册-md/[2023-03-16]网络直播带货销量未达标违约责任如何认定.md|wiki/syntheses/Court_案例参考册_网络直播带货销量未达标违约责任如何认定.md
NEW|sources/微信公号资料/上海高院/上海高院-案例参考册-md/[2023-03-23]将搜索引擎上的好评前置差评后置合法吗.md|wiki/syntheses/Court_案例参考册_将搜索引擎上的好评前置差评后置合法吗.md
NEW|sources/微信公号资料/上海高院/上海高院-案例参考册-md/[2023-03-30]竞业限制纠纷中竞争关系如何审查.md|wiki/syntheses/Court_案例参考册_竞业限制纠纷中竞争关系如何审查.md
NEW|sources/微信公号资料/上海高院/上海高院-案例参考册-md/[2023-04-06]未签订书面代持协议代持法律关系如何认定.md|wiki/syntheses/Court_案例参考册_未签订书面代持协议代持法律关系如何认定.md
NEW|sources/微信公号资料/上海高院/上海高院-案例参考册-md/[2023-04-27]编写游戏引擎并调用正版游戏素材构成犯罪吗.md|wiki/syntheses/Court_案例参考册_编写游戏引擎并调用正版游戏素材构成犯罪吗.md
NEW|sources/微信公号资料/上海高院/上海高院-案例参考册-md/[2023-05-04]网络舆论监督的合理限度如何认定.md|wiki/syntheses/Court_案例参考册_网络舆论监督的合理限度如何认定.md
NEW|sources/微信公号资料/上海高院/上海高院-案例参考册-md/[2023-05-25]融资租赁转租赁的法律关系如何认定.md|wiki/syntheses/Court_案例参考册_融资租赁转租赁的法律关系如何认定.md
NEW|sources/微信公号资料/上海高院/上海高院-案例参考册-md/[2023-06-01]上海市高级人民法院发布2023年第一批参考性案例.md|wiki/syntheses/Court_案例参考册_上海市高级人民法院发布2023年第一批参考性案例.md
NEW|sources/微信公号资料/上海高院/上海高院-案例参考册-md/[2023-06-08]达到退休年龄继续就业能认定劳动关系吗.md|wiki/syntheses/Court_案例参考册_达到退休年龄继续就业能认定劳动关系吗.md
NEW|sources/微信公号资料/上海高院/上海高院-案例参考册-md/[2023-06-15]资管产品清算与管理人过错赔偿关系如何认定.md|wiki/syntheses/Court_案例参考册_资管产品清算与管理人过错赔偿关系如何认定.md
NEW|sources/微信公号资料/上海高院/上海高院-案例参考册-md/[2023-06-22]上海市高级人民法院发布2023年第二批参考性案例.md|wiki/syntheses/Court_案例参考册_上海市高级人民法院发布2023年第二批参考性案例.md
NEW|sources/微信公号资料/上海高院/上海高院-案例参考册-md/[2023-06-29]如何界定非法经营同类营业罪中的同类营业.md|wiki/syntheses/Court_案例参考册_如何界定非法经营同类营业罪中的同类营业.md
NEW|sources/微信公号资料/上海高院/上海高院-案例参考册-md/[2023-07-06]执行程序中如何适用债务抵销.md|wiki/syntheses/Court_案例参考册_执行程序中如何适用债务抵销.md
NEW|sources/微信公号资料/上海高院/上海高院-案例参考册-md/[2023-07-20]操纵新三板证券交易市场定增投资者损失如何认定.md|wiki/syntheses/Court_案例参考册_操纵新三板证券交易市场定增投资者损失如何认定.md
NEW|sources/微信公号资料/上海高院/上海高院-案例参考册-md/[2023-08-03]保理人明知应收账款虚构情形下法律关系的认定与责任承担.md|wiki/syntheses/Court_案例参考册_保理人明知应收账款虚构情形下法律关系的认定与责任承担.md
NEW|sources/微信公号资料/上海高院/上海高院-案例参考册-md/[2023-08-10]网络游戏运营商的实名审查义务和游戏账号的价值认定.md|wiki/syntheses/Court_案例参考册_网络游戏运营商的实名审查义务和游戏账号的价值认定.md
NEW|sources/微信公号资料/上海高院/上海高院-案例参考册-md/[2023-08-17]财产保全损害责任的认定赔偿范围以及保险公司的担保责任.md|wiki/syntheses/Court_案例参考册_财产保全损害责任的认定赔偿范围以及保险公司的担保责任.md
NEW|sources/微信公号资料/上海高院/上海高院-案例参考册-md/[2023-08-24]与中介签订的独家协议有法律效力吗.md|wiki/syntheses/Court_案例参考册_与中介签订的独家协议有法律效力吗.md
NEW|sources/微信公号资料/上海高院/上海高院-案例参考册-md/[2023-08-31]破坏计算机信息系统的网络侵财犯罪如何定性.md|wiki/syntheses/Court_案例参考册_破坏计算机信息系统的网络侵财犯罪如何定性.md
NEW|sources/微信公号资料/上海高院/上海高院-案例参考册-md/[2023-09-07]出售微信账号用于网络诈骗如何定罪量刑.md|wiki/syntheses/Court_案例参考册_出售微信账号用于网络诈骗如何定罪量刑.md
NEW|sources/微信公号资料/上海高院/上海高院-案例参考册-md/[2023-09-14]当事人因律师履行瑕疵解除风险代理合同代理费要付吗.md|wiki/syntheses/Court_案例参考册_当事人因律师履行瑕疵解除风险代理合同代理费要付吗.md
NEW|sources/微信公号资料/上海高院/上海高院-案例参考册-md/[2023-09-21]网络媒体对转载的新闻内容有核实义务吗.md|wiki/syntheses/Court_案例参考册_网络媒体对转载的新闻内容有核实义务吗.md
NEW|sources/微信公号资料/上海高院/上海高院-案例参考册-md/[2023-09-28]健身教练不当施救致学员伤情加重侵权责任如何认定.md|wiki/syntheses/Court_案例参考册_健身教练不当施救致学员伤情加重侵权责任如何认定.md
NEW|sources/微信公号资料/上海高院/上海高院-案例参考册-md/[2023-10-12]当网络司法拍卖遇到恶意悔拍责任如何认定.md|wiki/syntheses/Court_案例参考册_当网络司法拍卖遇到恶意悔拍责任如何认定.md
NEW|sources/微信公号资料/上海高院/上海高院-案例参考册-md/[2023-10-18]父母作为监护人转让未成年子女名下股权合法吗.md|wiki/syntheses/Court_案例参考册_父母作为监护人转让未成年子女名下股权合法吗.md
NEW|sources/微信公号资料/上海高院/上海高院-案例参考册-md/[2023-11-02]买的保险被拒赔是保险公司卖错保险了吗.md|wiki/syntheses/Court_案例参考册_买的保险被拒赔是保险公司卖错保险了吗.md
NEW|sources/微信公号资料/上海高院/上海高院-案例参考册-md/[2023-11-09]修改股东出资期限须各股东一致同意吗.md|wiki/syntheses/Court_案例参考册_修改股东出资期限须各股东一致同意吗.md
NEW|sources/微信公号资料/上海高院/上海高院-案例参考册-md/[2023-11-16]实习期间遇交通事故受伤能主张误工费吗.md|wiki/syntheses/Court_案例参考册_实习期间遇交通事故受伤能主张误工费吗.md
NEW|sources/微信公号资料/上海高院/上海高院-案例参考册-md/[2023-11-30]上海市高级人民法院发布2023年第三批参考性案例.md|wiki/syntheses/Court_案例参考册_上海市高级人民法院发布2023年第三批参考性案例.md
NEW|sources/微信公号资料/上海高院/上海高院-案例参考册-md/[2023-12-21]如何审查诉前行为保全.md|wiki/syntheses/Court_案例参考册_如何审查诉前行为保全.md
NEW|sources/微信公号资料/上海高院/上海高院-案例参考册-md/[2023-12-28]地方金融组织闭环交易如何认定.md|wiki/syntheses/Court_案例参考册_地方金融组织闭环交易如何认定.md
NEW|sources/微信公号资料/上海高院/上海高院-案例参考册-md/[2024-01-04]以将有的应收账款质押债权人如何实现债权.md|wiki/syntheses/Court_案例参考册_以将有的应收账款质押债权人如何实现债权.md
NEW|sources/微信公号资料/上海高院/上海高院-案例参考册-md/[2024-01-11]网络司法拍卖中遇到拍卖公告瑕疵怎么办.md|wiki/syntheses/Court_案例参考册_网络司法拍卖中遇到拍卖公告瑕疵怎么办.md
NEW|sources/微信公号资料/上海高院/上海高院-案例参考册-md/[2024-01-25]操纵证券市场行为如何认定及归责.md|wiki/syntheses/Court_案例参考册_操纵证券市场行为如何认定及归责.md
NEW|sources/微信公号资料/上海高院/上海高院-案例参考册-md/[2024-02-01]质押物灭失后赔偿价格应如何确定.md|wiki/syntheses/Court_案例参考册_质押物灭失后赔偿价格应如何确定.md
NEW|sources/微信公号资料/上海高院/上海高院-案例参考册-md/[2024-02-08]经济适用房的产权权属如何认定.md|wiki/syntheses/Court_案例参考册_经济适用房的产权权属如何认定.md
NEW|sources/微信公号资料/上海高院/上海高院-案例参考册-md/[2024-02-22]危险性娱乐活动中风险自担与经营者安保责任如何界定.md|wiki/syntheses/Court_案例参考册_危险性娱乐活动中风险自担与经营者安保责任如何界定.md
NEW|sources/微信公号资料/上海高院/上海高院-案例参考册-md/[2024-02-29]上海市高级人民法院发布2024年第一批参考性案例.md|wiki/syntheses/Court_案例参考册_上海市高级人民法院发布2024年第一批参考性案例.md
NEW|sources/微信公号资料/上海高院/上海高院-案例参考册-md/[2024-03-07]隔代抚养祖父母能要求带孙费吗.md|wiki/syntheses/Court_案例参考册_隔代抚养祖父母能要求带孙费吗.md
NEW|sources/微信公号资料/上海高院/上海高院-案例参考册-md/[2024-03-14]配合实际用款人向小额贷款公司申请超额放贷的借款人是否应承担还本付息责任.md|wiki/syntheses/Court_案例参考册_配合实际用款人向小额贷款公司申请超额放贷的借款人是否应承担还本付息责任.md
NEW|sources/微信公号资料/上海高院/上海高院-案例参考册-md/[2024-03-21]全体股东协议附条件解散公司的司法认定.md|wiki/syntheses/Court_案例参考册_全体股东协议附条件解散公司的司法认定.md
NEW|sources/微信公号资料/上海高院/上海高院-案例参考册-md/[2024-03-28]为他人提供破解民用无人机禁飞限高服务行为如何定性.md|wiki/syntheses/Court_案例参考册_为他人提供破解民用无人机禁飞限高服务行为如何定性.md
NEW|sources/微信公号资料/上海高院/上海高院-案例参考册-md/[2024-04-11]无继承人情形下谁来担任遗产管理人.md|wiki/syntheses/Court_案例参考册_无继承人情形下谁来担任遗产管理人.md
NEW|sources/微信公号资料/上海高院/上海高院-案例参考册-md/[2024-04-18]表演他人原创的歌曲舞蹈构成侵权吗.md|wiki/syntheses/Court_案例参考册_表演他人原创的歌曲舞蹈构成侵权吗.md
NEW|sources/微信公号资料/上海高院/上海高院-案例参考册-md/[2024-04-25]专利侵权案件什么情况下适用惩罚性赔偿.md|wiki/syntheses/Court_案例参考册_专利侵权案件什么情况下适用惩罚性赔偿.md
NEW|sources/微信公号资料/上海高院/上海高院-案例参考册-md/[2024-05-09]规避技术保护措施侵犯著作权构成犯罪吗.md|wiki/syntheses/Court_案例参考册_规避技术保护措施侵犯著作权构成犯罪吗.md
NEW|sources/微信公号资料/上海高院/上海高院-案例参考册-md/[2024-05-16]竞业限制义务适格主体如何认定.md|wiki/syntheses/Court_案例参考册_竞业限制义务适格主体如何认定.md
NEW|sources/微信公号资料/上海高院/上海高院-案例参考册-md/[2024-05-23]商家在网络平台发布消费者婚礼肖像照构成侵权吗.md|wiki/syntheses/Court_案例参考册_商家在网络平台发布消费者婚礼肖像照构成侵权吗.md
NEW|sources/微信公号资料/上海高院/上海高院-案例参考册-md/[2024-05-30]在对被执行人不动产处置中如何适用强制管理.md|wiki/syntheses/Court_案例参考册_在对被执行人不动产处置中如何适用强制管理.md
NEW|sources/微信公号资料/上海高院/上海高院-案例参考册-md/[2024-06-06]临终托孤的法律效力认定.md|wiki/syntheses/Court_案例参考册_临终托孤的法律效力认定.md
NEW|sources/微信公号资料/上海高院/上海高院-案例参考册-md/[2024-06-13]承租人能否行使法定优先承租权人民法院如何审查.md|wiki/syntheses/Court_案例参考册_承租人能否行使法定优先承租权人民法院如何审查.md
NEW|sources/微信公号资料/上海高院/上海高院-案例参考册-md/[2024-06-20]隐蔽劳动关系如何认定.md|wiki/syntheses/Court_案例参考册_隐蔽劳动关系如何认定.md
NEW|sources/微信公号资料/上海高院/上海高院-案例参考册-md/[2024-06-27]自洗钱行为法院如何认定.md|wiki/syntheses/Court_案例参考册_自洗钱行为法院如何认定.md
NEW|sources/微信公号资料/上海高院/上海高院-案例参考册-md/[2024-08-01]公司对员工个人信息合理使用的边界.md|wiki/syntheses/Court_案例参考册_公司对员工个人信息合理使用的边界.md
NEW|sources/微信公号资料/上海高院/上海高院-案例参考册-md/[2024-08-08]车主在机械车库自行取车造成他车损害车库管理人应赔偿吗.md|wiki/syntheses/Court_案例参考册_车主在机械车库自行取车造成他车损害车库管理人应赔偿吗.md
NEW|sources/微信公号资料/上海高院/上海高院-案例参考册-md/[2024-08-15]对即将实施的知识产权侵权适用诉前行为保全吗.md|wiki/syntheses/Court_案例参考册_对即将实施的知识产权侵权适用诉前行为保全吗.md
NEW|sources/微信公号资料/上海高院/上海高院-案例参考册-md/[2024-08-29]骨灰的法律属性及归属安置的司法认定.md|wiki/syntheses/Court_案例参考册_骨灰的法律属性及归属安置的司法认定.md
NEW|sources/微信公号资料/上海高院/上海高院-案例参考册-md/[2024-09-19]恶意争夺隐匿孩子作为抚养权归属负面因素考量.md|wiki/syntheses/Court_案例参考册_恶意争夺隐匿孩子作为抚养权归属负面因素考量.md
NEW|sources/微信公号资料/上海高院/上海高院-案例参考册-md/[2025-01-23]上海市高级人民法院发布2024年第二批参考性案例.md|wiki/syntheses/Court_案例参考册_上海市高级人民法院发布2024年第二批参考性案例.md
NEW|sources/微信公号资料/上海高院/上海高院-案例参考册-md/[2025-02-06]上海法院服务保障数字经济发展第二批典型案例.md|wiki/syntheses/Court_案例参考册_上海法院服务保障数字经济发展第二批典型案例.md
NEW|sources/微信公号资料/上海高院/上海高院-案例参考册-md/[2025-03-06]雇主责任险纠纷第三方能否受让取得保险金请求权.md|wiki/syntheses/Court_案例参考册_雇主责任险纠纷第三方能否受让取得保险金请求权.md
NEW|sources/微信公号资料/上海高院/上海高院-案例参考册-md/[2025-03-13]互联网投保中保险人应如何尽到提示说明义务.md|wiki/syntheses/Court_案例参考册_互联网投保中保险人应如何尽到提示说明义务.md
NEW|sources/微信公号资料/上海高院/上海高院-案例参考册-md/[2025-03-27]员工为履职注册的短视频账号离职后归公司还是个人.md|wiki/syntheses/Court_案例参考册_员工为履职注册的短视频账号离职后归公司还是个人.md
NEW|sources/微信公号资料/上海高院/上海高院-案例参考册-md/[2025-04-03]如何保护服装设计.md|wiki/syntheses/Court_案例参考册_如何保护服装设计.md
NEW|sources/微信公号资料/上海高院/上海高院-案例参考册-md/[2025-04-17]数据库遭爬虫洗劫侵权界限在哪里.md|wiki/syntheses/Court_案例参考册_数据库遭爬虫洗劫侵权界限在哪里.md
NEW|sources/微信公号资料/上海高院/上海高院-案例参考册-md/[2025-05-08]公司与抽逃出资股东串通阻止执行怎么办.md|wiki/syntheses/Court_案例参考册_公司与抽逃出资股东串通阻止执行怎么办.md
NEW|sources/微信公号资料/上海高院/上海高院-案例参考册-md/[2025-05-22]单方委托检测房屋甲醛超标租客有权解除租赁合同吗.md|wiki/syntheses/Court_案例参考册_单方委托检测房屋甲醛超标租客有权解除租赁合同吗.md
NEW|sources/微信公号资料/上海高院/上海高院-案例参考册-md/[2025-05-29]签订承揽合作协议的新业态劳动者是否成立劳动关系.md|wiki/syntheses/Court_案例参考册_签订承揽合作协议的新业态劳动者是否成立劳动关系.md
NEW|sources/微信公号资料/上海高院/上海高院-案例参考册-md/[2025-06-05]对网络刷量构成不正当竞争的认定.md|wiki/syntheses/Court_案例参考册_对网络刷量构成不正当竞争的认定.md
NEW|sources/微信公号资料/上海高院/上海高院-案例参考册-md/[2025-06-12]意外伤害保险事故中对意外伤害如何认定.md|wiki/syntheses/Court_案例参考册_意外伤害保险事故中对意外伤害如何认定.md
NEW|sources/微信公号资料/上海高院/上海高院-案例参考册-md/[2025-06-26]非学科类培训机构的教育管理职责认定.md|wiki/syntheses/Court_案例参考册_非学科类培训机构的教育管理职责认定.md
NEW|sources/微信公号资料/上海高院/上海高院-案例参考册-md/[2025-07-10]离职后利用系统漏洞预订出差机票盗窃还是诈骗.md|wiki/syntheses/Court_案例参考册_离职后利用系统漏洞预订出差机票盗窃还是诈骗.md
NEW|sources/微信公号资料/上海高院/上海高院-案例参考册-md/[2025-07-17]合伙运营微信公众号散伙后网络虚拟财产如何分割.md|wiki/syntheses/Court_案例参考册_合伙运营微信公众号散伙后网络虚拟财产如何分割.md
NEW|sources/微信公号资料/上海高院/上海高院-案例参考册-md/[2025-07-24]宠物运输途中死亡最高赔偿3倍运费的约定条款有效吗.md|wiki/syntheses/Court_案例参考册_宠物运输途中死亡最高赔偿3倍运费的约定条款有效吗.md
NEW|sources/微信公号资料/上海高院/上海高院-案例参考册-md/[2025-07-31]屋顶光伏板遮挡采光相邻住户有权要求拆除吗.md|wiki/syntheses/Court_案例参考册_屋顶光伏板遮挡采光相邻住户有权要求拆除吗.md
NEW|sources/微信公号资料/上海高院/上海高院-案例参考册-md/[2025-08-07]网店不实宣传消保委有权要求其赔偿损失吗.md|wiki/syntheses/Court_案例参考册_网店不实宣传消保委有权要求其赔偿损失吗.md
NEW|sources/微信公号资料/上海高院/上海高院-案例参考册-md/[2025-08-14]幼儿车内意外窒息身亡产品责任与监护失职谁之过.md|wiki/syntheses/Court_案例参考册_幼儿车内意外窒息身亡产品责任与监护失职谁之过.md
NEW|sources/微信公号资料/上海高院/上海高院-案例参考册-md/[2025-08-21]养老机构安全保障义务的界定.md|wiki/syntheses/Court_案例参考册_养老机构安全保障义务的界定.md
NEW|sources/微信公号资料/上海高院/上海高院-案例参考册-md/[2025-08-28]离婚不离家下财产分割协议的真意探究与履行界定.md|wiki/syntheses/Court_案例参考册_离婚不离家下财产分割协议的真意探究与履行界定.md
NEW|sources/微信公号资料/上海高院/上海高院-案例参考册-md/[2025-09-04]老年团包价游旅行社的告知义务如何界定.md|wiki/syntheses/Court_案例参考册_老年团包价游旅行社的告知义务如何界定.md
NEW|sources/微信公号资料/上海高院/上海高院-案例参考册-md/[2025-09-11]对非全时段网约车保险人承担责任的认定.md|wiki/syntheses/Court_案例参考册_对非全时段网约车保险人承担责任的认定.md
NEW|sources/微信公号资料/上海高院/上海高院-案例参考册-md/[2025-09-18]避风港规则在短视频平台责任判定中的适用.md|wiki/syntheses/Court_案例参考册_避风港规则在短视频平台责任判定中的适用.md
NEW|sources/微信公号资料/上海高院/上海高院-案例参考册-md/[2025-10-09]网游工作室买卖游戏账户的合同效力如何认定.md|wiki/syntheses/Court_案例参考册_网游工作室买卖游戏账户的合同效力如何认定.md
NEW|sources/微信公号资料/上海高院/上海高院-案例参考册-md/[2025-10-16]宠物领养协议的性质效力及违约责任认定.md|wiki/syntheses/Court_案例参考册_宠物领养协议的性质效力及违约责任认定.md
NEW|sources/微信公号资料/上海高院/上海高院-案例参考册-md/[2025-10-23]紧急救助免责规则如何适用.md|wiki/syntheses/Court_案例参考册_紧急救助免责规则如何适用.md
NEW|sources/微信公号资料/上海高院/上海高院-案例参考册-md/[2025-10-30]网络主播与MCN机构合作陷僵持可否引入合同僵局规则解约.md|wiki/syntheses/Court_案例参考册_网络主播与MCN机构合作陷僵持可否引入合同僵局规则解约.md
NEW|sources/微信公号资料/上海高院/上海高院-案例参考册-md/[2025-11-06]上海高院发布涉道路交通安全刑事专题参考性案例.md|wiki/syntheses/Court_案例参考册_上海高院发布涉道路交通安全刑事专题参考性案例.md
NEW|sources/微信公号资料/最高人民检察院/最高检-今晚九点半-md/[2025-09-20]自造债主这招转移财产违法了今晚九点半.md|wiki/summaries/summary_20250920_最高人民检察院_今晚九点半_自造债主这招转移财产违法了今晚九点半.md
NEW|sources/微信公号资料/最高人民检察院/最高检-今晚九点半-md/[2025-09-21]工伤致残赔偿款为何5年难兑现今晚九点半.md|wiki/summaries/summary_20250921_最高人民检察院_今晚九点半_工伤致残赔偿款为何5年难兑现今晚九点半.md
NEW|sources/微信公号资料/最高人民检察院/最高检-今晚九点半-md/[2025-09-22]纸片遇水现白虎名为消灾实则骗钱今晚九点半.md|wiki/summaries/summary_20250922_最高人民检察院_今晚九点半_纸片遇水现白虎名为消灾实则骗钱今晚九点半.md
NEW|sources/微信公号资料/最高人民检察院/最高检-今晚九点半-md/[2025-09-23]起底金三角特大跨境电诈案今晚九点半.md|wiki/summaries/summary_20250923_最高人民检察院_今晚九点半_起底金三角特大跨境电诈案今晚九点半.md
NEW|sources/微信公号资料/最高人民检察院/最高检-今晚九点半-md/[2025-09-24]中国制造出口的乳胶制品为何几年后变身为越南制造今晚九点半.md|wiki/summaries/summary_20250924_最高人民检察院_今晚九点半_中国制造出口的乳胶制品为何几年后变身为越南制造今晚九点半.md
NEW|sources/微信公号资料/最高人民检察院/最高检-今晚九点半-md/[2025-09-25]骗婚者已获刑她为何还被假婚姻缠身今晚九点半.md|wiki/summaries/summary_20250925_最高人民检察院_今晚九点半_骗婚者已获刑她为何还被假婚姻缠身今晚九点半.md
NEW|sources/微信公号资料/最高人民检察院/最高检-今晚九点半-md/[2025-09-26]损失近6000万元高薪聘请的经理竟是公司内鬼今晚九点半.md|wiki/summaries/summary_20250926_最高人民检察院_今晚九点半_损失近6000万元高薪聘请的经理竟是公司内鬼今晚九点半.md
NEW|sources/微信公号资料/最高人民检察院/最高检-今晚九点半-md/[2025-09-27]网咖电脑被偷装暗刷软件背后竟还隐藏着一条灰色产业链今晚九点半.md|wiki/summaries/summary_20250927_最高人民检察院_今晚九点半_网咖电脑被偷装暗刷软件背后竟还隐藏着一条灰色产业链今晚九点半.md
NEW|sources/微信公号资料/最高人民检察院/最高检-今晚九点半-md/[2025-09-28]探宝可以轻松挣钱他打起挖掘古钱币的主意今晚九点半.md|wiki/summaries/summary_20250928_最高人民检察院_今晚九点半_探宝可以轻松挣钱他打起挖掘古钱币的主意今晚九点半.md
NEW|sources/微信公号资料/最高人民检察院/最高检-今晚九点半-md/[2025-09-29]下单二手大牌包到手竟是Labubu今晚九点半.md|wiki/summaries/summary_20250929_最高人民检察院_今晚九点半_下单二手大牌包到手竟是Labubu今晚九点半.md
NEW|sources/微信公号资料/最高人民检察院/最高检-今晚九点半-md/[2025-10-09]正在监狱服刑的制毒技师被揪出今晚九点半.md|wiki/summaries/summary_20251009_最高人民检察院_今晚九点半_正在监狱服刑的制毒技师被揪出今晚九点半.md
NEW|sources/微信公号资料/最高人民检察院/最高检-今晚九点半-md/[2025-10-10]这种生物密集养殖变定时炸弹伤人毁财今晚九点半.md|wiki/summaries/summary_20251010_最高人民检察院_今晚九点半_这种生物密集养殖变定时炸弹伤人毁财今晚九点半.md
NEW|sources/微信公号资料/最高人民检察院/最高检-今晚九点半-md/[2025-10-12]涉案超53亿元3千余人被骗天价疗养骗局曝光今晚九点半.md|wiki/summaries/summary_20251012_最高人民检察院_今晚九点半_涉案超53亿元3千余人被骗天价疗养骗局曝光今晚九点半.md
NEW|sources/微信公号资料/最高人民检察院/最高检-今晚九点半-md/[2025-10-13]热门动漫遭深度链接盗播谁才是幕后黑手今晚九点半.md|wiki/summaries/summary_20251013_最高人民检察院_今晚九点半_热门动漫遭深度链接盗播谁才是幕后黑手今晚九点半.md
NEW|sources/微信公号资料/最高人民检察院/最高检-今晚九点半-md/[2025-10-14]驾驶人究竟是谁今晚九点半.md|wiki/summaries/summary_20251014_最高人民检察院_今晚九点半_驾驶人究竟是谁今晚九点半.md
NEW|sources/微信公号资料/最高人民检察院/最高检-今晚九点半-md/[2025-10-15]租出四套房收回时咋变成了一套今晚九点半.md|wiki/summaries/summary_20251015_最高人民检察院_今晚九点半_租出四套房收回时咋变成了一套今晚九点半.md
NEW|sources/微信公号资料/最高人民检察院/最高检-今晚九点半-md/[2025-10-16]一枚血手印揪出28年前命案真凶今晚九点半.md|wiki/summaries/summary_20251016_最高人民检察院_今晚九点半_一枚血手印揪出28年前命案真凶今晚九点半.md
NEW|sources/微信公号资料/最高人民检察院/最高检-今晚九点半-md/[2025-10-17]开票潜规则背后今晚九点半.md|wiki/summaries/summary_20251017_最高人民检察院_今晚九点半_开票潜规则背后今晚九点半.md
NEW|sources/微信公号资料/最高人民检察院/最高检-今晚九点半-md/[2025-10-18]几张无法开具发票的观光车票牵出一桩大案今晚九点半.md|wiki/summaries/summary_20251018_最高人民检察院_今晚九点半_几张无法开具发票的观光车票牵出一桩大案今晚九点半.md
NEW|sources/微信公号资料/最高人民检察院/最高检-今晚九点半-md/[2025-10-19]追诉时效剩10天20年前盗墓真凶被揪出今晚九点半.md|wiki/summaries/summary_20251019_最高人民检察院_今晚九点半_追诉时效剩10天20年前盗墓真凶被揪出今晚九点半.md
NEW|sources/微信公号资料/最高人民检察院/最高检-今晚九点半-md/[2025-10-20]父亲去世遗留的存款能不能取出今晚九点半.md|wiki/summaries/summary_20251020_最高人民检察院_今晚九点半_父亲去世遗留的存款能不能取出今晚九点半.md
NEW|sources/微信公号资料/最高人民检察院/最高检-今晚九点半-md/[2025-10-21]信息工程师欲壑难平走上自毁之路今晚九点半.md|wiki/summaries/summary_20251021_最高人民检察院_今晚九点半_信息工程师欲壑难平走上自毁之路今晚九点半.md
NEW|sources/微信公号资料/最高人民检察院/最高检-今晚九点半-md/[2025-10-22]同学群出货群一条异常信息引起检察官注意今晚九点半.md|wiki/summaries/summary_20251022_最高人民检察院_今晚九点半_同学群出货群一条异常信息引起检察官注意今晚九点半.md
NEW|sources/微信公号资料/最高人民检察院/最高检-今晚九点半-md/[2025-10-25]交10万元替考费就能保过合同违约纠纷牵出组织替考黑链条今晚九点半.md|wiki/summaries/summary_20251025_最高人民检察院_今晚九点半_交10万元替考费就能保过合同违约纠纷牵出组织替考黑链条今晚九点半.md
NEW|sources/微信公号资料/最高人民检察院/最高检-今晚九点半-md/[2025-10-27]网红玩偶遭侵权9人被公诉今晚九点半.md|wiki/summaries/summary_20251027_最高人民检察院_今晚九点半_网红玩偶遭侵权9人被公诉今晚九点半.md
NEW|sources/微信公号资料/最高人民检察院/最高检-今晚九点半-md/[2025-10-30]小小玉米粒竟成了赌博工具今晚九点半.md|wiki/summaries/summary_20251030_最高人民检察院_今晚九点半_小小玉米粒竟成了赌博工具今晚九点半.md
NEW|sources/微信公号资料/最高人民检察院/最高检-今晚九点半-md/[2025-11-02]屋归原主今晚九点半.md|wiki/summaries/summary_20251102_最高人民检察院_今晚九点半_屋归原主今晚九点半.md
NEW|sources/微信公号资料/最高人民检察院/最高检-今晚九点半-md/[2025-11-03]影楼特殊服务暗示胎儿性别惩治今晚九点半.md|wiki/summaries/summary_20251103_最高人民检察院_今晚九点半_影楼特殊服务暗示胎儿性别惩治今晚九点半.md
NEW|sources/微信公号资料/最高人民检察院/最高检-今晚九点半-md/[2025-11-04]为骗巨额保险金他将新婚妻子推下海今晚九点半.md|wiki/summaries/summary_20251104_最高人民检察院_今晚九点半_为骗巨额保险金他将新婚妻子推下海今晚九点半.md
NEW|sources/微信公号资料/最高人民检察院/最高检-今晚九点半-md/[2025-11-05]我是替大哥扛事儿的服刑小弟喊冤曝出卖淫团伙主犯今晚九点半.md|wiki/summaries/summary_20251105_最高人民检察院_今晚九点半_我是替大哥扛事儿的服刑小弟喊冤曝出卖淫团伙主犯今晚九点半.md
NEW|sources/微信公号资料/最高人民检察院/最高检-今晚九点半-md/[2025-11-06]女子催债遭醉汉追打情急自卫致对方轻伤检察院认定正当防卫今晚九点半.md|wiki/summaries/summary_20251106_最高人民检察院_今晚九点半_女子催债遭醉汉追打情急自卫致对方轻伤检察院认定正当防卫今晚九点半.md
NEW|sources/微信公号资料/最高人民检察院/最高检-今晚九点半-md/[2025-11-07]捐赠能拿折旧费返现并随时取回已有217人被骗今晚九点半.md|wiki/summaries/summary_20251107_最高人民检察院_今晚九点半_捐赠能拿折旧费返现并随时取回已有217人被骗今晚九点半.md
NEW|sources/微信公号资料/最高人民检察院/最高检-今晚九点半-md/[2025-11-08]巡回检察组走访次日正在服刑的她失联了今晚九点半.md|wiki/summaries/summary_20251108_最高人民检察院_今晚九点半_巡回检察组走访次日正在服刑的她失联了今晚九点半.md
NEW|sources/微信公号资料/最高人民检察院/最高检-今晚九点半-md/[2025-11-09]119个快递月结账户成了他们的提款机今晚九点半.md|wiki/summaries/summary_20251109_最高人民检察院_今晚九点半_119个快递月结账户成了他们的提款机今晚九点半.md
NEW|sources/微信公号资料/最高人民检察院/最高检-今晚九点半-md/[2025-11-10]奇怪8日发生事故16日签承包协议今晚九点半.md|wiki/summaries/summary_20251110_最高人民检察院_今晚九点半_奇怪8日发生事故16日签承包协议今晚九点半.md
NEW|sources/微信公号资料/最高人民检察院/最高检-今晚九点半-md/[2025-11-11]她用公司的钱为情绪价值买单今晚九点半.md|wiki/summaries/summary_20251111_最高人民检察院_今晚九点半_她用公司的钱为情绪价值买单今晚九点半.md
NEW|sources/微信公号资料/最高人民检察院/最高检-今晚九点半-md/[2025-11-12]打官司只为索要赃款今晚九点半.md|wiki/summaries/summary_20251112_最高人民检察院_今晚九点半_打官司只为索要赃款今晚九点半.md
NEW|sources/微信公号资料/最高人民检察院/最高检-今晚九点半-md/[2025-11-13]一粒胶囊牵出大案今晚九点半.md|wiki/summaries/summary_20251113_最高人民检察院_今晚九点半_一粒胶囊牵出大案今晚九点半.md
NEW|sources/微信公号资料/最高人民检察院/最高检-今晚九点半-md/[2025-11-14]患病不能成为长期逃避刑罚的护身符今晚九点半.md|wiki/summaries/summary_20251114_最高人民检察院_今晚九点半_患病不能成为长期逃避刑罚的护身符今晚九点半.md
NEW|sources/微信公号资料/最高人民检察院/最高检-今晚九点半-md/[2025-11-15]灭火器不灭火反而助燃背后有什么猫腻今晚九点半.md|wiki/summaries/summary_20251115_最高人民检察院_今晚九点半_灭火器不灭火反而助燃背后有什么猫腻今晚九点半.md
NEW|sources/微信公号资料/最高人民检察院/最高检-今晚九点半-md/[2025-11-16]工伤五年多未得赔偿症结在哪今晚九点半.md|wiki/summaries/summary_20251116_最高人民检察院_今晚九点半_工伤五年多未得赔偿症结在哪今晚九点半.md
NEW|sources/微信公号资料/最高人民检察院/最高检-今晚九点半-md/[2025-11-17]两年骗了2万多人承诺只要交800元就能拿证的诈骗团伙栽了今晚九点半.md|wiki/summaries/summary_20251117_最高人民检察院_今晚九点半_两年骗了2万多人承诺只要交800元就能拿证的诈骗团伙栽了今晚九点半.md
NEW|sources/微信公号资料/最高人民检察院/最高检-今晚九点半-md/[2025-11-19]这就是行业潜规则怎么就成犯罪了揭开短期退保套取高额佣金套路今晚九点半.md|wiki/summaries/summary_20251119_最高人民检察院_今晚九点半_这就是行业潜规则怎么就成犯罪了揭开短期退保套取高额佣金套路今晚九点半.md
NEW|sources/微信公号资料/最高人民检察院/最高检-今晚九点半-md/[2025-11-20]半年内销赃数百组豪车车主竟是电瓶大盗今晚九点半.md|wiki/summaries/summary_20251120_最高人民检察院_今晚九点半_半年内销赃数百组豪车车主竟是电瓶大盗今晚九点半.md
NEW|sources/微信公号资料/最高人民检察院/最高检-今晚九点半-md/[2025-11-21]所有车主这东西千万别买看似解放双手实则绑架安全今晚九点半.md|wiki/summaries/summary_20251121_最高人民检察院_今晚九点半_所有车主这东西千万别买看似解放双手实则绑架安全今晚九点半.md
NEW|sources/微信公号资料/最高人民检察院/最高检-今晚九点半-md/[2025-11-22]机密设计图惊现网络平台离职员工的卖图生意经最终换来有期徒刑今晚九点半.md|wiki/summaries/summary_20251122_最高人民检察院_今晚九点半_机密设计图惊现网络平台离职员工的卖图生意经最终换来有期徒刑今晚九点半.md
NEW|sources/微信公号资料/最高人民检察院/最高检-今晚九点半-md/[2025-11-23]警惕炒股导师引流陷阱1200余个短视频账号沦为境外电诈工具今晚九点半.md|wiki/summaries/summary_20251123_最高人民检察院_今晚九点半_警惕炒股导师引流陷阱1200余个短视频账号沦为境外电诈工具今晚九点半.md
NEW|sources/微信公号资料/最高人民检察院/最高检-今晚九点半-md/[2025-11-24]关乎7365户的棚改项目成了这伙人的提款机今晚九点半.md|wiki/summaries/summary_20251124_最高人民检察院_今晚九点半_关乎7365户的棚改项目成了这伙人的提款机今晚九点半.md
NEW|sources/微信公号资料/最高人民检察院/最高检-今晚九点半-md/[2025-11-25]75岁大爷为见董卿转账万余元5人诈骗团伙受惩治今晚九点半.md|wiki/summaries/summary_20251125_最高人民检察院_今晚九点半_75岁大爷为见董卿转账万余元5人诈骗团伙受惩治今晚九点半.md
NEW|sources/微信公号资料/最高人民检察院/最高检-今晚九点半-md/[2025-11-26]蒙面车接送工人遇警察先扔手机谁在操控造假团伙今晚九点半.md|wiki/summaries/summary_20251126_最高人民检察院_今晚九点半_蒙面车接送工人遇警察先扔手机谁在操控造假团伙今晚九点半.md
NEW|sources/微信公号资料/最高人民检察院/最高检-今晚九点半-md/[2025-11-27]爱她需要先充值38名女聊手骗了147万余元今晚九点半.md|wiki/summaries/summary_20251127_最高人民检察院_今晚九点半_爱她需要先充值38名女聊手骗了147万余元今晚九点半.md
NEW|sources/微信公号资料/最高人民检察院/最高检-今晚九点半-md/[2025-11-28]从放心人到巨贪财务主管两年卷走5762万余元今晚九点半.md|wiki/summaries/summary_20251128_最高人民检察院_今晚九点半_从放心人到巨贪财务主管两年卷走5762万余元今晚九点半.md
NEW|sources/微信公号资料/最高人民检察院/最高检-今晚九点半-md/[2025-11-29]叉车师傅夹出一件跨省大案今晚九点半.md|wiki/summaries/summary_20251129_最高人民检察院_今晚九点半_叉车师傅夹出一件跨省大案今晚九点半.md
NEW|sources/微信公号资料/最高人民检察院/最高检-今晚九点半-md/[2025-11-30]当事人叫苦企业喊冤看似不大的劳动争议为何难破局今晚九点半.md|wiki/summaries/summary_20251130_最高人民检察院_今晚九点半_当事人叫苦企业喊冤看似不大的劳动争议为何难破局今晚九点半.md
NEW|sources/微信公号资料/最高人民检察院/最高检-今晚九点半-md/[2025-12-01]低价引流开工后却狮子大开口小心维修刺客今晚九点半.md|wiki/summaries/summary_20251201_最高人民检察院_今晚九点半_低价引流开工后却狮子大开口小心维修刺客今晚九点半.md
NEW|sources/微信公号资料/最高人民检察院/最高检-今晚九点半-md/[2025-12-02]被告知身陷跨国案件留学生两次缴纳巨额保证金今晚九点半.md|wiki/summaries/summary_20251202_最高人民检察院_今晚九点半_被告知身陷跨国案件留学生两次缴纳巨额保证金今晚九点半.md
NEW|sources/微信公号资料/最高人民检察院/最高检-今晚九点半-md/[2025-12-03]网店老板诚邀投资入股老顾客掉入陷阱被掏空家底今晚九点半.md|wiki/summaries/summary_20251203_最高人民检察院_今晚九点半_网店老板诚邀投资入股老顾客掉入陷阱被掏空家底今晚九点半.md
NEW|sources/微信公号资料/最高人民检察院/最高检-今晚九点半-md/[2025-12-04]气味刺鼻超标238倍他们藏不住了今晚九点半.md|wiki/summaries/summary_20251204_最高人民检察院_今晚九点半_气味刺鼻超标238倍他们藏不住了今晚九点半.md
NEW|sources/微信公号资料/最高人民检察院/最高检-今晚九点半-md/[2025-12-05]面临被双开想保住工作的他被成功女性骗走804万余元今晚九点半.md|wiki/summaries/summary_20251205_最高人民检察院_今晚九点半_面临被双开想保住工作的他被成功女性骗走804万余元今晚九点半.md
NEW|sources/微信公号资料/最高人民检察院/最高检-今晚九点半-md/[2025-12-06]一尊青铜骆驼的回归之路今晚九点半.md|wiki/summaries/summary_20251206_最高人民检察院_今晚九点半_一尊青铜骆驼的回归之路今晚九点半.md
NEW|sources/微信公号资料/最高人民检察院/最高检-今晚九点半-md/[2025-12-07]电饭煲里藏现金网约车成运赃工具电诈团伙线下取现套路曝光今晚九点半.md|wiki/summaries/summary_20251207_最高人民检察院_今晚九点半_电饭煲里藏现金网约车成运赃工具电诈团伙线下取现套路曝光今晚九点半.md
NEW|sources/微信公号资料/最高人民检察院/最高检-今晚九点半-md/[2025-12-08]真瓶装劣酒追查到源头今晚九点半.md|wiki/summaries/summary_20251208_最高人民检察院_今晚九点半_真瓶装劣酒追查到源头今晚九点半.md
NEW|sources/微信公号资料/最高人民检察院/最高检-今晚九点半-md/[2025-12-09]一房二卖购房者钱房两空今晚九点半.md|wiki/summaries/summary_20251209_最高人民检察院_今晚九点半_一房二卖购房者钱房两空今晚九点半.md
NEW|sources/微信公号资料/最高人民检察院/最高检-今晚九点半-md/[2025-12-10]假烟销售导师现形记今晚九点半.md|wiki/summaries/summary_20251210_最高人民检察院_今晚九点半_假烟销售导师现形记今晚九点半.md
NEW|sources/微信公号资料/最高人民检察院/最高检-今晚九点半-md/[2025-12-11]追码溯源揪出上游售假者今晚九点半.md|wiki/summaries/summary_20251211_最高人民检察院_今晚九点半_追码溯源揪出上游售假者今晚九点半.md
NEW|sources/微信公号资料/最高人民检察院/最高检-今晚九点半-md/[2025-12-12]新娘是怎样消失的背后竟然有个团队在操纵今晚九点半.md|wiki/summaries/summary_20251212_最高人民检察院_今晚九点半_新娘是怎样消失的背后竟然有个团队在操纵今晚九点半.md
NEW|sources/微信公号资料/最高人民检察院/最高检-今晚九点半-md/[2025-12-13]黑吃黑敲诈黑钱戏中戏嫌犯扮警察今晚九点半.md|wiki/summaries/summary_20251213_最高人民检察院_今晚九点半_黑吃黑敲诈黑钱戏中戏嫌犯扮警察今晚九点半.md
NEW|sources/微信公号资料/最高人民检察院/最高检-今晚九点半-md/[2025-12-14]亩产600公斤实收40公斤农户损失谁来赔今晚九点半.md|wiki/summaries/summary_20251214_最高人民检察院_今晚九点半_亩产600公斤实收40公斤农户损失谁来赔今晚九点半.md
NEW|sources/微信公号资料/最高人民检察院/最高检-今晚九点半-md/[2025-12-15]商业广场连发5起手机被盗案矿泉水瓶上一枚指纹锁定嫌疑人今晚九点半.md|wiki/summaries/summary_20251215_最高人民检察院_今晚九点半_商业广场连发5起手机被盗案矿泉水瓶上一枚指纹锁定嫌疑人今晚九点半.md
NEW|sources/微信公号资料/最高人民检察院/最高检-今晚九点半-md/[2025-12-16]借钱炒股赚利息470亿场外配资黑幕被撕开今晚九点半.md|wiki/summaries/summary_20251216_最高人民检察院_今晚九点半_借钱炒股赚利息470亿场外配资黑幕被撕开今晚九点半.md
NEW|sources/微信公号资料/最高人民检察院/最高检-今晚九点半-md/[2025-12-17]1460个账号用于刷单12人合谋骗取知名电商平台补贴今晚九点半.md|wiki/summaries/summary_20251217_最高人民检察院_今晚九点半_1460个账号用于刷单12人合谋骗取知名电商平台补贴今晚九点半.md
NEW|sources/微信公号资料/最高人民检察院/最高检-今晚九点半-md/[2025-12-18]50年前被手榴弹炸残维权艰难赔偿无据这起陈年旧案如何破局今晚九点半.md|wiki/summaries/summary_20251218_最高人民检察院_今晚九点半_50年前被手榴弹炸残维权艰难赔偿无据这起陈年旧案如何破局今晚九点半.md
NEW|sources/微信公号资料/最高人民检察院/最高检-今晚九点半-md/[2025-12-19]该工作了台球厅里的危险邀约让9个少年走上歧途今晚九点半.md|wiki/summaries/summary_20251219_最高人民检察院_今晚九点半_该工作了台球厅里的危险邀约让9个少年走上歧途今晚九点半.md
NEW|sources/微信公号资料/最高人民检察院/最高检-典型案例-md/[2021-01-14]全文最高检发布首批检察改革典型案例.md|wiki/summaries/summary_20210114_最高人民检察院_典型案例_全文最高检发布首批检察改革典型案例.md
NEW|sources/微信公号资料/最高人民检察院/最高检-典型案例-md/[2021-01-25]网络不是法外之地最高检发布11个典型案例.md|wiki/summaries/summary_20210125_最高人民检察院_典型案例_网络不是法外之地最高检发布11个典型案例.md
NEW|sources/微信公号资料/最高人民检察院/最高检-典型案例-md/[2021-01-28]2020年度十大行政检察典型案例.md|wiki/summaries/summary_20210128_最高人民检察院_典型案例_2020年度十大行政检察典型案例.md
NEW|sources/微信公号资料/最高人民检察院/最高检-典型案例-md/[2021-02-02]最高检公安部发布依法惩治妨害疫情防控秩序犯罪典型案例.md|wiki/summaries/summary_20210202_最高人民检察院_典型案例_最高检公安部发布依法惩治妨害疫情防控秩序犯罪典型案例.md
NEW|sources/微信公号资料/最高人民检察院/最高检-典型案例-md/[2021-02-05]首次最高检发布保障律师执业权利典型案例全文.md|wiki/summaries/summary_20210205_最高人民检察院_典型案例_首次最高检发布保障律师执业权利典型案例全文.md
NEW|sources/微信公号资料/最高人民检察院/最高检-典型案例-md/[2021-02-10]最高检发布依法严惩涉新冠疫苗犯罪典型案例.md|wiki/summaries/summary_20210210_最高人民检察院_典型案例_最高检发布依法严惩涉新冠疫苗犯罪典型案例.md
NEW|sources/微信公号资料/最高人民检察院/最高检-典型案例-md/[2021-02-18]最高检发布行政检察公开听证典型案例.md|wiki/summaries/summary_20210218_最高人民检察院_典型案例_最高检发布行政检察公开听证典型案例.md
NEW|sources/微信公号资料/最高人民检察院/最高检-典型案例-md/[2021-02-23]促进行政争议实质化解最高检发布12件典型案例.md|wiki/summaries/summary_20210223_最高人民检察院_典型案例_促进行政争议实质化解最高检发布12件典型案例.md
NEW|sources/微信公号资料/最高人民检察院/最高检-典型案例-md/[2021-02-24]助力脱贫攻坚最高检发布公益诉讼检察典型案例.md|wiki/summaries/summary_20210224_最高人民检察院_典型案例_助力脱贫攻坚最高检发布公益诉讼检察典型案例.md
NEW|sources/微信公号资料/最高人民检察院/最高检-典型案例-md/[2021-03-02]事关脚底下的安全最高检发布涉窨井盖犯罪典型案例.md|wiki/summaries/summary_20210302_最高人民检察院_典型案例_事关脚底下的安全最高检发布涉窨井盖犯罪典型案例.md
NEW|sources/微信公号资料/最高人民检察院/最高检-典型案例-md/[2021-03-15]全文最高检发布食品药品安全消费者权益保护检察公益诉讼典型案例.md|wiki/summaries/summary_20210315_最高人民检察院_典型案例_全文最高检发布食品药品安全消费者权益保护检察公益诉讼典型案例.md
NEW|sources/微信公号资料/最高人民检察院/最高检-典型案例-md/[2021-03-19]全文最高检央行联合发布惩治洗钱犯罪典型案例.md|wiki/summaries/summary_20210319_最高人民检察院_典型案例_全文最高检央行联合发布惩治洗钱犯罪典型案例.md
NEW|sources/微信公号资料/最高人民检察院/最高检-典型案例-md/[2021-03-23]最高检应急管理部联合发布安全生产领域公益诉讼典型案例.md|wiki/summaries/summary_20210323_最高人民检察院_典型案例_最高检应急管理部联合发布安全生产领域公益诉讼典型案例.md
NEW|sources/微信公号资料/最高人民检察院/最高检-典型案例-md/[2021-04-25]全文最高检发布2020年度检察机关保护知识产权典型案例.md|wiki/summaries/summary_20210425_最高人民检察院_典型案例_全文最高检发布2020年度检察机关保护知识产权典型案例.md
NEW|sources/微信公号资料/最高人民检察院/最高检-典型案例-md/[2021-05-07]家庭暴力不是家事私事最高检发布依法惩治家庭暴力犯罪典型案例.md|wiki/summaries/summary_20210507_最高人民检察院_典型案例_家庭暴力不是家事私事最高检发布依法惩治家庭暴力犯罪典型案例.md
NEW|sources/微信公号资料/最高人民检察院/最高检-典型案例-md/[2021-05-12]最高检发布工伤认定和工伤保险类行政检察监督典型案例.md|wiki/summaries/summary_20210512_最高人民检察院_典型案例_最高检发布工伤认定和工伤保险类行政检察监督典型案例.md
NEW|sources/微信公号资料/最高人民检察院/最高检-典型案例-md/[2021-05-14]有爱无碍最高检发布无障碍环境建设公益诉讼典型案例.md|wiki/summaries/summary_20210514_最高人民检察院_典型案例_有爱无碍最高检发布无障碍环境建设公益诉讼典型案例.md
NEW|sources/微信公号资料/最高人民检察院/最高检-典型案例-md/[2021-06-04]最高检发布大运河公益诉讼保护典型案例.md|wiki/summaries/summary_20210604_最高人民检察院_典型案例_最高检发布大运河公益诉讼保护典型案例.md
NEW|sources/微信公号资料/最高人民检察院/最高检-典型案例-md/[2021-06-25]最高检发布依法惩治新型毒品犯罪典型案例.md|wiki/summaries/summary_20210625_最高人民检察院_典型案例_最高检发布依法惩治新型毒品犯罪典型案例.md
NEW|sources/微信公号资料/最高人民检察院/最高检-典型案例-md/[2021-06-27]最高检和退役军人事务部联合发布红色资源保护公益诉讼典型案例.md|wiki/summaries/summary_20210627_最高人民检察院_典型案例_最高检和退役军人事务部联合发布红色资源保护公益诉讼典型案例.md
NEW|sources/微信公号资料/最高人民检察院/最高检-典型案例-md/[2021-07-22]最高检发布公益诉讼检察听证典型案例.md|wiki/summaries/summary_20210722_最高人民检察院_典型案例_最高检发布公益诉讼检察听证典型案例.md
NEW|sources/微信公号资料/最高人民检察院/最高检-典型案例-md/[2021-07-29]最高检发布推进司法责任体系建设典型案例.md|wiki/summaries/summary_20210729_最高人民检察院_典型案例_最高检发布推进司法责任体系建设典型案例.md
NEW|sources/微信公号资料/最高人民检察院/最高检-典型案例-md/[2021-07-30]最高检印发依法惩治侵犯军人军属合法权益危害国防利益犯罪典型案例.md|wiki/summaries/summary_20210730_最高人民检察院_典型案例_最高检印发依法惩治侵犯军人军属合法权益危害国防利益犯罪典型案例.md
NEW|sources/微信公号资料/最高人民检察院/最高检-典型案例-md/[2021-08-06]最高检发布检察为民办实事行政检察与民同行系列典型案例.md|wiki/summaries/summary_20210806_最高人民检察院_典型案例_最高检发布检察为民办实事行政检察与民同行系列典型案例.md
NEW|sources/微信公号资料/最高人民检察院/最高检-典型案例-md/[2021-08-08]最高检跟踪发布5件全国检察机关依法惩治妨害疫情防控秩序犯罪典型案例.md|wiki/summaries/summary_20210808_最高人民检察院_典型案例_最高检跟踪发布5件全国检察机关依法惩治妨害疫情防控秩序犯罪典型案例.md
NEW|sources/微信公号资料/最高人民检察院/最高检-典型案例-md/[2021-08-25]全国检察机关行政诉讼监督典型案例.md|wiki/summaries/summary_20210825_最高人民检察院_典型案例_全国检察机关行政诉讼监督典型案例.md
NEW|sources/微信公号资料/最高人民检察院/最高检-典型案例-md/[2021-09-09]最高检发布公益诉讼守护美好生活专项监督活动典型案例.md|wiki/summaries/summary_20210909_最高人民检察院_典型案例_最高检发布公益诉讼守护美好生活专项监督活动典型案例.md
NEW|sources/微信公号资料/最高人民检察院/最高检-典型案例-md/[2021-09-15]最高检发布检察公益诉讼起诉典型案例.md|wiki/summaries/summary_20210915_最高人民检察院_典型案例_最高检发布检察公益诉讼起诉典型案例.md
NEW|sources/微信公号资料/最高人民检察院/最高检-典型案例-md/[2021-09-29]退役军人事务部最高人民检察院联合发布烈士纪念设施保护行政公益诉讼典型案例.md|wiki/summaries/summary_20210929_最高人民检察院_典型案例_退役军人事务部最高人民检察院联合发布烈士纪念设施保护行政公益诉讼典型案例.md
NEW|sources/微信公号资料/最高人民检察院/最高检-典型案例-md/[2021-10-09]最高检发布生物多样性保护公益诉讼典型案例.md|wiki/summaries/summary_20211009_最高人民检察院_典型案例_最高检发布生物多样性保护公益诉讼典型案例.md
NEW|sources/微信公号资料/最高人民检察院/最高检-典型案例-md/[2021-10-25]最高检发布检察为民办实事行政检察与民同行系列典型案例第二批.md|wiki/summaries/summary_20211025_最高人民检察院_典型案例_最高检发布检察为民办实事行政检察与民同行系列典型案例第二批.md
NEW|sources/微信公号资料/最高人民检察院/最高检-典型案例-md/[2021-11-15]最高检全国妇联中国关工委联合印发在办理涉未成年人案件中全面开展家庭教育指导工.md|wiki/summaries/summary_20211115_最高人民检察院_典型案例_最高检全国妇联中国关工委联合印发在办理涉未成年人案件中全面开展家庭教育指导工.md
NEW|sources/微信公号资料/最高人民检察院/最高检-典型案例-md/[2021-11-23]最高检发布检察为民办实事行政检察与民同行系列典型案例第三批.md|wiki/summaries/summary_20211123_最高人民检察院_典型案例_最高检发布检察为民办实事行政检察与民同行系列典型案例第三批.md
NEW|sources/微信公号资料/最高人民检察院/最高检-典型案例-md/[2021-11-25]检察机关依法惩治寄递违禁品犯罪典型案例.md|wiki/summaries/summary_20211125_最高人民检察院_典型案例_检察机关依法惩治寄递违禁品犯罪典型案例.md
NEW|sources/微信公号资料/最高人民检察院/最高检-典型案例-md/[2021-11-29]检察机关依法惩治开设赌场犯罪典型案例.md|wiki/summaries/summary_20211129_最高人民检察院_典型案例_检察机关依法惩治开设赌场犯罪典型案例.md
NEW|sources/微信公号资料/最高人民检察院/最高检-典型案例-md/[2021-12-01]最高检印发第二批民事检察跟进监督典型案例.md|wiki/summaries/summary_20211201_最高人民检察院_典型案例_最高检印发第二批民事检察跟进监督典型案例.md
NEW|sources/微信公号资料/最高人民检察院/最高检-典型案例-md/[2021-12-03]最高检发布首批5起检察机关贯彻少捕慎诉慎押刑事司法政策典型案例.md|wiki/summaries/summary_20211203_最高人民检察院_典型案例_最高检发布首批5起检察机关贯彻少捕慎诉慎押刑事司法政策典型案例.md
NEW|sources/微信公号资料/最高人民检察院/最高检-典型案例-md/[2021-12-16]最高检发布检察为民办实事行政检察与民同行系列典型案例第四批.md|wiki/summaries/summary_20211216_最高人民检察院_典型案例_最高检发布检察为民办实事行政检察与民同行系列典型案例第四批.md
NEW|sources/微信公号资料/最高人民检察院/最高检-典型案例-md/[2021-12-17]最高检发布对农村地区生活困难当事人开展司法救助典型案例.md|wiki/summaries/summary_20211217_最高人民检察院_典型案例_最高检发布对农村地区生活困难当事人开展司法救助典型案例.md
NEW|sources/微信公号资料/最高人民检察院/最高检-典型案例-md/[2022-01-24]2021年度十大行政检察典型案例.md|wiki/summaries/summary_20220124_最高人民检察院_典型案例_2021年度十大行政检察典型案例.md
NEW|sources/微信公号资料/最高人民检察院/最高检-典型案例-md/[2022-01-25]检察机关服务保障黄河流域生态保护和高质量发展典型案例.md|wiki/summaries/summary_20220125_最高人民检察院_典型案例_检察机关服务保障黄河流域生态保护和高质量发展典型案例.md
NEW|sources/微信公号资料/最高人民检察院/最高检-典型案例-md/[2022-02-24]检察机关深化司法民主建设推进全过程人民民主典型案例.md|wiki/summaries/summary_20220224_最高人民检察院_典型案例_检察机关深化司法民主建设推进全过程人民民主典型案例.md
NEW|sources/微信公号资料/最高人民检察院/最高检-典型案例-md/[2022-03-03]检察公益诉讼回头看跟进监督典型案例.md|wiki/summaries/summary_20220303_最高人民检察院_典型案例_检察公益诉讼回头看跟进监督典型案例.md
NEW|sources/微信公号资料/最高人民检察院/最高检-典型案例-md/[2022-03-04]最高检发布检察机关依法惩治危害药品安全犯罪典型案例.md|wiki/summaries/summary_20220304_最高人民检察院_典型案例_最高检发布检察机关依法惩治危害药品安全犯罪典型案例.md
NEW|sources/微信公号资料/最高人民检察院/最高检-典型案例-md/[2022-03-06]最高检与国家乡村振兴局联合发布加强司法救助协作典型案例.md|wiki/summaries/summary_20220306_最高人民检察院_典型案例_最高检与国家乡村振兴局联合发布加强司法救助协作典型案例.md
NEW|sources/微信公号资料/最高人民检察院/最高检-典型案例-md/[2022-03-14]检察机关依法惩治制售假冒伪劣商品犯罪典型案例.md|wiki/summaries/summary_20220314_最高人民检察院_典型案例_检察机关依法惩治制售假冒伪劣商品犯罪典型案例.md
NEW|sources/微信公号资料/最高人民检察院/最高检-典型案例-md/[2022-03-15]最高检发布315检察机关食品药品安全公益诉讼典型案例.md|wiki/summaries/summary_20220315_最高人民检察院_典型案例_最高检发布315检察机关食品药品安全公益诉讼典型案例.md
NEW|sources/微信公号资料/最高人民检察院/最高检-典型案例-md/[2022-03-21]最高检发布检察机关依法惩治危害农资安全犯罪典型案例.md|wiki/summaries/summary_20220321_最高人民检察院_典型案例_最高检发布检察机关依法惩治危害农资安全犯罪典型案例.md
NEW|sources/微信公号资料/最高人民检察院/最高检-典型案例-md/[2022-03-31]最高检发布第十六批全国检察机关依法办理涉新冠肺炎疫情典型案例.md|wiki/summaries/summary_20220331_最高人民检察院_典型案例_最高检发布第十六批全国检察机关依法办理涉新冠肺炎疫情典型案例.md
NEW|sources/微信公号资料/最高人民检察院/最高检-典型案例-md/[2022-04-20]国家监察委员会最高人民检察院首次联合发布5起行贿犯罪典型案例.md|wiki/summaries/summary_20220420_最高人民检察院_典型案例_国家监察委员会最高人民检察院首次联合发布5起行贿犯罪典型案例.md
NEW|sources/微信公号资料/最高人民检察院/最高检-典型案例-md/[2022-04-21]最高检发布打击治理电信网络诈骗及关联犯罪典型案例.md|wiki/summaries/summary_20220421_最高人民检察院_典型案例_最高检发布打击治理电信网络诈骗及关联犯罪典型案例.md
NEW|sources/微信公号资料/最高人民检察院/最高检-典型案例-md/[2022-04-29]最高检公安部联合发布依法惩治妨害疫情防控秩序违法犯罪典型案例.md|wiki/summaries/summary_20220429_最高人民检察院_典型案例_最高检公安部联合发布依法惩治妨害疫情防控秩序违法犯罪典型案例.md
NEW|sources/微信公号资料/最高人民检察院/最高检-典型案例-md/[2022-05-16]以我管促都管最高检发布检察为民办实事行政检察与民同行系列典型案例第五批.md|wiki/summaries/summary_20220516_最高人民检察院_典型案例_以我管促都管最高检发布检察为民办实事行政检察与民同行系列典型案例第五批.md
NEW|sources/微信公号资料/最高人民检察院/最高检-典型案例-md/[2022-05-22]最高检发布首批人民监督员监督检察办案活动典型案例.md|wiki/summaries/summary_20220522_最高人民检察院_典型案例_最高检发布首批人民监督员监督检察办案活动典型案例.md
NEW|sources/微信公号资料/最高人民检察院/最高检-典型案例-md/[2022-06-05]最高检公安部联合发布依法惩治妨害疫情防控保障犯罪典型案例.md|wiki/summaries/summary_20220605_最高人民检察院_典型案例_最高检公安部联合发布依法惩治妨害疫情防控保障犯罪典型案例.md
NEW|sources/微信公号资料/最高人民检察院/最高检-典型案例-md/[2022-06-09]最高检水利部联合发布涉水领域检察公益诉讼典型案例.md|wiki/summaries/summary_20220609_最高人民检察院_典型案例_最高检水利部联合发布涉水领域检察公益诉讼典型案例.md
NEW|sources/微信公号资料/最高人民检察院/最高检-典型案例-md/[2022-06-16]最高检发布检察为民办实事行政检察与民同行系列典型案例第六批.md|wiki/summaries/summary_20220616_最高人民检察院_典型案例_最高检发布检察为民办实事行政检察与民同行系列典型案例第六批.md
NEW|sources/微信公号资料/最高人民检察院/最高检-典型案例-md/[2022-06-17]最高检发布打击整治养老诈骗犯罪典型案例.md|wiki/summaries/summary_20220617_最高人民检察院_典型案例_最高检发布打击整治养老诈骗犯罪典型案例.md
NEW|sources/微信公号资料/最高人民检察院/最高检-典型案例-md/[2022-06-23]最高检印发检察机关简易公开听证典型案例.md|wiki/summaries/summary_20220623_最高人民检察院_典型案例_最高检印发检察机关简易公开听证典型案例.md
NEW|sources/微信公号资料/最高人民检察院/最高检-典型案例-md/[2022-07-07]最高检发布6起依法惩治妨害国边境管理犯罪典型案例.md|wiki/summaries/summary_20220707_最高人民检察院_典型案例_最高检发布6起依法惩治妨害国边境管理犯罪典型案例.md
NEW|sources/微信公号资料/最高人民检察院/最高检-典型案例-md/[2022-07-19]检察机关服务保障长江经济带发展典型案例第四批.md|wiki/summaries/summary_20220719_最高人民检察院_典型案例_检察机关服务保障长江经济带发展典型案例第四批.md
NEW|sources/微信公号资料/最高人民检察院/最高检-典型案例-md/[2022-07-29]全国检察机关依法惩治侵犯军人军属合法权益犯罪典型案例.md|wiki/summaries/summary_20220729_最高人民检察院_典型案例_全国检察机关依法惩治侵犯军人军属合法权益犯罪典型案例.md
NEW|sources/微信公号资料/最高人民检察院/最高检-典型案例-md/[2022-08-01]最高检与退役军人事务部联合发布司法救助协作典型案例.md|wiki/summaries/summary_20220801_最高人民检察院_典型案例_最高检与退役军人事务部联合发布司法救助协作典型案例.md
NEW|sources/微信公号资料/最高人民检察院/最高检-典型案例-md/[2022-08-17]最高检印发第二批上门听证典型案例.md|wiki/summaries/summary_20220817_最高人民检察院_典型案例_最高检印发第二批上门听证典型案例.md
NEW|sources/微信公号资料/最高人民检察院/最高检-典型案例-md/[2022-09-06]最高检发布检察为民办实事行政检察与民同行系列典型案例第七批.md|wiki/summaries/summary_20220906_最高人民检察院_典型案例_最高检发布检察为民办实事行政检察与民同行系列典型案例第七批.md
NEW|sources/微信公号资料/最高人民检察院/最高检-典型案例-md/[2022-09-09]最高法最高检公安部中国证监会联合发布依法从严打击证券犯罪典型案例.md|wiki/summaries/summary_20220909_最高人民检察院_典型案例_最高法最高检公安部中国证监会联合发布依法从严打击证券犯罪典型案例.md
NEW|sources/微信公号资料/最高人民检察院/最高检-典型案例-md/[2022-09-14]最高检发布检察机关督促整治非法采矿公益诉讼典型案例.md|wiki/summaries/summary_20220914_最高人民检察院_典型案例_最高检发布检察机关督促整治非法采矿公益诉讼典型案例.md
NEW|sources/微信公号资料/最高人民检察院/最高检-典型案例-md/[2022-10-10]最高检发布检察为民办实事行政检察与民同行系列典型案例第八批.md|wiki/summaries/summary_20221010_最高人民检察院_典型案例_最高检发布检察为民办实事行政检察与民同行系列典型案例第八批.md
NEW|sources/微信公号资料/最高人民检察院/最高检-典型案例-md/[2022-11-03]最高检发布检察机关惩治洗钱犯罪典型案例.md|wiki/summaries/summary_20221103_最高人民检察院_典型案例_最高检发布检察机关惩治洗钱犯罪典型案例.md
NEW|sources/微信公号资料/最高人民检察院/最高检-典型案例-md/[2022-11-05]最高检指导发布首批湿地保护公益诉讼典型案例.md|wiki/summaries/summary_20221105_最高人民检察院_典型案例_最高检指导发布首批湿地保护公益诉讼典型案例.md
NEW|sources/微信公号资料/最高人民检察院/最高检-典型案例-md/[2022-11-07]最高检发布国财国土领域行政公益诉讼典型案例.md|wiki/summaries/summary_20221107_最高人民检察院_典型案例_最高检发布国财国土领域行政公益诉讼典型案例.md
NEW|sources/微信公号资料/最高人民检察院/最高检-典型案例-md/[2022-11-09]检察机关惩治养老诈骗违法犯罪典型案例.md|wiki/summaries/summary_20221109_最高人民检察院_典型案例_检察机关惩治养老诈骗违法犯罪典型案例.md
NEW|sources/微信公号资料/最高人民检察院/最高检-典型案例-md/[2022-11-11]最高检发布4件依法惩治盗采矿产资源犯罪典型案例.md|wiki/summaries/summary_20221111_最高人民检察院_典型案例_最高检发布4件依法惩治盗采矿产资源犯罪典型案例.md
NEW|sources/微信公号资料/最高人民检察院/最高检-典型案例-md/[2022-11-23]最高检发布检察机关落实七号检察建议典型案例.md|wiki/summaries/summary_20221123_最高人民检察院_典型案例_最高检发布检察机关落实七号检察建议典型案例.md
NEW|sources/微信公号资料/最高人民检察院/最高检-典型案例-md/[2022-12-09]最高检发布检察为民办实事行政检察与民同行系列典型案例第十批.md|wiki/summaries/summary_20221209_最高人民检察院_典型案例_最高检发布检察为民办实事行政检察与民同行系列典型案例第十批.md
NEW|sources/微信公号资料/最高人民检察院/最高检-典型案例-md/[2022-12-14]最高检发布药品安全公益诉讼典型案例.md|wiki/summaries/summary_20221214_最高人民检察院_典型案例_最高检发布药品安全公益诉讼典型案例.md
NEW|sources/微信公号资料/最高人民检察院/最高检-典型案例-md/[2022-12-15]人民法院人民检察院依法惩治危害生产安全犯罪典型案例.md|wiki/summaries/summary_20221215_最高人民检察院_典型案例_人民法院人民检察院依法惩治危害生产安全犯罪典型案例.md
NEW|sources/微信公号资料/最高人民检察院/最高检-典型案例-md/[2022-12-16]最高检发布安全生产领域检察公益诉讼典型案例.md|wiki/summaries/summary_20221216_最高人民检察院_典型案例_最高检发布安全生产领域检察公益诉讼典型案例.md
NEW|sources/微信公号资料/最高人民检察院/最高检-典型案例-md/[2022-12-20]最高检发布人民监督员参与和监督检察公益诉讼办案活动典型案例.md|wiki/summaries/summary_20221220_最高人民检察院_典型案例_最高检发布人民监督员参与和监督检察公益诉讼办案活动典型案例.md
NEW|sources/微信公号资料/最高人民检察院/最高检-典型案例-md/[2022-12-23]最高检印发三批院领导包案办理疑难复杂信访案件典型案例.md|wiki/summaries/summary_20221223_最高人民检察院_典型案例_最高检印发三批院领导包案办理疑难复杂信访案件典型案例.md
NEW|sources/微信公号资料/最高人民检察院/最高检-典型案例-md/[2022-12-30]最高检发布4件依法惩治涉网络黑恶犯罪典型案例.md|wiki/summaries/summary_20221230_最高人民检察院_典型案例_最高检发布4件依法惩治涉网络黑恶犯罪典型案例.md
NEW|sources/微信公号资料/最高人民检察院/最高检-典型案例-md/[2023-02-02]最高检发布大数据赋能未成年人检察监督典型案例.md|wiki/summaries/summary_20230202_最高人民检察院_典型案例_最高检发布大数据赋能未成年人检察监督典型案例.md
NEW|sources/微信公号资料/最高人民检察院/最高检-典型案例-md/[2023-02-19]2022年度十大行政检察典型案例.md|wiki/summaries/summary_20230219_最高人民检察院_典型案例_2022年度十大行政检察典型案例.md
NEW|sources/微信公号资料/最高人民检察院/最高检-典型案例-md/[2023-02-25]最高检发布新兴业态治理未成年人保护检察公益诉讼典型案例.md|wiki/summaries/summary_20230225_最高人民检察院_典型案例_最高检发布新兴业态治理未成年人保护检察公益诉讼典型案例.md
NEW|sources/微信公号资料/最高人民检察院/最高检-典型案例-md/[2023-02-27]2022年度公益诉讼守护美好生活典型案例.md|wiki/summaries/summary_20230227_最高人民检察院_典型案例_2022年度公益诉讼守护美好生活典型案例.md
NEW|sources/微信公号资料/最高人民检察院/最高检-典型案例-md/[2023-03-02]最高检公安部联合印发关于依法妥善办理轻伤害案件的指导意见.md|wiki/summaries/summary_20230302_最高人民检察院_典型案例_最高检公安部联合印发关于依法妥善办理轻伤害案件的指导意见.md
NEW|sources/微信公号资料/最高人民检察院/最高检-典型案例-md/[2023-03-02]最高检发布检察机关依法妥善办理轻伤害案件典型案例.md|wiki/summaries/summary_20230302_最高人民检察院_典型案例_最高检发布检察机关依法妥善办理轻伤害案件典型案例.md
NEW|sources/微信公号资料/最高人民检察院/最高检-典型案例-md/[2023-03-08]最高检全国妇联共同印发加强司法救助协作典型案例.md|wiki/summaries/summary_20230308_最高人民检察院_典型案例_最高检全国妇联共同印发加强司法救助协作典型案例.md
NEW|sources/微信公号资料/最高人民检察院/最高检-典型案例-md/[2023-03-14]最高检发布检察机关依法惩治制售伪劣商品犯罪典型案例.md|wiki/summaries/summary_20230314_最高人民检察院_典型案例_最高检发布检察机关依法惩治制售伪劣商品犯罪典型案例.md
NEW|sources/微信公号资料/最高人民检察院/最高检-典型案例-md/[2023-03-22]最高检自然资源部联合发布土地执法查处领域行政非诉执行监督典型案例.md|wiki/summaries/summary_20230322_最高人民检察院_典型案例_最高检自然资源部联合发布土地执法查处领域行政非诉执行监督典型案例.md
NEW|sources/微信公号资料/最高人民检察院/最高检-典型案例-md/[2023-04-06]最高检发布检察机关依法惩治医疗美容领域违法犯罪典型案例.md|wiki/summaries/summary_20230406_最高人民检察院_典型案例_最高检发布检察机关依法惩治医疗美容领域违法犯罪典型案例.md
NEW|sources/微信公号资料/最高人民检察院/最高检-典型案例-md/[2023-04-20]最高检发布检察机关依法惩治制售伪劣农资犯罪典型案例.md|wiki/summaries/summary_20230420_最高人民检察院_典型案例_最高检发布检察机关依法惩治制售伪劣农资犯罪典型案例.md
NEW|sources/微信公号资料/最高人民检察院/最高检-典型案例-md/[2023-04-21]最高检国家文物局联合发布长城保护检察公益诉讼典型案例.md|wiki/summaries/summary_20230421_最高人民检察院_典型案例_最高检国家文物局联合发布长城保护检察公益诉讼典型案例.md
NEW|sources/微信公号资料/最高人民检察院/最高检-典型案例-md/[2023-04-26]最高检发布检察机关知识产权保护典型案例.md|wiki/summaries/summary_20230426_最高人民检察院_典型案例_最高检发布检察机关知识产权保护典型案例.md
NEW|sources/微信公号资料/最高人民检察院/最高检-典型案例-md/[2023-04-28]最高检发布检察为民办实事行政检察与民同行系列典型案例第十一批.md|wiki/summaries/summary_20230428_最高人民检察院_典型案例_最高检发布检察为民办实事行政检察与民同行系列典型案例第十一批.md
NEW|sources/微信公号资料/最高人民检察院/最高检-典型案例-md/[2023-05-16]最高检印发大数据赋能类案司法救助典型案例.md|wiki/summaries/summary_20230516_最高人民检察院_典型案例_最高检印发大数据赋能类案司法救助典型案例.md
NEW|sources/微信公号资料/最高人民检察院/最高检-典型案例-md/[2023-05-24]最高检全国妇联中国关工委联合发布第二批在办理涉未成年人案件中全面开展家庭教育.md|wiki/summaries/summary_20230524_最高人民检察院_典型案例_最高检全国妇联中国关工委联合发布第二批在办理涉未成年人案件中全面开展家庭教育.md
NEW|sources/微信公号资料/最高人民检察院/最高检-典型案例-md/[2023-06-05]检察机关服务保障碳达峰碳中和典型案例.md|wiki/summaries/summary_20230605_最高人民检察院_典型案例_检察机关服务保障碳达峰碳中和典型案例.md
NEW|sources/微信公号资料/最高人民检察院/最高检-典型案例-md/[2023-06-06]最高检发布10个典型案例深入推进中央生态环境保护督察公益诉讼案件办理.md|wiki/summaries/summary_20230606_最高人民检察院_典型案例_最高检发布10个典型案例深入推进中央生态环境保护督察公益诉讼案件办理.md
NEW|sources/微信公号资料/最高人民检察院/最高检-典型案例-md/[2023-06-08]最高检中国海警局印发办理海上非法采砂相关犯罪典型案例.md|wiki/summaries/summary_20230608_最高人民检察院_典型案例_最高检中国海警局印发办理海上非法采砂相关犯罪典型案例.md
NEW|sources/微信公号资料/最高人民检察院/最高检-典型案例-md/[2023-06-11]最高检发布检察为民办实事行政检察与民同行系列典型案例第十二批.md|wiki/summaries/summary_20230611_最高人民检察院_典型案例_最高检发布检察为民办实事行政检察与民同行系列典型案例第十二批.md
NEW|sources/微信公号资料/最高人民检察院/最高检-典型案例-md/[2023-06-25]最高检发布依法严惩毒品犯罪强化禁毒综合治理十大典型案事例.md|wiki/summaries/summary_20230625_最高人民检察院_典型案例_最高检发布依法严惩毒品犯罪强化禁毒综合治理十大典型案事例.md
NEW|sources/微信公号资料/最高人民检察院/最高检-典型案例-md/[2023-06-26]最高检发布惩治麻醉药品精神药品失管涉毒犯罪典型案例.md|wiki/summaries/summary_20230626_最高人民检察院_典型案例_最高检发布惩治麻醉药品精神药品失管涉毒犯罪典型案例.md
NEW|sources/微信公号资料/最高人民检察院/最高检-典型案例-md/[2023-06-28]最高检发布督促整治非法采矿检察公益诉讼典型案例第二批.md|wiki/summaries/summary_20230628_最高人民检察院_典型案例_最高检发布督促整治非法采矿检察公益诉讼典型案例第二批.md
NEW|sources/微信公号资料/最高人民检察院/最高检-典型案例-md/[2023-06-30]最高检发布湿地保护公益诉讼典型案例.md|wiki/summaries/summary_20230630_最高人民检察院_典型案例_最高检发布湿地保护公益诉讼典型案例.md
NEW|sources/微信公号资料/最高人民检察院/最高检-典型案例-md/[2023-07-05]最高检发布第三批社区矫正法律监督典型案例.md|wiki/summaries/summary_20230705_最高人民检察院_典型案例_最高检发布第三批社区矫正法律监督典型案例.md
NEW|sources/微信公号资料/最高人民检察院/最高检-典型案例-md/[2023-07-07]最高检发布生态环境保护检察公益诉讼典型案例.md|wiki/summaries/summary_20230707_最高人民检察院_典型案例_最高检发布生态环境保护检察公益诉讼典型案例.md
NEW|sources/微信公号资料/最高人民检察院/最高检-典型案例-md/[2023-07-11]最高检发布检察为民办实事行政检察与民同行系列典型案例第十三批.md|wiki/summaries/summary_20230711_最高人民检察院_典型案例_最高检发布检察为民办实事行政检察与民同行系列典型案例第十三批.md
NEW|sources/微信公号资料/最高人民检察院/最高检-典型案例-md/[2023-08-01]最高检与退役军人事务部联合发布协同开展司法救助典型案例.md|wiki/summaries/summary_20230801_最高人民检察院_典型案例_最高检与退役军人事务部联合发布协同开展司法救助典型案例.md
NEW|sources/微信公号资料/最高人民检察院/最高检-典型案例-md/[2023-08-10]最高检和国家疾控局联合发布抗抑菌制剂非法添加专项监督典型案例.md|wiki/summaries/summary_20230810_最高人民检察院_典型案例_最高检和国家疾控局联合发布抗抑菌制剂非法添加专项监督典型案例.md
NEW|sources/微信公号资料/最高人民检察院/最高检-典型案例-md/[2023-08-15]两高联合发布生态环境保护检察公益诉讼典型案例.md|wiki/summaries/summary_20230815_最高人民检察院_典型案例_两高联合发布生态环境保护检察公益诉讼典型案例.md
NEW|sources/微信公号资料/最高人民检察院/最高检-典型案例-md/[2023-08-17]最高检发布公益诉讼守护美好生活专项监督活动典型案例.md|wiki/summaries/summary_20230817_最高人民检察院_典型案例_最高检发布公益诉讼守护美好生活专项监督活动典型案例.md
NEW|sources/微信公号资料/最高人民检察院/最高检-典型案例-md/[2023-09-04]最高检发布检察公益诉讼助力流域生态环境保护治理典型案例.md|wiki/summaries/summary_20230904_最高人民检察院_典型案例_最高检发布检察公益诉讼助力流域生态环境保护治理典型案例.md
NEW|sources/微信公号资料/最高人民检察院/最高检-典型案例-md/[2023-09-06]最高检会同民政部中国残联发布维护残疾人合法权益行政检察典型案例.md|wiki/summaries/summary_20230906_最高人民检察院_典型案例_最高检会同民政部中国残联发布维护残疾人合法权益行政检察典型案例.md
NEW|sources/微信公号资料/最高人民检察院/最高检-典型案例-md/[2023-10-24]最高检发布防范金融投资诈骗典型案例.md|wiki/summaries/summary_20231024_最高人民检察院_典型案例_最高检发布防范金融投资诈骗典型案例.md
NEW|sources/微信公号资料/最高人民检察院/最高检-典型案例-md/[2023-10-30]最高检与国家文物局联合发布依法惩治涉文物犯罪典型案例.md|wiki/summaries/summary_20231030_最高人民检察院_典型案例_最高检与国家文物局联合发布依法惩治涉文物犯罪典型案例.md
NEW|sources/微信公号资料/最高人民检察院/最高检-典型案例-md/[2023-10-31]最高检发布安全生产检察公益诉讼典型案例.md|wiki/summaries/summary_20231031_最高人民检察院_典型案例_最高检发布安全生产检察公益诉讼典型案例.md
NEW|sources/微信公号资料/最高人民检察院/最高检-典型案例-md/[2023-11-01]保障外嫁女合法权益最高检全国妇联联合发布6件典型案例.md|wiki/summaries/summary_20231101_最高人民检察院_典型案例_保障外嫁女合法权益最高检全国妇联联合发布6件典型案例.md
NEW|sources/微信公号资料/最高人民检察院/最高检-典型案例-md/[2023-11-07]三部门联合印发办理海上涉砂刑事案件证据指引.md|wiki/summaries/summary_20231107_最高人民检察院_典型案例_三部门联合印发办理海上涉砂刑事案件证据指引.md
NEW|sources/微信公号资料/最高人民检察院/最高检-典型案例-md/[2023-11-13]最高检发布无障碍环境建设检察公益诉讼典型案例.md|wiki/summaries/summary_20231113_最高人民检察院_典型案例_最高检发布无障碍环境建设检察公益诉讼典型案例.md
NEW|sources/微信公号资料/最高人民检察院/最高检-典型案例-md/[2023-11-24]最高检印发第三批检察机关与妇联组织加强司法救助协作典型案例.md|wiki/summaries/summary_20231124_最高人民检察院_典型案例_最高检印发第三批检察机关与妇联组织加强司法救助协作典型案例.md
NEW|sources/微信公号资料/最高人民检察院/最高检-典型案例-md/[2023-11-29]最高检发布民事再审检察建议典型案例.md|wiki/summaries/summary_20231129_最高人民检察院_典型案例_最高检发布民事再审检察建议典型案例.md
NEW|sources/微信公号资料/最高人民检察院/最高检-典型案例-md/[2023-11-30]最高检发布检察机关依法惩治电信网络诈骗及其关联犯罪典型案例.md|wiki/summaries/summary_20231130_最高人民检察院_典型案例_最高检发布检察机关依法惩治电信网络诈骗及其关联犯罪典型案例.md
NEW|sources/微信公号资料/最高人民检察院/最高检-典型案例-md/[2023-12-26]两高联合发布依法从严打击私募基金犯罪典型案例.md|wiki/summaries/summary_20231226_最高人民检察院_典型案例_两高联合发布依法从严打击私募基金犯罪典型案例.md
NEW|sources/微信公号资料/最高人民检察院/最高检-典型案例-md/[2023-12-27]最高检发布文物和文化遗产保护检察公益诉讼典型案例.md|wiki/summaries/summary_20231227_最高人民检察院_典型案例_最高检发布文物和文化遗产保护检察公益诉讼典型案例.md
NEW|sources/微信公号资料/最高人民检察院/最高检-典型案例-md/[2023-12-27]最高检国家外汇局联合发布惩治涉外汇违法犯罪典型案例.md|wiki/summaries/summary_20231227_最高人民检察院_典型案例_最高检国家外汇局联合发布惩治涉外汇违法犯罪典型案例.md
NEW|sources/微信公号资料/最高人民检察院/最高检-典型案例-md/[2023-12-28]最高检发布生物多样性保护检察公益诉讼典型案例.md|wiki/summaries/summary_20231228_最高人民检察院_典型案例_最高检发布生物多样性保护检察公益诉讼典型案例.md
NEW|sources/微信公号资料/最高人民检察院/最高检-典型案例-md/[2023-12-29]两高联合发布海洋自然资源与生态环境检察公益诉讼典型案例.md|wiki/summaries/summary_20231229_最高人民检察院_典型案例_两高联合发布海洋自然资源与生态环境检察公益诉讼典型案例.md
NEW|sources/微信公号资料/最高人民检察院/最高检-典型案例-md/[2023-12-29]最高人民法院最高人民检察院惩治伪造公司企业印章等破坏营商环境犯罪典型案例.md|wiki/summaries/summary_20231229_最高人民检察院_典型案例_最高人民法院最高人民检察院惩治伪造公司企业印章等破坏营商环境犯罪典型案例.md
NEW|sources/微信公号资料/最高人民检察院/最高检-典型案例-md/[2024-01-26]2023年度十大行政检察典型案例评选结果揭晓.md|wiki/summaries/summary_20240126_最高人民检察院_典型案例_2023年度十大行政检察典型案例评选结果揭晓.md
NEW|sources/微信公号资料/最高人民检察院/最高检-典型案例-md/[2024-01-30]最高检发布第二批检察机关贯彻实施民法典典型案例.md|wiki/summaries/summary_20240130_最高人民检察院_典型案例_最高检发布第二批检察机关贯彻实施民法典典型案例.md
NEW|sources/微信公号资料/最高人民检察院/最高检-典型案例-md/[2024-02-21]最高检发布检察机关高质效履职办案典型案例.md|wiki/summaries/summary_20240221_最高人民检察院_典型案例_最高检发布检察机关高质效履职办案典型案例.md
NEW|sources/微信公号资料/最高人民检察院/最高检-典型案例-md/[2024-02-23]最高检发布依法惩治网络犯罪助力网络空间综合治理典型案例.md|wiki/summaries/summary_20240223_最高人民检察院_典型案例_最高检发布依法惩治网络犯罪助力网络空间综合治理典型案例.md
NEW|sources/微信公号资料/最高人民检察院/最高检-典型案例-md/[2024-02-26]最高检发布加强刑事检察监督促进刑事司法公正典型案例.md|wiki/summaries/summary_20240226_最高人民检察院_典型案例_最高检发布加强刑事检察监督促进刑事司法公正典型案例.md
NEW|sources/微信公号资料/最高人民检察院/最高检-典型案例-md/[2024-02-28]最高检发布高质效办好每一个公益诉讼案件更高水平守护人民群众美好生活典型案例.md|wiki/summaries/summary_20240228_最高人民检察院_典型案例_最高检发布高质效办好每一个公益诉讼案件更高水平守护人民群众美好生活典型案例.md
NEW|sources/微信公号资料/最高人民检察院/最高检-典型案例-md/[2024-03-01]两高关于依法惩治医保骗保犯罪典型案例.md|wiki/summaries/summary_20240301_最高人民检察院_典型案例_两高关于依法惩治医保骗保犯罪典型案例.md
NEW|sources/微信公号资料/最高人民检察院/最高检-典型案例-md/[2024-03-04]最高检发布代表建议政协提案与公益诉讼检察建议衔接转化工作机制典型案例.md|wiki/summaries/summary_20240304_最高人民检察院_典型案例_最高检发布代表建议政协提案与公益诉讼检察建议衔接转化工作机制典型案例.md
NEW|sources/微信公号资料/最高人民检察院/最高检-典型案例-md/[2024-03-06]最高检发布首批检察机关依法能动履职推动社会主义核心价值观融入法治建设典型案例.md|wiki/summaries/summary_20240306_最高人民检察院_典型案例_最高检发布首批检察机关依法能动履职推动社会主义核心价值观融入法治建设典型案例.md
NEW|sources/微信公号资料/最高人民检察院/最高检-典型案例-md/[2024-03-13]最高检与全国妇联联合发布检察机关与妇联组织协作开展司法救助典型案例.md|wiki/summaries/summary_20240313_最高人民检察院_典型案例_最高检与全国妇联联合发布检察机关与妇联组织协作开展司法救助典型案例.md
NEW|sources/微信公号资料/最高人民检察院/最高检-典型案例-md/[2024-03-14]最高检发布检察机关依法惩治制售假冒伪劣商品犯罪典型案例.md|wiki/summaries/summary_20240314_最高人民检察院_典型案例_最高检发布检察机关依法惩治制售假冒伪劣商品犯罪典型案例.md
NEW|sources/微信公号资料/最高人民检察院/最高检-典型案例-md/[2024-03-15]最高检发布315消费者权益保护检察公益诉讼典型案例.md|wiki/summaries/summary_20240315_最高人民检察院_典型案例_最高检发布315消费者权益保护检察公益诉讼典型案例.md
NEW|sources/微信公号资料/最高人民检察院/最高检-典型案例-md/[2024-03-28]最高人民法院最高人民检察院联合发布依法惩治行贿犯罪典型案例.md|wiki/summaries/summary_20240328_最高人民检察院_典型案例_最高人民法院最高人民检察院联合发布依法惩治行贿犯罪典型案例.md
NEW|sources/微信公号资料/最高人民检察院/最高检-典型案例-md/[2024-04-23]最高检发布检察公益诉讼助力噪声污染防治典型案例.md|wiki/summaries/summary_20240423_最高人民检察院_典型案例_最高检发布检察公益诉讼助力噪声污染防治典型案例.md
NEW|sources/微信公号资料/最高人民检察院/最高检-典型案例-md/[2024-04-30]检察机关依法维护劳动者合法权益典型案例.md|wiki/summaries/summary_20240430_最高人民检察院_典型案例_检察机关依法维护劳动者合法权益典型案例.md
NEW|sources/微信公号资料/最高人民检察院/最高检-典型案例-md/[2024-05-07]最高人民检察院中华全国总工会联合发布根治欠薪典型案例.md|wiki/summaries/summary_20240507_最高人民检察院_典型案例_最高人民检察院中华全国总工会联合发布根治欠薪典型案例.md
NEW|sources/微信公号资料/最高人民检察院/最高检-典型案例-md/[2024-05-16]最高检生态环境部联合发布检察监督与生态环境执法协同推进长江保护修复典型案例.md|wiki/summaries/summary_20240516_最高人民检察院_典型案例_最高检生态环境部联合发布检察监督与生态环境执法协同推进长江保护修复典型案例.md
NEW|sources/微信公号资料/最高人民检察院/最高检-典型案例-md/[2024-06-06]最高检发布检察机关依法惩治第三方环保服务机构弄虚作假犯罪典型案例.md|wiki/summaries/summary_20240606_最高人民检察院_典型案例_最高检发布检察机关依法惩治第三方环保服务机构弄虚作假犯罪典型案例.md
NEW|sources/微信公号资料/最高人民检察院/最高检-典型案例-md/[2024-06-07]最高检发布第一批涉民生控告申诉检察典型案例.md|wiki/summaries/summary_20240607_最高人民检察院_典型案例_最高检发布第一批涉民生控告申诉检察典型案例.md
NEW|sources/微信公号资料/最高人民检察院/最高检-典型案例-md/[2024-06-08]最高检发布文物和文化遗产保护检察公益诉讼典型案例.md|wiki/summaries/summary_20240608_最高人民检察院_典型案例_最高检发布文物和文化遗产保护检察公益诉讼典型案例.md
NEW|sources/微信公号资料/最高人民检察院/最高检-典型案例-md/[2024-06-21]最高检发布惩治涉麻精药品等成瘾性物质滥用犯罪典型案例.md|wiki/summaries/summary_20240621_最高人民检察院_典型案例_最高检发布惩治涉麻精药品等成瘾性物质滥用犯罪典型案例.md
NEW|sources/微信公号资料/最高人民检察院/最高检-典型案例-md/[2024-06-28]最高检发布检察机关服务国家公园建设典型案例.md|wiki/summaries/summary_20240628_最高人民检察院_典型案例_最高检发布检察机关服务国家公园建设典型案例.md
NEW|sources/微信公号资料/最高人民检察院/最高检-典型案例-md/[2024-07-05]最高检发布落实强制报告制度典型案例.md|wiki/summaries/summary_20240705_最高人民检察院_典型案例_最高检发布落实强制报告制度典型案例.md
NEW|sources/微信公号资料/最高人民检察院/最高检-典型案例-md/[2024-07-08]最高检发布检护民生行政检察典型案例.md|wiki/summaries/summary_20240708_最高人民检察院_典型案例_最高检发布检护民生行政检察典型案例.md
NEW|sources/微信公号资料/最高人民检察院/最高检-典型案例-md/[2024-07-26]依法惩治跨境电信网络诈骗及其关联犯罪典型案例.md|wiki/summaries/summary_20240726_最高人民检察院_典型案例_依法惩治跨境电信网络诈骗及其关联犯罪典型案例.md
NEW|sources/微信公号资料/最高人民检察院/最高检-典型案例-md/[2024-07-28]最高检发布检察机关依法惩治利用网络暴力侵犯企业合法权益典型案例.md|wiki/summaries/summary_20240728_最高人民检察院_典型案例_最高检发布检察机关依法惩治利用网络暴力侵犯企业合法权益典型案例.md
NEW|sources/微信公号资料/最高人民检察院/最高检-典型案例-md/[2024-07-31]最高检发布检察机关依法维护国防利益军人军属合法权益典型案事例.md|wiki/summaries/summary_20240731_最高人民检察院_典型案例_最高检发布检察机关依法维护国防利益军人军属合法权益典型案事例.md
NEW|sources/微信公号资料/最高人民检察院/最高检-典型案例-md/[2024-08-13]最高检全国妇联中国关工委联合发布第三批在办理涉未成年人案件中全面开展家庭教育.md|wiki/summaries/summary_20240813_最高人民检察院_典型案例_最高检全国妇联中国关工委联合发布第三批在办理涉未成年人案件中全面开展家庭教育.md
NEW|sources/微信公号资料/最高人民检察院/最高检-典型案例-md/[2024-08-15]最高检发布服务经济社会发展全面绿色转型检察公益诉讼典型案例.md|wiki/summaries/summary_20240815_最高人民检察院_典型案例_最高检发布服务经济社会发展全面绿色转型检察公益诉讼典型案例.md
NEW|sources/微信公号资料/最高人民检察院/最高检-典型案例-md/[2024-08-19]水行政执法与检察公益诉讼协同服务保障国家水安全典型案例.md|wiki/summaries/summary_20240819_最高人民检察院_典型案例_水行政执法与检察公益诉讼协同服务保障国家水安全典型案例.md
NEW|sources/微信公号资料/最高人民检察院/最高检-典型案例-md/[2024-08-22]以长牙齿的硬措施保护耕地最高检自然资源部联合发布典型案例.md|wiki/summaries/summary_20240822_最高人民检察院_典型案例_以长牙齿的硬措施保护耕地最高检自然资源部联合发布典型案例.md
NEW|sources/微信公号资料/最高人民检察院/最高检-典型案例-md/[2024-08-23]最高检公安部联合发布依法惩治骗取出口退税犯罪典型案例.md|wiki/summaries/summary_20240823_最高人民检察院_典型案例_最高检公安部联合发布依法惩治骗取出口退税犯罪典型案例.md
NEW|sources/微信公号资料/最高人民检察院/最高检-典型案例-md/[2024-09-25]两高联合发布依法严惩危害食用农产品安全犯罪典型案例.md|wiki/summaries/summary_20240925_最高人民检察院_典型案例_两高联合发布依法严惩危害食用农产品安全犯罪典型案例.md
NEW|sources/微信公号资料/最高人民检察院/最高检-典型案例-md/[2024-10-22]最高检发布民主党派益心为公志愿者参与辅助长江生态环境保护检察公益诉讼办案典型.md|wiki/summaries/summary_20241022_最高人民检察院_典型案例_最高检发布民主党派益心为公志愿者参与辅助长江生态环境保护检察公益诉讼办案典型.md
NEW|sources/微信公号资料/最高人民检察院/最高检-典型案例-md/[2024-12-23]检察机关依法保护侨胞合法权益典型案例.md|wiki/summaries/summary_20241223_最高人民检察院_典型案例_检察机关依法保护侨胞合法权益典型案例.md
NEW|sources/微信公号资料/最高人民检察院/最高检-典型案例-md/[2024-12-25]最高检发布依法惩治新闻敲诈和假新闻犯罪典型案例.md|wiki/summaries/summary_20241225_最高人民检察院_典型案例_最高检发布依法惩治新闻敲诈和假新闻犯罪典型案例.md
NEW|sources/微信公号资料/最高人民检察院/最高检-典型案例-md/[2024-12-30]两高联合发布行政公益诉讼典型案例第二批.md|wiki/summaries/summary_20241230_最高人民检察院_典型案例_两高联合发布行政公益诉讼典型案例第二批.md
NEW|sources/微信公号资料/最高人民检察院/最高检-典型案例-md/[2025-01-18]最高检国铁集团发布铁路沿线安全环境治理检察公益诉讼典型案例.md|wiki/summaries/summary_20250118_最高人民检察院_典型案例_最高检国铁集团发布铁路沿线安全环境治理检察公益诉讼典型案例.md
NEW|sources/微信公号资料/最高人民检察院/最高检-典型案例-md/[2025-01-20]两高联合发布拒不执行判决裁定罪典型案例.md|wiki/summaries/summary_20250120_最高人民检察院_典型案例_两高联合发布拒不执行判决裁定罪典型案例.md
NEW|sources/微信公号资料/最高人民检察院/最高检-典型案例-md/[2025-02-14]高质效办好每一个案件检察改革典型事例2024年.md|wiki/summaries/summary_20250214_最高人民检察院_典型案例_高质效办好每一个案件检察改革典型事例2024年.md
NEW|sources/微信公号资料/最高人民检察院/最高检-典型案例-md/[2025-02-18]最高检发布在服务大局中贡献检察力量典型案例.md|wiki/summaries/summary_20250218_最高人民检察院_典型案例_最高检发布在服务大局中贡献检察力量典型案例.md
NEW|sources/微信公号资料/最高人民检察院/最高检-典型案例-md/[2025-02-20]最高检发布检察机关加强民生司法保障典型案例.md|wiki/summaries/summary_20250220_最高人民检察院_典型案例_最高检发布检察机关加强民生司法保障典型案例.md
NEW|sources/微信公号资料/最高人民检察院/最高检-典型案例-md/[2025-02-24]最高检发布公益保护的中国方案典型案例.md|wiki/summaries/summary_20250224_最高人民检察院_典型案例_最高检发布公益保护的中国方案典型案例.md
NEW|sources/微信公号资料/最高人民检察院/最高检-典型案例-md/[2025-02-26]最高检发布检察机关深入推进更高水平平安中国建设典型案例.md|wiki/summaries/summary_20250226_最高人民检察院_典型案例_最高检发布检察机关深入推进更高水平平安中国建设典型案例.md
NEW|sources/微信公号资料/最高人民检察院/最高检-典型案例-md/[2025-03-14]最高检发布检察机关依法惩治制售伪劣商品犯罪典型案例.md|wiki/summaries/summary_20250314_最高人民检察院_典型案例_最高检发布检察机关依法惩治制售伪劣商品犯罪典型案例.md
NEW|sources/微信公号资料/最高人民检察院/最高检-典型案例-md/[2025-03-27]最高检发布以三农为主题的公益诉讼典型案例.md|wiki/summaries/summary_20250327_最高人民检察院_典型案例_最高检发布以三农为主题的公益诉讼典型案例.md
NEW|sources/微信公号资料/最高人民检察院/最高检-典型案例-md/[2025-04-09]最高检发布2025年检察听证典型案例.md|wiki/summaries/summary_20250409_最高人民检察院_典型案例_最高检发布2025年检察听证典型案例.md
NEW|sources/微信公号资料/最高人民检察院/最高检-典型案例-md/[2025-04-18]最高检发布特种设备安全生产检察公益诉讼典型案例.md|wiki/summaries/summary_20250418_最高人民检察院_典型案例_最高检发布特种设备安全生产检察公益诉讼典型案例.md
NEW|sources/微信公号资料/最高人民检察院/最高检-典型案例-md/[2025-04-23]最高检发布9个知识产权保护典型案例.md|wiki/summaries/summary_20250423_最高人民检察院_典型案例_最高检发布9个知识产权保护典型案例.md
NEW|sources/微信公号资料/最高人民检察院/最高检-典型案例-md/[2025-04-24]两高发布知识产权刑事保护典型案例.md|wiki/summaries/summary_20250424_最高人民检察院_典型案例_两高发布知识产权刑事保护典型案例.md
NEW|sources/微信公号资料/最高人民检察院/最高检-典型案例-md/[2025-04-25]最高检水利部联合发布检察监督与水行政执法协同推进黄河大保护典型案例.md|wiki/summaries/summary_20250425_最高人民检察院_典型案例_最高检水利部联合发布检察监督与水行政执法协同推进黄河大保护典型案例.md
NEW|sources/微信公号资料/最高人民检察院/最高检-典型案例-md/[2025-05-08]最高检国家外汇管理局联合发布外汇领域行刑反向衔接典型案例.md|wiki/summaries/summary_20250508_最高人民检察院_典型案例_最高检国家外汇管理局联合发布外汇领域行刑反向衔接典型案例.md
NEW|sources/微信公号资料/最高人民检察院/最高检-典型案例-md/[2025-05-16]最高检发布第四批贯彻实施民法典典型案例.md|wiki/summaries/summary_20250516_最高人民检察院_典型案例_最高检发布第四批贯彻实施民法典典型案例.md
NEW|sources/微信公号资料/最高人民检察院/最高检-典型案例-md/[2025-05-30]最高检中社部联合发布在未成年人检察工作中加强社会工作服务典型案例.md|wiki/summaries/summary_20250530_最高人民检察院_典型案例_最高检中社部联合发布在未成年人检察工作中加强社会工作服务典型案例.md
NEW|sources/微信公号资料/最高人民检察院/最高检-典型案例-md/[2025-06-05]最高检发布生态环境和资源保护检察公益诉讼起诉典型案例.md|wiki/summaries/summary_20250605_最高人民检察院_典型案例_最高检发布生态环境和资源保护检察公益诉讼起诉典型案例.md
NEW|sources/微信公号资料/最高人民检察院/最高检-典型案例-md/[2025-06-14]最高检发布文物和文化遗产保护检察公益诉讼典型案例.md|wiki/summaries/summary_20250614_最高人民检察院_典型案例_最高检发布文物和文化遗产保护检察公益诉讼典型案例.md
NEW|sources/微信公号资料/最高人民检察院/最高检-典型案例-md/[2025-07-28]两高一部发布依法惩治帮助信息网络犯罪活动及相关犯罪典型案例.md|wiki/summaries/summary_20250728_最高人民检察院_典型案例_两高一部发布依法惩治帮助信息网络犯罪活动及相关犯罪典型案例.md
NEW|sources/微信公号资料/最高人民检察院/最高检-典型案例-md/[2025-07-28]四部门联合发布第四批在办理涉未成年人案件中全面开展家庭教育指导工作典型案例.md|wiki/summaries/summary_20250728_最高人民检察院_典型案例_四部门联合发布第四批在办理涉未成年人案件中全面开展家庭教育指导工作典型案例.md
NEW|sources/微信公号资料/最高人民检察院/最高检-典型案例-md/[2025-08-15]如何追究生态环境损害责任最高检生态环境部联合发布典型案例.md|wiki/summaries/summary_20250815_最高人民检察院_典型案例_如何追究生态环境损害责任最高检生态环境部联合发布典型案例.md
NEW|sources/微信公号资料/最高人民检察院/最高检-典型案例-md/[2025-09-01]最高检发布铭记抗战历史传承抗战精神检察公益诉讼典型案例.md|wiki/summaries/summary_20250901_最高人民检察院_典型案例_最高检发布铭记抗战历史传承抗战精神检察公益诉讼典型案例.md
NEW|sources/微信公号资料/最高人民检察院/最高检-典型案例-md/[2025-09-11]最高检发布8件伤害类案件技术性证据实质审查典型案例.md|wiki/summaries/summary_20250911_最高人民检察院_典型案例_最高检发布8件伤害类案件技术性证据实质审查典型案例.md
NEW|sources/微信公号资料/最高人民检察院/最高检-典型案例-md/[2025-09-17]最高检民政部中国残联联合发布无障碍和适老化检察公益诉讼典型案例.md|wiki/summaries/summary_20250917_最高人民检察院_典型案例_最高检民政部中国残联联合发布无障碍和适老化检察公益诉讼典型案例.md
NEW|sources/微信公号资料/最高人民检察院/最高检-典型案例-md/[2025-09-18]最高检发布检察技术支持刑事检察技术性证据审查典型案例.md|wiki/summaries/summary_20250918_最高人民检察院_典型案例_最高检发布检察技术支持刑事检察技术性证据审查典型案例.md
NEW|sources/微信公号资料/最高人民检察院/最高检-典型案例-md/[2025-09-25]最高检农业农村部联合印发司法救助助力推进乡村全面振兴典型案例.md|wiki/summaries/summary_20250925_最高人民检察院_典型案例_最高检农业农村部联合印发司法救助助力推进乡村全面振兴典型案例.md
NEW|sources/微信公号资料/最高人民检察院/最高检-典型案例-md/[2025-09-28]最高检发布6件醉驾以案释法案例.md|wiki/summaries/summary_20250928_最高人民检察院_典型案例_最高检发布6件醉驾以案释法案例.md
NEW|sources/微信公号资料/最高人民检察院/最高检-典型案例-md/[2025-11-05]涉保健品牛肉中药等最高检发布依法惩治危害食品药品安全犯罪典型案例.md|wiki/summaries/summary_20251105_最高人民检察院_典型案例_涉保健品牛肉中药等最高检发布依法惩治危害食品药品安全犯罪典型案例.md
NEW|sources/微信公号资料/最高人民检察院/最高检-典型案例-md/[2025-11-13]检察机关依法履职推动社会主义核心价值观融入法治建设典型案例.md|wiki/summaries/summary_20251113_最高人民检察院_典型案例_检察机关依法履职推动社会主义核心价值观融入法治建设典型案例.md
NEW|sources/微信公号资料/最高人民检察院/最高检-典型案例-md/[2025-11-27]最高检发布6件未成年人保护公益诉讼典型案例.md|wiki/summaries/summary_20251127_最高人民检察院_典型案例_最高检发布6件未成年人保护公益诉讼典型案例.md
NEW|sources/微信公号资料/最高人民检察院/最高检-典型案例-md/[2025-11-28]两高联合发布依法惩治金融领域职务犯罪典型案例.md|wiki/summaries/summary_20251128_最高人民检察院_典型案例_两高联合发布依法惩治金融领域职务犯罪典型案例.md
NEW|sources/微信公号资料/最高人民检察院/最高检-典型案例-md/[2025-12-03]法检合力法治化实质性化解行政争议典型案例.md|wiki/summaries/summary_20251203_最高人民检察院_典型案例_法检合力法治化实质性化解行政争议典型案例.md
NEW|sources/微信公号资料/最高人民检察院/最高检-典型案例-md/[2025-12-05]最高检发布益心为公志愿者辅助检察公益诉讼办案典型案例.md|wiki/summaries/summary_20251205_最高人民检察院_典型案例_最高检发布益心为公志愿者辅助检察公益诉讼办案典型案例.md
NEW|sources/微信公号资料/最高人民检察院/最高检-典型案例-md/[2025-12-09]两高联合发布依法惩治群众身边腐败犯罪典型案例.md|wiki/summaries/summary_20251209_最高人民检察院_典型案例_两高联合发布依法惩治群众身边腐败犯罪典型案例.md
NEW|sources/微信公号资料/最高人民检察院/最高检-指导性案例-md/01第一批指导性案例-中华人民共和国最高人民检察院.md|wiki/syntheses/SPP_GuideCase_01第一批指导性案例-中华人民共和国最高人民检察院.md
NEW|sources/微信公号资料/最高人民检察院/最高检-指导性案例-md/02第二批指导性案例-中华人民共和国最高人民检察院.md|wiki/syntheses/SPP_GuideCase_02第二批指导性案例-中华人民共和国最高人民检察院.md
NEW|sources/微信公号资料/最高人民检察院/最高检-指导性案例-md/03第三批指导性案例-中华人民共和国最高人民检察院.md|wiki/syntheses/SPP_GuideCase_03第三批指导性案例-中华人民共和国最高人民检察院.md
NEW|sources/微信公号资料/最高人民检察院/最高检-指导性案例-md/04第四批指导性案例-中华人民共和国最高人民检察院.md|wiki/syntheses/SPP_GuideCase_04第四批指导性案例-中华人民共和国最高人民检察院.md
NEW|sources/微信公号资料/最高人民检察院/最高检-指导性案例-md/05第五批指导性案例-中华人民共和国最高人民检察院.md|wiki/syntheses/SPP_GuideCase_05第五批指导性案例-中华人民共和国最高人民检察院.md
NEW|sources/微信公号资料/最高人民检察院/最高检-指导性案例-md/06第六批指导性案例-中华人民共和国最高人民检察院.md|wiki/syntheses/SPP_GuideCase_06第六批指导性案例-中华人民共和国最高人民检察院.md
NEW|sources/微信公号资料/最高人民检察院/最高检-指导性案例-md/07第七批指导性案例-中华人民共和国最高人民检察院.md|wiki/syntheses/SPP_GuideCase_07第七批指导性案例-中华人民共和国最高人民检察院.md
NEW|sources/微信公号资料/最高人民检察院/最高检-指导性案例-md/08第八批指导性案例-中华人民共和国最高人民检察院.md|wiki/syntheses/SPP_GuideCase_08第八批指导性案例-中华人民共和国最高人民检察院.md
NEW|sources/微信公号资料/最高人民检察院/最高检-指导性案例-md/09第九批指导性案例-中华人民共和国最高人民检察院.md|wiki/syntheses/SPP_GuideCase_09第九批指导性案例-中华人民共和国最高人民检察院.md
NEW|sources/微信公号资料/最高人民检察院/最高检-指导性案例-md/10第十批指导性案例-中华人民共和国最高人民检察院.md|wiki/syntheses/SPP_GuideCase_10第十批指导性案例-中华人民共和国最高人民检察院.md
NEW|sources/微信公号资料/最高人民检察院/最高检-指导性案例-md/11第十一批指导性案例-中华人民共和国最高人民检察院.md|wiki/syntheses/SPP_GuideCase_11第十一批指导性案例-中华人民共和国最高人民检察院.md
NEW|sources/微信公号资料/最高人民检察院/最高检-指导性案例-md/12第十二批指导性案例-中华人民共和国最高人民检察院.md|wiki/syntheses/SPP_GuideCase_12第十二批指导性案例-中华人民共和国最高人民检察院.md
NEW|sources/微信公号资料/最高人民检察院/最高检-指导性案例-md/13第十三批指导性案例-中华人民共和国最高人民检察院.md|wiki/syntheses/SPP_GuideCase_13第十三批指导性案例-中华人民共和国最高人民检察院.md
NEW|sources/微信公号资料/最高人民检察院/最高检-指导性案例-md/14第十四批指导性案例-中华人民共和国最高人民检察院.md|wiki/syntheses/SPP_GuideCase_14第十四批指导性案例-中华人民共和国最高人民检察院.md
NEW|sources/微信公号资料/最高人民检察院/最高检-指导性案例-md/15最高人民检察院发布第十五批指导性案例-中华人民共和国最高人民检察院.md|wiki/syntheses/SPP_GuideCase_15最高人民检察院发布第十五批指导性案例-中华人民共和国最高人民检察院.md
NEW|sources/微信公号资料/最高人民检察院/最高检-指导性案例-md/16第十六批指导性案例-中华人民共和国最高人民检察院.md|wiki/syntheses/SPP_GuideCase_16第十六批指导性案例-中华人民共和国最高人民检察院.md
NEW|sources/微信公号资料/最高人民检察院/最高检-指导性案例-md/17第十七批指导性案例-中华人民共和国最高人民检察院.md|wiki/syntheses/SPP_GuideCase_17第十七批指导性案例-中华人民共和国最高人民检察院.md
NEW|sources/微信公号资料/最高人民检察院/最高检-指导性案例-md/18第十八批指导性案例-中华人民共和国最高人民检察院.md|wiki/syntheses/SPP_GuideCase_18第十八批指导性案例-中华人民共和国最高人民检察院.md
NEW|sources/微信公号资料/最高人民检察院/最高检-指导性案例-md/19第十九批指导性案例-中华人民共和国最高人民检察院.md|wiki/syntheses/SPP_GuideCase_19第十九批指导性案例-中华人民共和国最高人民检察院.md
NEW|sources/微信公号资料/最高人民检察院/最高检-指导性案例-md/20第二十批指导性案例-中华人民共和国最高人民检察院.md|wiki/syntheses/SPP_GuideCase_20第二十批指导性案例-中华人民共和国最高人民检察院.md
NEW|sources/微信公号资料/最高人民检察院/最高检-指导性案例-md/21第二十一批指导性案例-中华人民共和国最高人民检察院.md|wiki/syntheses/SPP_GuideCase_21第二十一批指导性案例-中华人民共和国最高人民检察院.md
NEW|sources/微信公号资料/最高人民检察院/最高检-指导性案例-md/23第二十三批指导性案例-中华人民共和国最高人民检察院.md|wiki/syntheses/SPP_GuideCase_23第二十三批指导性案例-中华人民共和国最高人民检察院.md
NEW|sources/微信公号资料/最高人民检察院/最高检-指导性案例-md/24最高检发布4件涉非公经济立案监督指导性案例-中华人民共和国最高人民检察.md|wiki/syntheses/SPP_GuideCase_24最高检发布4件涉非公经济立案监督指导性案例-中华人民共和国最高人民检察.md
NEW|sources/微信公号资料/最高人民检察院/最高检-指导性案例-md/25第二十五批指导性案例-中华人民共和国最高人民检察院.md|wiki/syntheses/SPP_GuideCase_25第二十五批指导性案例-中华人民共和国最高人民检察院.md
NEW|sources/微信公号资料/最高人民检察院/最高检-指导性案例-md/26第二十六批指导性案例-中华人民共和国最高人民检察院.md|wiki/syntheses/SPP_GuideCase_26第二十六批指导性案例-中华人民共和国最高人民检察院.md
NEW|sources/微信公号资料/最高人民检察院/最高检-指导性案例-md/27第二十七批指导性案例-中华人民共和国最高人民检察院.md|wiki/syntheses/SPP_GuideCase_27第二十七批指导性案例-中华人民共和国最高人民检察院.md
NEW|sources/微信公号资料/最高人民检察院/最高检-指导性案例-md/28第二十八批指导性案例-中华人民共和国最高人民检察院.md|wiki/syntheses/SPP_GuideCase_28第二十八批指导性案例-中华人民共和国最高人民检察院.md
NEW|sources/微信公号资料/最高人民检察院/最高检-指导性案例-md/29第二十九批指导性案例-中华人民共和国最高人民检察院.md|wiki/syntheses/SPP_GuideCase_29第二十九批指导性案例-中华人民共和国最高人民检察院.md
NEW|sources/微信公号资料/最高人民检察院/最高检-指导性案例-md/30第三十批指导性案例-中华人民共和国最高人民检察院.md|wiki/syntheses/SPP_GuideCase_30第三十批指导性案例-中华人民共和国最高人民检察院.md
NEW|sources/微信公号资料/最高人民检察院/最高检-指导性案例-md/31第三十一批指导性案例-中华人民共和国最高人民检察院.md|wiki/syntheses/SPP_GuideCase_31第三十一批指导性案例-中华人民共和国最高人民检察院.md
NEW|sources/微信公号资料/最高人民检察院/最高检-指导性案例-md/32第三十二批指导性案例-中华人民共和国最高人民检察院.md|wiki/syntheses/SPP_GuideCase_32第三十二批指导性案例-中华人民共和国最高人民检察院.md
NEW|sources/微信公号资料/最高人民检察院/最高检-指导性案例-md/33第三十三批指导性案例-中华人民共和国最高人民检察院.md|wiki/syntheses/SPP_GuideCase_33第三十三批指导性案例-中华人民共和国最高人民检察院.md
NEW|sources/微信公号资料/最高人民检察院/最高检-指导性案例-md/34第三十四批指导性案例-中华人民共和国最高人民检察院.md|wiki/syntheses/SPP_GuideCase_34第三十四批指导性案例-中华人民共和国最高人民检察院.md
NEW|sources/微信公号资料/最高人民检察院/最高检-指导性案例-md/35第三十五批指导性案例-中华人民共和国最高人民检察院.md|wiki/syntheses/SPP_GuideCase_35第三十五批指导性案例-中华人民共和国最高人民检察院.md
NEW|sources/微信公号资料/最高人民检察院/最高检-指导性案例-md/36第三十六批指导性案例-中华人民共和国最高人民检察院.md|wiki/syntheses/SPP_GuideCase_36第三十六批指导性案例-中华人民共和国最高人民检察院.md
NEW|sources/微信公号资料/最高人民检察院/最高检-指导性案例-md/37[2022-06-24]最高人民检察院发布第三十七批指导性案例.md|wiki/syntheses/SPP_GuideCase_37[2022-06-24]最高人民检察院发布第三十七批指导性案例.md
NEW|sources/微信公号资料/最高人民检察院/最高检-指导性案例-md/38[2022-07-15]最高人民检察院发布第三十八批指导性案例.md|wiki/syntheses/SPP_GuideCase_38[2022-07-15]最高人民检察院发布第三十八批指导性案例.md
NEW|sources/微信公号资料/最高人民检察院/最高检-指导性案例-md/39[2022-08-29]最高检发布第三十九批指导性案例.md|wiki/syntheses/SPP_GuideCase_39[2022-08-29]最高检发布第三十九批指导性案例.md
NEW|sources/微信公号资料/最高人民检察院/最高检-指导性案例-md/40[2022-09-26]最高检发布第四十批指导性案例.md|wiki/syntheses/SPP_GuideCase_40[2022-09-26]最高检发布第四十批指导性案例.md
NEW|sources/微信公号资料/最高人民检察院/最高检-指导性案例-md/41[2022-09-22]最高检发布第四十一批指导性案例万峰湖专案.md|wiki/syntheses/SPP_GuideCase_41[2022-09-22]最高检发布第四十一批指导性案例万峰湖专案.md
NEW|sources/微信公号资料/最高人民检察院/最高检-指导性案例-md/42[2023-04-04]最高人民检察院第四十二批指导性案例.md|wiki/syntheses/SPP_GuideCase_42[2023-04-04]最高人民检察院第四十二批指导性案例.md
NEW|sources/微信公号资料/最高人民检察院/最高检-指导性案例-md/43[2023-03-01]最高人民检察院第四十三批指导性案例.md|wiki/syntheses/SPP_GuideCase_43[2023-03-01]最高人民检察院第四十三批指导性案例.md
NEW|sources/微信公号资料/最高人民检察院/最高检-指导性案例-md/44[2023-06-13]最高人民检察院发布第四十四批指导性案例.md|wiki/syntheses/SPP_GuideCase_44[2023-06-13]最高人民检察院发布第四十四批指导性案例.md
NEW|sources/微信公号资料/最高人民检察院/最高检-指导性案例-md/45[2023-07-06]最高检发布第四十五批指导性案例.md|wiki/syntheses/SPP_GuideCase_45[2023-07-06]最高检发布第四十五批指导性案例.md
NEW|sources/微信公号资料/最高人民检察院/最高检-指导性案例-md/46[2023-08-03]最高检发布第四十六批指导性案例.md|wiki/syntheses/SPP_GuideCase_46[2023-08-03]最高检发布第四十六批指导性案例.md
NEW|sources/微信公号资料/最高人民检察院/最高检-指导性案例-md/47[2023-08-22]最高检发布第四十七批指导性案例剑指金融领域新型职务犯罪.md|wiki/syntheses/SPP_GuideCase_47[2023-08-22]最高检发布第四十七批指导性案例剑指金融领域新型职务犯罪.md
NEW|sources/微信公号资料/最高人民检察院/最高检-指导性案例-md/48[2023-09-15]最高检发布第四十八批指导性案例.md|wiki/syntheses/SPP_GuideCase_48[2023-09-15]最高检发布第四十八批指导性案例.md
NEW|sources/微信公号资料/最高人民检察院/最高检-指导性案例-md/49[2023-11-06]最高检发布第四十九批指导性案例.md|wiki/syntheses/SPP_GuideCase_49[2023-11-06]最高检发布第四十九批指导性案例.md
NEW|sources/微信公号资料/最高人民检察院/最高检-指导性案例-md/50[2024-03-01]最高人民检察院发布第五十批指导性案例.md|wiki/syntheses/SPP_GuideCase_50[2024-03-01]最高人民检察院发布第五十批指导性案例.md
NEW|sources/微信公号资料/最高人民检察院/最高检-指导性案例-md/51[2024-05-28]最高检发布第五十一批指导性案例.md|wiki/syntheses/SPP_GuideCase_51[2024-05-28]最高检发布第五十一批指导性案例.md
NEW|sources/微信公号资料/最高人民检察院/最高检-指导性案例-md/52[2024-05-14]最高检发布第五十二批指导性案例.md|wiki/syntheses/SPP_GuideCase_52[2024-05-14]最高检发布第五十二批指导性案例.md
NEW|sources/微信公号资料/最高人民检察院/最高检-指导性案例-md/53[2024-06-13]最高检发布第五十三批指导性案例.md|wiki/syntheses/SPP_GuideCase_53[2024-06-13]最高检发布第五十三批指导性案例.md
NEW|sources/微信公号资料/最高人民检察院/最高检-指导性案例-md/54[2024-11-13]最高人民检察院督促整治南四湖流域生态环境受损公益诉讼案.md|wiki/syntheses/SPP_GuideCase_54[2024-11-13]最高人民检察院督促整治南四湖流域生态环境受损公益诉讼案.md
NEW|sources/微信公号资料/最高人民检察院/最高检-指导性案例-md/55[2025-02-21]最高检发布第五十五批指导性案例.md|wiki/syntheses/SPP_GuideCase_55[2025-02-21]最高检发布第五十五批指导性案例.md
NEW|sources/微信公号资料/最高人民检察院/最高检-指导性案例-md/56[2025-03-13]最高检发布第五十六批指导性案例.md|wiki/syntheses/SPP_GuideCase_56[2025-03-13]最高检发布第五十六批指导性案例.md
NEW|sources/微信公号资料/最高人民检察院/最高检-指导性案例-md/57[2025-03-01]最高检发布第五十七批指导性案例.md|wiki/syntheses/SPP_GuideCase_57[2025-03-01]最高检发布第五十七批指导性案例.md
NEW|sources/微信公号资料/最高人民检察院/最高检-指导性案例-md/58[2025-05-06]最高检发布第五十八批指导性案例.md|wiki/syntheses/SPP_GuideCase_58[2025-05-06]最高检发布第五十八批指导性案例.md
NEW|sources/微信公号资料/最高人民检察院/最高检-检察蓝暖故事-md/[2025-01-16]刚入职就被领导诈骗拯救职场小白.md|wiki/summaries/summary_20250116_最高人民检察院_检察蓝暖故事_刚入职就被领导诈骗拯救职场小白.md
NEW|sources/微信公号资料/最高人民检察院/最高检-检察蓝暖故事-md/[2025-01-16]揪出留下百万巨债的失联丈夫.md|wiki/summaries/summary_20250116_最高人民检察院_检察蓝暖故事_揪出留下百万巨债的失联丈夫.md
NEW|sources/微信公号资料/最高人民检察院/最高检-检察蓝暖故事-md/[2025-01-16]超龄应否成为认定工伤的坎儿.md|wiki/summaries/summary_20250116_最高人民检察院_检察蓝暖故事_超龄应否成为认定工伤的坎儿.md
NEW|sources/微信公号资料/最高人民检察院/最高检-检察蓝暖故事-md/[2025-02-12]参与诈骗的她受胁迫了吗.md|wiki/summaries/summary_20250212_最高人民检察院_检察蓝暖故事_参与诈骗的她受胁迫了吗.md
NEW|sources/微信公号资料/最高人民检察院/最高检-检察蓝暖故事-md/[2025-02-12]来之不易的出生医学证明.md|wiki/summaries/summary_20250212_最高人民检察院_检察蓝暖故事_来之不易的出生医学证明.md
NEW|sources/微信公号资料/最高人民检察院/最高检-检察蓝暖故事-md/[2025-02-12]这个冬天孩子们不冷.md|wiki/summaries/summary_20250212_最高人民检察院_检察蓝暖故事_这个冬天孩子们不冷.md
NEW|sources/微信公号资料/最高人民检察院/最高检-检察蓝暖故事-md/[2025-03-26]丹阳当事人错位20年的人生因她办案而改写.md|wiki/summaries/summary_20250326_最高人民检察院_检察蓝暖故事_丹阳当事人错位20年的人生因她办案而改写.md
NEW|sources/微信公号资料/最高人民检察院/最高检-检察蓝暖故事-md/[2025-03-26]樊亚宁她终于摆脱了嫌疑人身份.md|wiki/summaries/summary_20250326_最高人民检察院_检察蓝暖故事_樊亚宁她终于摆脱了嫌疑人身份.md
NEW|sources/微信公号资料/最高人民检察院/最高检-检察蓝暖故事-md/[2025-03-26]王红梅以支持起诉破解继承迷局.md|wiki/summaries/summary_20250326_最高人民检察院_检察蓝暖故事_王红梅以支持起诉破解继承迷局.md
NEW|sources/微信公号资料/最高人民检察院/最高检-检察蓝暖故事-md/[2025-04-23]口头承诺不算数了商户权益如何维护.md|wiki/summaries/summary_20250423_最高人民检察院_检察蓝暖故事_口头承诺不算数了商户权益如何维护.md
NEW|sources/微信公号资料/最高人民检察院/最高检-检察蓝暖故事-md/[2025-04-23]白纸黑字红手印堂兄背地里坑了他.md|wiki/summaries/summary_20250423_最高人民检察院_检察蓝暖故事_白纸黑字红手印堂兄背地里坑了他.md
NEW|sources/微信公号资料/最高人民检察院/最高检-检察蓝暖故事-md/[2025-05-28]9岁女童身陷家暴检察院支持申请人身安全保护令.md|wiki/summaries/summary_20250528_最高人民检察院_检察蓝暖故事_9岁女童身陷家暴检察院支持申请人身安全保护令.md
NEW|sources/微信公号资料/最高人民检察院/最高检-检察蓝暖故事-md/[2025-05-28]化学少年成了制毒链条上的一环.md|wiki/summaries/summary_20250528_最高人民检察院_检察蓝暖故事_化学少年成了制毒链条上的一环.md
NEW|sources/微信公号资料/最高人民检察院/最高检-检察蓝暖故事-md/[2025-05-28]男孩父母双亡被亲属送往福利院应得遗产如何追回.md|wiki/summaries/summary_20250528_最高人民检察院_检察蓝暖故事_男孩父母双亡被亲属送往福利院应得遗产如何追回.md
NEW|sources/微信公号资料/最高人民检察院/最高检-检察蓝暖故事-md/[2025-06-27]喝酒游戏引发流血冲突第二十条为外卖少年撑腰.md|wiki/summaries/summary_20250627_最高人民检察院_检察蓝暖故事_喝酒游戏引发流血冲突第二十条为外卖少年撑腰.md
NEW|sources/微信公号资料/最高人民检察院/最高检-检察蓝暖故事-md/[2025-06-27]爸爸有钱喝酒为什么不给我生活费.md|wiki/summaries/summary_20250627_最高人民检察院_检察蓝暖故事_爸爸有钱喝酒为什么不给我生活费.md
NEW|sources/微信公号资料/最高人民检察院/最高检-检察蓝暖故事-md/[2025-06-27]陈年旧账算清老人的心病好了.md|wiki/summaries/summary_20250627_最高人民检察院_检察蓝暖故事_陈年旧账算清老人的心病好了.md
NEW|sources/微信公号资料/最高人民检察院/最高检-检察蓝暖故事-md/[2025-08-06]两个年轻人重新握住希望.md|wiki/summaries/summary_20250806_最高人民检察院_检察蓝暖故事_两个年轻人重新握住希望.md
NEW|sources/微信公号资料/最高人民检察院/最高检-检察蓝暖故事-md/[2025-08-06]女孩找到了最亲的人.md|wiki/summaries/summary_20250806_最高人民检察院_检察蓝暖故事_女孩找到了最亲的人.md
NEW|sources/微信公号资料/最高人民检察院/最高检-检察蓝暖故事-md/[2025-08-06]父亲捎来的旧衣物让他破防.md|wiki/summaries/summary_20250806_最高人民检察院_检察蓝暖故事_父亲捎来的旧衣物让他破防.md
NEW|sources/微信公号资料/最高人民检察院/最高检-检察蓝暖故事-md/[2025-09-10]半生积蓄打了水漂退伍老兵的心结如何解.md|wiki/summaries/summary_20250910_最高人民检察院_检察蓝暖故事_半生积蓄打了水漂退伍老兵的心结如何解.md
NEW|sources/微信公号资料/最高人民检察院/最高检-检察蓝暖故事-md/[2025-09-10]爸爸学会爱女儿放下怨.md|wiki/summaries/summary_20250910_最高人民检察院_检察蓝暖故事_爸爸学会爱女儿放下怨.md
NEW|sources/微信公号资料/最高人民检察院/最高检-检察蓝暖故事-md/[2025-11-13]两份延长复查期限的建议.md|wiki/summaries/summary_20251113_最高人民检察院_检察蓝暖故事_两份延长复查期限的建议.md
NEW|sources/微信公号资料/最高人民检察院/最高检-检察蓝暖故事-md/[2025-11-13]配送小哥的薪希望.md|wiki/summaries/summary_20251113_最高人民检察院_检察蓝暖故事_配送小哥的薪希望.md
NEW|sources/微信公号资料/最高人民检察院/最高检-检察蓝暖故事-md/[2025-12-04]七旬老人走出三重困境.md|wiki/summaries/summary_20251204_最高人民检察院_检察蓝暖故事_七旬老人走出三重困境.md
NEW|sources/微信公号资料/最高人民检察院/最高检-检察蓝暖故事-md/[2025-12-04]了却张阿婆的晚年愁.md|wiki/summaries/summary_20251204_最高人民检察院_检察蓝暖故事_了却张阿婆的晚年愁.md
NEW|sources/微信公号资料/最高人民检察院/最高检-检察蓝暖故事-md/[2025-12-04]跨越五年的生命之约.md|wiki/summaries/summary_20251204_最高人民检察院_检察蓝暖故事_跨越五年的生命之约.md
NEW|sources/微信公号资料/最高人民检察院/最高检-检答网集萃-md/[2019-04-12]检答网集萃1抢夺方向盘是否一律入罪等三问三答.md|wiki/summaries/summary_20190412_最高人民检察院_检答网集萃_检答网集萃1抢夺方向盘是否一律入罪等三问三答.md
NEW|sources/微信公号资料/最高人民检察院/最高检-检答网集萃-md/[2019-04-19]检答网集萃2羁押时间超过判处刑罚时间相关问题等两问两答.md|wiki/summaries/summary_20190419_最高人民检察院_检答网集萃_检答网集萃2羁押时间超过判处刑罚时间相关问题等两问两答.md
NEW|sources/微信公号资料/最高人民检察院/最高检-检答网集萃-md/[2019-04-27]检答网集萃3如何理解强制猥亵罪中的强制等两问两答.md|wiki/summaries/summary_20190427_最高人民检察院_检答网集萃_检答网集萃3如何理解强制猥亵罪中的强制等两问两答.md
NEW|sources/微信公号资料/最高人民检察院/最高检-检答网集萃-md/[2019-05-06]检答网集萃4乘客抢夺行驶中公交车方向盘怎么定罪量刑等两问两答.md|wiki/summaries/summary_20190506_最高人民检察院_检答网集萃_检答网集萃4乘客抢夺行驶中公交车方向盘怎么定罪量刑等两问两答.md
NEW|sources/微信公号资料/最高人民检察院/最高检-检答网集萃-md/[2019-05-14]检答网集萃5沥青能否对照危险废物名录直接认定为危险废物等两问两答.md|wiki/summaries/summary_20190514_最高人民检察院_检答网集萃_检答网集萃5沥青能否对照危险废物名录直接认定为危险废物等两问两答.md
NEW|sources/微信公号资料/最高人民检察院/最高检-检答网集萃-md/[2019-05-21]检答网集萃6关于诉讼规则的日期问题等两问两答.md|wiki/summaries/summary_20190521_最高人民检察院_检答网集萃_检答网集萃6关于诉讼规则的日期问题等两问两答.md
NEW|sources/微信公号资料/最高人民检察院/最高检-检答网集萃-md/[2019-05-28]检答网集萃7关于徇私与枉法的关系等两问两答.md|wiki/summaries/summary_20190528_最高人民检察院_检答网集萃_检答网集萃7关于徇私与枉法的关系等两问两答.md
NEW|sources/微信公号资料/最高人民检察院/最高检-检答网集萃-md/[2019-06-04]检答网集萃8入户抢劫中的户怎么认定等两问两答.md|wiki/summaries/summary_20190604_最高人民检察院_检答网集萃_检答网集萃8入户抢劫中的户怎么认定等两问两答.md
NEW|sources/微信公号资料/最高人民检察院/最高检-检答网集萃-md/[2019-06-19]检答网集萃9随机分案轮案规则与不在位补偿关系等两问两答.md|wiki/summaries/summary_20190619_最高人民检察院_检答网集萃_检答网集萃9随机分案轮案规则与不在位补偿关系等两问两答.md
NEW|sources/微信公号资料/最高人民检察院/最高检-检答网集萃-md/[2019-07-03]检答网集萃10法律援助律师阅卷是否需提交犯罪嫌疑人同意接受援助的意见.md|wiki/summaries/summary_20190703_最高人民检察院_检答网集萃_检答网集萃10法律援助律师阅卷是否需提交犯罪嫌疑人同意接受援助的意见.md
NEW|sources/微信公号资料/最高人民检察院/最高检-检答网集萃-md/[2019-07-27]检答网集萃11罪犯是否可以主动选择减刑或假释.md|wiki/summaries/summary_20190727_最高人民检察院_检答网集萃_检答网集萃11罪犯是否可以主动选择减刑或假释.md
NEW|sources/微信公号资料/最高人民检察院/最高检-检答网集萃-md/[2019-08-07]检答网集萃12拆迁公司负责人能否成为贪污罪挪用公款罪的主体等两问两答.md|wiki/summaries/summary_20190807_最高人民检察院_检答网集萃_检答网集萃12拆迁公司负责人能否成为贪污罪挪用公款罪的主体等两问两答.md
NEW|sources/微信公号资料/最高人民检察院/最高检-检答网集萃-md/[2019-08-31]检答网集萃13套取公款的去向是否影响贪污数额的认定等两问两答.md|wiki/summaries/summary_20190831_最高人民检察院_检答网集萃_检答网集萃13套取公款的去向是否影响贪污数额的认定等两问两答.md
NEW|sources/微信公号资料/最高人民检察院/最高检-检答网集萃-md/[2019-09-19]检答网集萃14关于羁押必要性审查的问题等两问两答.md|wiki/summaries/summary_20190919_最高人民检察院_检答网集萃_检答网集萃14关于羁押必要性审查的问题等两问两答.md
NEW|sources/微信公号资料/最高人民检察院/最高检-检答网集萃-md/[2019-10-09]检答网集萃15对取保候审的审查起诉案件流程监控怎样把握.md|wiki/summaries/summary_20191009_最高人民检察院_检答网集萃_检答网集萃15对取保候审的审查起诉案件流程监控怎样把握.md
NEW|sources/微信公号资料/最高人民检察院/最高检-检答网集萃-md/[2019-11-13]检答网集萃16被强制医疗人在治疗期间发生的由律师代理的民事法律行为该如何定性.md|wiki/summaries/summary_20191113_最高人民检察院_检答网集萃_检答网集萃16被强制医疗人在治疗期间发生的由律师代理的民事法律行为该如何定性.md
NEW|sources/微信公号资料/最高人民检察院/最高检-检答网集萃-md/[2019-11-24]检答网集萃17毒品互易后自行吸食行为性质的认定等两问两答.md|wiki/summaries/summary_20191124_最高人民检察院_检答网集萃_检答网集萃17毒品互易后自行吸食行为性质的认定等两问两答.md
NEW|sources/微信公号资料/最高人民检察院/最高检-检答网集萃-md/[2019-12-09]检答网集萃18如何审查申请人在申请民事生效裁判监督时提交的单方委托鉴定意见.md|wiki/summaries/summary_20191209_最高人民检察院_检答网集萃_检答网集萃18如何审查申请人在申请民事生效裁判监督时提交的单方委托鉴定意见.md
NEW|sources/微信公号资料/最高人民检察院/最高检-检答网集萃-md/[2020-01-07]检答网集萃19被害人拒绝做伤情鉴定怎么办.md|wiki/summaries/summary_20200107_最高人民检察院_检答网集萃_检答网集萃19被害人拒绝做伤情鉴定怎么办.md
NEW|sources/微信公号资料/最高人民检察院/最高检-检答网集萃-md/[2020-03-08]检答网集萃20特别程序的生效裁定的监督方法.md|wiki/summaries/summary_20200308_最高人民检察院_检答网集萃_检答网集萃20特别程序的生效裁定的监督方法.md
NEW|sources/微信公号资料/最高人民检察院/最高检-检答网集萃-md/[2020-03-18]检答网集萃21在未中止诉讼或决定延期情况下案件超期审理检察机关能否监督等两问.md|wiki/summaries/summary_20200318_最高人民检察院_检答网集萃_检答网集萃21在未中止诉讼或决定延期情况下案件超期审理检察机关能否监督等两问.md
NEW|sources/微信公号资料/最高人民检察院/最高检-检答网集萃-md/[2020-03-30]检答网集萃22持凶器随意殴打他人中的凶器如何界定.md|wiki/summaries/summary_20200330_最高人民检察院_检答网集萃_检答网集萃22持凶器随意殴打他人中的凶器如何界定.md
NEW|sources/微信公号资料/最高人民检察院/最高检-检答网集萃-md/[2020-04-20]检答网集萃23缓刑期间异地再犯罪谁来管辖.md|wiki/summaries/summary_20200420_最高人民检察院_检答网集萃_检答网集萃23缓刑期间异地再犯罪谁来管辖.md
NEW|sources/微信公号资料/最高人民检察院/最高检-检答网集萃-md/[2020-06-09]检答网集萃24国境外抓获犯罪嫌疑人有关程序性问题等两问两答.md|wiki/summaries/summary_20200609_最高人民检察院_检答网集萃_检答网集萃24国境外抓获犯罪嫌疑人有关程序性问题等两问两答.md
NEW|sources/微信公号资料/最高人民检察院/最高检-检答网集萃-md/[2020-06-21]检答网集萃25判决宣告后又犯同种新罪的并罚.md|wiki/summaries/summary_20200621_最高人民检察院_检答网集萃_检答网集萃25判决宣告后又犯同种新罪的并罚.md
NEW|sources/微信公号资料/最高人民检察院/最高检-检答网集萃-md/[2020-07-05]检答网集萃26被揭发人已死亡能否构成立功.md|wiki/summaries/summary_20200705_最高人民检察院_检答网集萃_检答网集萃26被揭发人已死亡能否构成立功.md
NEW|sources/微信公号资料/最高人民检察院/最高检-检答网集萃-md/[2020-07-14]检答网集萃27强迫交易罪中威胁如何理解.md|wiki/summaries/summary_20200714_最高人民检察院_检答网集萃_检答网集萃27强迫交易罪中威胁如何理解.md
NEW|sources/微信公号资料/最高人民检察院/最高检-检答网集萃-md/[2020-07-26]检答网集萃28冷藏贮存服务提供者没有履行监管义务是否可以提起行政公益诉讼.md|wiki/summaries/summary_20200726_最高人民检察院_检答网集萃_检答网集萃28冷藏贮存服务提供者没有履行监管义务是否可以提起行政公益诉讼.md
NEW|sources/微信公号资料/最高人民检察院/最高检-检答网集萃-md/[2020-08-08]检答网集萃29敲诈勒索罪中老年被害人年龄如何界定.md|wiki/summaries/summary_20200808_最高人民检察院_检答网集萃_检答网集萃29敲诈勒索罪中老年被害人年龄如何界定.md
NEW|sources/微信公号资料/最高人民检察院/最高检-检答网集萃-md/[2020-09-07]检答网集萃30检察长作为独任检察官或主办检察官办案的几个问题.md|wiki/summaries/summary_20200907_最高人民检察院_检答网集萃_检答网集萃30检察长作为独任检察官或主办检察官办案的几个问题.md
NEW|sources/微信公号资料/最高人民检察院/最高检-检答网集萃-md/[2020-09-21]检答网集萃31容留介绍卖淫罪的入罪标准.md|wiki/summaries/summary_20200921_最高人民检察院_检答网集萃_检答网集萃31容留介绍卖淫罪的入罪标准.md
NEW|sources/微信公号资料/最高人民检察院/最高检-检答网集萃-md/[2020-10-19]检答网集萃32销售伪劣产品的犯罪数额问题.md|wiki/summaries/summary_20201019_最高人民检察院_检答网集萃_检答网集萃32销售伪劣产品的犯罪数额问题.md
NEW|sources/微信公号资料/最高人民检察院/最高检-检答网集萃-md/[2020-11-02]检答网集萃33公安侦查阶段执行取保或监视居住已获人大许可检察环节是否还需重报.md|wiki/summaries/summary_20201102_最高人民检察院_检答网集萃_检答网集萃33公安侦查阶段执行取保或监视居住已获人大许可检察环节是否还需重报.md
NEW|sources/微信公号资料/最高人民检察院/最高检-检答网集萃-md/[2020-11-24]检答网集萃34留置人员立案后如何采取强制措施.md|wiki/summaries/summary_20201124_最高人民检察院_检答网集萃_检答网集萃34留置人员立案后如何采取强制措施.md
NEW|sources/微信公号资料/最高人民检察院/最高检-检答网集萃-md/[2021-01-11]检答网集萃35对于作出不起诉决定的案件作为证据使用的作案工具如何处理.md|wiki/summaries/summary_20210111_最高人民检察院_检答网集萃_检答网集萃35对于作出不起诉决定的案件作为证据使用的作案工具如何处理.md
NEW|sources/微信公号资料/最高人民检察院/最高检-检答网集萃-md/[2021-03-14]检答网集萃36适用认罪认罚从宽制度的案件拟作相对不起诉是否需要签署认罪认罚具.md|wiki/summaries/summary_20210314_最高人民检察院_检答网集萃_检答网集萃36适用认罪认罚从宽制度的案件拟作相对不起诉是否需要签署认罪认罚具.md
NEW|sources/微信公号资料/最高人民检察院/最高检-检答网集萃-md/[2021-03-25]检答网集萃37遗落之诉如何启动监督程序.md|wiki/summaries/summary_20210325_最高人民检察院_检答网集萃_检答网集萃37遗落之诉如何启动监督程序.md
NEW|sources/微信公号资料/最高人民检察院/最高检-检答网集萃-md/[2021-04-13]检答网集萃38对于食药品领域具有损害社会公共利益重大风险的行为能否提起民事公.md|wiki/summaries/summary_20210413_最高人民检察院_检答网集萃_检答网集萃38对于食药品领域具有损害社会公共利益重大风险的行为能否提起民事公.md
NEW|sources/微信公号资料/最高人民检察院/最高检-检答网集萃-md/[2021-04-18]检答网集萃39关于追诉时效的两个问题.md|wiki/summaries/summary_20210418_最高人民检察院_检答网集萃_检答网集萃39关于追诉时效的两个问题.md
NEW|sources/微信公号资料/最高人民检察院/最高检-检答网集萃-md/[2021-04-28]检答网集萃40上级院转来已作出处理决定的申诉如何处理等两问两答.md|wiki/summaries/summary_20210428_最高人民检察院_检答网集萃_检答网集萃40上级院转来已作出处理决定的申诉如何处理等两问两答.md
NEW|sources/微信公号资料/最高人民检察院/最高检-检答网集萃-md/[2021-05-09]检答网集萃41如果法院对当事人起诉行政机关既不受理也不答复检察机关是否可以监.md|wiki/summaries/summary_20210509_最高人民检察院_检答网集萃_检答网集萃41如果法院对当事人起诉行政机关既不受理也不答复检察机关是否可以监.md
NEW|sources/微信公号资料/最高人民检察院/最高检-检答网集萃-md/[2021-05-16]检答网集萃42非公益林被盗伐滥伐可否提起刑事附带民事公益诉讼.md|wiki/summaries/summary_20210516_最高人民检察院_检答网集萃_检答网集萃42非公益林被盗伐滥伐可否提起刑事附带民事公益诉讼.md
NEW|sources/微信公号资料/最高人民检察院/最高检-检答网集萃-md/[2021-05-24]检答网集萃43案件已经移送至法院律师能否申请在检察机关阅卷.md|wiki/summaries/summary_20210524_最高人民检察院_检答网集萃_检答网集萃43案件已经移送至法院律师能否申请在检察机关阅卷.md
NEW|sources/微信公号资料/最高人民检察院/最高检-检答网集萃-md/[2021-05-31]检答网集萃44买卖身份证件罪中的买卖是否包含居间介绍行为.md|wiki/summaries/summary_20210531_最高人民检察院_检答网集萃_检答网集萃44买卖身份证件罪中的买卖是否包含居间介绍行为.md
NEW|sources/微信公号资料/最高人民检察院/最高检-检答网集萃-md/[2021-06-09]检答网集萃45未成年人犯罪被害人不同意适用附条件不起诉的能否作出附条件不起诉.md|wiki/summaries/summary_20210609_最高人民检察院_检答网集萃_检答网集萃45未成年人犯罪被害人不同意适用附条件不起诉的能否作出附条件不起诉.md
NEW|sources/微信公号资料/最高人民检察院/最高检-检答网集萃-md/[2021-06-16]检答网集萃46在办理案件中如何把握造成恶劣社会影响的情形.md|wiki/summaries/summary_20210616_最高人民检察院_检答网集萃_检答网集萃46在办理案件中如何把握造成恶劣社会影响的情形.md
NEW|sources/微信公号资料/最高人民检察院/最高检-检答网集萃-md/[2021-06-21]检答网集萃47裁定不予执行的行政处罚决定书是否还具有法律效力.md|wiki/summaries/summary_20210621_最高人民检察院_检答网集萃_检答网集萃47裁定不予执行的行政处罚决定书是否还具有法律效力.md
NEW|sources/微信公号资料/最高人民检察院/最高检-检答网集萃-md/[2021-06-29]检答网集萃48行政非诉执行案件的执行期限如何计算.md|wiki/summaries/summary_20210629_最高人民检察院_检答网集萃_检答网集萃48行政非诉执行案件的执行期限如何计算.md
NEW|sources/微信公号资料/最高人民检察院/最高检-检答网集萃-md/[2021-07-05]检答网集萃49审计报告是否等同于司法会计鉴定.md|wiki/summaries/summary_20210705_最高人民检察院_检答网集萃_检答网集萃49审计报告是否等同于司法会计鉴定.md
NEW|sources/微信公号资料/最高人民检察院/最高检-检答网集萃-md/[2021-07-17]检答网集萃50对于犯罪情节轻微的危险驾驶案件已经作出相对不起诉公安机关是否能.md|wiki/summaries/summary_20210717_最高人民检察院_检答网集萃_检答网集萃50对于犯罪情节轻微的危险驾驶案件已经作出相对不起诉公安机关是否能.md
NEW|sources/微信公号资料/最高人民检察院/最高检-检答网集萃-md/[2021-07-21]检答网集萃51检察机关作出存疑不诉前公安机关对赔偿请求人行政拘留的行政拘留期.md|wiki/summaries/summary_20210721_最高人民检察院_检答网集萃_检答网集萃51检察机关作出存疑不诉前公安机关对赔偿请求人行政拘留的行政拘留期.md
NEW|sources/微信公号资料/最高人民检察院/最高检-检答网集萃-md/[2021-07-26]检答网集萃52盆腔积血是否可以适用人体损伤程度鉴定标准第574h条款.md|wiki/summaries/summary_20210726_最高人民检察院_检答网集萃_检答网集萃52盆腔积血是否可以适用人体损伤程度鉴定标准第574h条款.md
NEW|sources/微信公号资料/最高人民检察院/最高检-检答网集萃-md/[2021-08-02]检答网集萃53依据特别法食品安全法作出最低罚款数额的行政处罚决定是否适用一般.md|wiki/summaries/summary_20210802_最高人民检察院_检答网集萃_检答网集萃53依据特别法食品安全法作出最低罚款数额的行政处罚决定是否适用一般.md
NEW|sources/微信公号资料/最高人民检察院/最高检-检答网集萃-md/[2021-08-09]检答网集萃54交通事故受伤后何时可以做伤残鉴定.md|wiki/summaries/summary_20210809_最高人民检察院_检答网集萃_检答网集萃54交通事故受伤后何时可以做伤残鉴定.md
NEW|sources/微信公号资料/最高人民检察院/最高检-检答网集萃-md/[2021-08-16]检答网集萃55审查批捕时是甲罪经审查以乙罪起诉至法院后法院判处无罪是否应当赔.md|wiki/summaries/summary_20210816_最高人民检察院_检答网集萃_检答网集萃55审查批捕时是甲罪经审查以乙罪起诉至法院后法院判处无罪是否应当赔.md
NEW|sources/微信公号资料/最高人民检察院/最高检-检答网集萃-md/[2021-08-23]检答网集萃56对治安案件执法行为及处罚决定不服能否向检察院申请监督.md|wiki/summaries/summary_20210823_最高人民检察院_检答网集萃_检答网集萃56对治安案件执法行为及处罚决定不服能否向检察院申请监督.md
NEW|sources/微信公号资料/最高人民检察院/最高检-检答网集萃-md/[2021-09-07]检答网集萃57列席检委会其他有关人员是否包括系统外人员.md|wiki/summaries/summary_20210907_最高人民检察院_检答网集萃_检答网集萃57列席检委会其他有关人员是否包括系统外人员.md
NEW|sources/微信公号资料/最高人民检察院/最高检-检答网集萃-md/[2021-09-14]检答网集萃58执行异议之诉中诉讼费用的收取问题.md|wiki/summaries/summary_20210914_最高人民检察院_检答网集萃_检答网集萃58执行异议之诉中诉讼费用的收取问题.md
NEW|sources/微信公号资料/最高人民检察院/最高检-检答网集萃-md/[2021-09-27]检答网集萃59提交检委会讨论的案件和事项是否需要报经分管副检察长审核.md|wiki/summaries/summary_20210927_最高人民检察院_检答网集萃_检答网集萃59提交检委会讨论的案件和事项是否需要报经分管副检察长审核.md
NEW|sources/微信公号资料/最高人民检察院/最高检-检答网集萃-md/[2021-10-12]检答网集萃60出庭时检察官助理的具体职责是什么.md|wiki/summaries/summary_20211012_最高人民检察院_检答网集萃_检答网集萃60出庭时检察官助理的具体职责是什么.md
NEW|sources/微信公号资料/最高人民检察院/最高检-检答网集萃-md/[2021-10-21]检答网集萃61提请逮捕案件可否撤回.md|wiki/summaries/summary_20211021_最高人民检察院_检答网集萃_检答网集萃61提请逮捕案件可否撤回.md
NEW|sources/微信公号资料/最高人民检察院/最高检-检答网集萃-md/[2021-11-01]检答网集萃62不服公安机关不予受理检察院是否有权监督.md|wiki/summaries/summary_20211101_最高人民检察院_检答网集萃_检答网集萃62不服公安机关不予受理检察院是否有权监督.md
NEW|sources/微信公号资料/最高人民检察院/最高检-检答网集萃-md/[2021-11-10]检答网集萃63行政拘留的时间能否在行政诉讼起诉期限内扣除.md|wiki/summaries/summary_20211110_最高人民检察院_检答网集萃_检答网集萃63行政拘留的时间能否在行政诉讼起诉期限内扣除.md
NEW|sources/微信公号资料/最高人民检察院/最高检-检答网集萃-md/[2021-11-29]检答网集萃64如何正确理解和适用人民检察院刑事诉讼规则第356条.md|wiki/summaries/summary_20211129_最高人民检察院_检答网集萃_检答网集萃64如何正确理解和适用人民检察院刑事诉讼规则第356条.md
NEW|sources/微信公号资料/最高人民检察院/最高检-检答网集萃-md/[2021-12-06]检答网集萃65民事检察监督的虚假诉讼具体包括哪些情形.md|wiki/summaries/summary_20211206_最高人民检察院_检答网集萃_检答网集萃65民事检察监督的虚假诉讼具体包括哪些情形.md
NEW|sources/微信公号资料/最高人民检察院/最高检-检答网集萃-md/[2021-12-09]检答网集萃66如何理解人民检察院案件信息公开工作规定第八条规定的查询.md|wiki/summaries/summary_20211209_最高人民检察院_检答网集萃_检答网集萃66如何理解人民检察院案件信息公开工作规定第八条规定的查询.md
NEW|sources/微信公号资料/最高人民检察院/最高检-检答网集萃-md/[2021-12-20]检答网集萃67如何认定是否属于同一商品.md|wiki/summaries/summary_20211220_最高人民检察院_检答网集萃_检答网集萃67如何认定是否属于同一商品.md
NEW|sources/微信公号资料/最高人民检察院/最高检-检答网集萃-md/[2021-12-27]检答网集萃68关于撤销不起诉决定的启动主体情形及程序.md|wiki/summaries/summary_20211227_最高人民检察院_检答网集萃_检答网集萃68关于撤销不起诉决定的启动主体情形及程序.md
NEW|sources/微信公号资料/最高人民检察院/最高检-检答网集萃-md/[2022-01-03]检答网集萃69在监狱看守所等监管场所实习的警校学生能否以司法工作人员论构成渎.md|wiki/summaries/summary_20220103_最高人民检察院_检答网集萃_检答网集萃69在监狱看守所等监管场所实习的警校学生能否以司法工作人员论构成渎.md
NEW|sources/微信公号资料/最高人民检察院/最高检-检答网集萃-md/[2022-01-10]检答网集萃70退出员额后副检察长不能留任原职.md|wiki/summaries/summary_20220110_最高人民检察院_检答网集萃_检答网集萃70退出员额后副检察长不能留任原职.md
NEW|sources/微信公号资料/最高人民检察院/最高检-检答网集萃-md/[2022-01-16]检答网集萃71支持刑事抗诉意见书应引用刑事诉讼法哪个法条.md|wiki/summaries/summary_20220116_最高人民检察院_检答网集萃_检答网集萃71支持刑事抗诉意见书应引用刑事诉讼法哪个法条.md
NEW|sources/微信公号资料/最高人民检察院/最高检-检答网集萃-md/[2022-01-24]检答网集萃72重大案件讯问合法性核查是否适用于监察委员会所办案件.md|wiki/summaries/summary_20220124_最高人民检察院_检答网集萃_检答网集萃72重大案件讯问合法性核查是否适用于监察委员会所办案件.md
NEW|sources/微信公号资料/最高人民检察院/最高检-检答网集萃-md/[2022-02-09]检答网集萃73无逮捕必要不批捕案件需要补充证据时采用何种文书.md|wiki/summaries/summary_20220209_最高人民检察院_检答网集萃_检答网集萃73无逮捕必要不批捕案件需要补充证据时采用何种文书.md
NEW|sources/微信公号资料/最高人民检察院/最高检-检答网集萃-md/[2022-03-17]检答网集萃74检察机关可否追加单位犯罪.md|wiki/summaries/summary_20220317_最高人民检察院_检答网集萃_检答网集萃74检察机关可否追加单位犯罪.md
NEW|sources/微信公号资料/最高人民检察院/最高检-检答网集萃-md/[2022-03-23]检答网集萃75国家司法救助案件的办理是否应以法院执行终结为前提.md|wiki/summaries/summary_20220323_最高人民检察院_检答网集萃_检答网集萃75国家司法救助案件的办理是否应以法院执行终结为前提.md
NEW|sources/微信公号资料/最高人民检察院/最高检-检答网集萃-md/[2022-03-28]检答网集萃76撤销国家赔偿决定是否必须基于同一案件.md|wiki/summaries/summary_20220328_最高人民检察院_检答网集萃_检答网集萃76撤销国家赔偿决定是否必须基于同一案件.md
NEW|sources/微信公号资料/最高人民检察院/最高检-检答网集萃-md/[2022-04-08]检答网集萃77辩护律师可否复制同步录音录像.md|wiki/summaries/summary_20220408_最高人民检察院_检答网集萃_检答网集萃77辩护律师可否复制同步录音录像.md
NEW|sources/微信公号资料/最高人民检察院/最高检-检答网集萃-md/[2022-04-13]检答网集萃78行政拘留的时间能否在行政诉讼起诉期限内扣除.md|wiki/summaries/summary_20220413_最高人民检察院_检答网集萃_检答网集萃78行政拘留的时间能否在行政诉讼起诉期限内扣除.md
NEW|sources/微信公号资料/最高人民检察院/最高检-检答网集萃-md/[2022-04-18]检答网集萃79因构成正当防卫被不起诉行为人是否有权申请国家赔偿.md|wiki/summaries/summary_20220418_最高人民检察院_检答网集萃_检答网集萃79因构成正当防卫被不起诉行为人是否有权申请国家赔偿.md
NEW|sources/微信公号资料/最高人民检察院/最高检-检答网集萃-md/[2022-04-28]检答网集萃80取保候审期间再犯罪的能否再次办理取保候审.md|wiki/summaries/summary_20220428_最高人民检察院_检答网集萃_检答网集萃80取保候审期间再犯罪的能否再次办理取保候审.md
NEW|sources/微信公号资料/最高人民检察院/最高检-检答网集萃-md/[2022-05-09]检答网集萃81对法院撤销缓刑裁定不服提出申诉应当由哪个部门办理.md|wiki/summaries/summary_20220509_最高人民检察院_检答网集萃_检答网集萃81对法院撤销缓刑裁定不服提出申诉应当由哪个部门办理.md
NEW|sources/微信公号资料/最高人民检察院/最高检-检答网集萃-md/[2022-05-16]检答网集萃82犯罪嫌疑人不在案的案管部门可否受理案件.md|wiki/summaries/summary_20220516_最高人民检察院_检答网集萃_检答网集萃82犯罪嫌疑人不在案的案管部门可否受理案件.md
NEW|sources/微信公号资料/最高人民检察院/最高检-检答网集萃-md/[2022-05-23]检答网集萃83如何理解社区矫正取消两个八小时的规定.md|wiki/summaries/summary_20220523_最高人民检察院_检答网集萃_检答网集萃83如何理解社区矫正取消两个八小时的规定.md
NEW|sources/微信公号资料/最高人民检察院/最高检-检答网集萃-md/[2022-05-30]检答网集萃84刑事赔偿案件中精神损害抚慰金计算的法律依据是什么.md|wiki/summaries/summary_20220530_最高人民检察院_检答网集萃_检答网集萃84刑事赔偿案件中精神损害抚慰金计算的法律依据是什么.md
NEW|sources/微信公号资料/最高人民检察院/最高检-检答网集萃-md/[2022-06-07]检答网集萃85对涉民企社区矫正对象申请跨区活动的监督问题.md|wiki/summaries/summary_20220607_最高人民检察院_检答网集萃_检答网集萃85对涉民企社区矫正对象申请跨区活动的监督问题.md
NEW|sources/微信公号资料/最高人民检察院/最高检-检答网集萃-md/[2022-06-13]检答网集萃86事故责任划分是否影响重大责任事故罪的成立.md|wiki/summaries/summary_20220613_最高人民检察院_检答网集萃_检答网集萃86事故责任划分是否影响重大责任事故罪的成立.md
NEW|sources/微信公号资料/最高人民检察院/最高检-检答网集萃-md/[2022-06-20]检答网集萃87检察机关能否再次受理当事人申请监督.md|wiki/summaries/summary_20220620_最高人民检察院_检答网集萃_检答网集萃87检察机关能否再次受理当事人申请监督.md
NEW|sources/微信公号资料/最高人民检察院/最高检-检答网集萃-md/[2022-06-29]检答网集萃88定制伪劣产品是否构成生产销售伪劣产品罪的共犯.md|wiki/summaries/summary_20220629_最高人民检察院_检答网集萃_检答网集萃88定制伪劣产品是否构成生产销售伪劣产品罪的共犯.md
NEW|sources/微信公号资料/最高人民检察院/最高检-检答网集萃-md/[2022-07-03]检答网集萃89负有特殊职责人员的认定问题.md|wiki/summaries/summary_20220703_最高人民检察院_检答网集萃_检答网集萃89负有特殊职责人员的认定问题.md
NEW|sources/微信公号资料/最高人民检察院/最高检-检答网集萃-md/[2022-07-18]检答网集萃90专门教育和专门矫治教育如何区别适用.md|wiki/summaries/summary_20220718_最高人民检察院_检答网集萃_检答网集萃90专门教育和专门矫治教育如何区别适用.md
NEW|sources/微信公号资料/最高人民检察院/最高检-检答网集萃-md/[2022-07-27]检答网集萃91民事检察监督的虚假诉讼具体包括哪些情形.md|wiki/summaries/summary_20220727_最高人民检察院_检答网集萃_检答网集萃91民事检察监督的虚假诉讼具体包括哪些情形.md
NEW|sources/微信公号资料/最高人民检察院/最高检-检答网集萃-md/[2022-08-08]检答网集萃92检务督察部与机关党委有关党风廉政建设的职能如何界定.md|wiki/summaries/summary_20220808_最高人民检察院_检答网集萃_检答网集萃92检务督察部与机关党委有关党风廉政建设的职能如何界定.md
NEW|sources/微信公号资料/最高人民检察院/最高检-检答网集萃-md/[2022-08-16]检答网集萃93醉驾案件中血液酒精含量检测报告的认定.md|wiki/summaries/summary_20220816_最高人民检察院_检答网集萃_检答网集萃93醉驾案件中血液酒精含量检测报告的认定.md
NEW|sources/微信公号资料/最高人民检察院/最高检-检答网集萃-md/[2022-08-22]检答网集萃94改变案件事实是否属于改变检委会决定.md|wiki/summaries/summary_20220822_最高人民检察院_检答网集萃_检答网集萃94改变案件事实是否属于改变检委会决定.md
NEW|sources/微信公号资料/最高人民检察院/最高检-检答网集萃-md/[2022-08-29]检答网集萃95办理刑事赔偿案件终止审查时如何适用法律.md|wiki/summaries/summary_20220829_最高人民检察院_检答网集萃_检答网集萃95办理刑事赔偿案件终止审查时如何适用法律.md
NEW|sources/微信公号资料/最高人民检察院/最高检-检答网集萃-md/[2022-09-05]检答网集萃96被告人认罪不认罚是否可以建议法院适用简易程序.md|wiki/summaries/summary_20220905_最高人民检察院_检答网集萃_检答网集萃96被告人认罪不认罚是否可以建议法院适用简易程序.md
NEW|sources/微信公号资料/最高人民检察院/最高检-检答网集萃-md/[2022-09-19]检答网集萃97二人共同犯罪均被取保候审保证人可否为同一人.md|wiki/summaries/summary_20220919_最高人民检察院_检答网集萃_检答网集萃97二人共同犯罪均被取保候审保证人可否为同一人.md
NEW|sources/微信公号资料/最高人民检察院/最高检-检答网集萃-md/[2022-11-22]检答网集萃98犯罪时为限制行为能力人审查起诉时无行为能力如何处理.md|wiki/summaries/summary_20221122_最高人民检察院_检答网集萃_检答网集萃98犯罪时为限制行为能力人审查起诉时无行为能力如何处理.md
NEW|sources/微信公号资料/最高人民检察院/最高检-检答网集萃-md/[2022-11-30]检答网集萃99对暂予监外执行中的哺乳期作何理解.md|wiki/summaries/summary_20221130_最高人民检察院_检答网集萃_检答网集萃99对暂予监外执行中的哺乳期作何理解.md
NEW|sources/微信公号资料/最高人民检察院/最高检-检答网集萃-md/[2022-12-18]检答网集萃100关于未成年人犯罪记录封存的实施办法第5条的理解和适用.md|wiki/summaries/summary_20221218_最高人民检察院_检答网集萃_检答网集萃100关于未成年人犯罪记录封存的实施办法第5条的理解和适用.md
NEW|sources/微信公号资料/最高人民检察院/最高检-检答网集萃-md/[2023-01-07]检答网集萃101被害人查询犯罪嫌疑人个人信息用于起诉可以提供吗.md|wiki/summaries/summary_20230107_最高人民检察院_检答网集萃_检答网集萃101被害人查询犯罪嫌疑人个人信息用于起诉可以提供吗.md
NEW|sources/微信公号资料/最高人民检察院/最高检-检答网集萃-md/[2023-02-01]检答网集萃102申请司法救助有无期限限制.md|wiki/summaries/summary_20230201_最高人民检察院_检答网集萃_检答网集萃102申请司法救助有无期限限制.md
NEW|sources/微信公号资料/最高人民检察院/最高检-检答网集萃-md/[2023-02-13]检答网集萃103如何理解与准确适用刑法中禁止从事的相关职业.md|wiki/summaries/summary_20230213_最高人民检察院_检答网集萃_检答网集萃103如何理解与准确适用刑法中禁止从事的相关职业.md
NEW|sources/微信公号资料/最高人民检察院/最高检-检答网集萃-md/[2023-04-24]检答网集萃104借调和派出人员如何填报三个规定.md|wiki/summaries/summary_20230424_最高人民检察院_检答网集萃_检答网集萃104借调和派出人员如何填报三个规定.md
NEW|sources/微信公号资料/最高人民检察院/最高检-检答网集萃-md/[2023-05-24]检答网集萃105环保技术升级改造是否属于替代性修复方式.md|wiki/summaries/summary_20230524_最高人民检察院_检答网集萃_检答网集萃105环保技术升级改造是否属于替代性修复方式.md
NEW|sources/微信公号资料/最高人民检察院/最高检-检答网集萃-md/[2023-05-24]检答网集萃106当事人户籍所在地与案件管辖地不一致司法救助能否突破属地救助原.md|wiki/summaries/summary_20230524_最高人民检察院_检答网集萃_检答网集萃106当事人户籍所在地与案件管辖地不一致司法救助能否突破属地救助原.md
NEW|sources/微信公号资料/最高人民检察院/最高检-检答网集萃-md/[2023-06-09]检答网集萃107检察院自行侦查的职务犯罪案件出现犯罪嫌疑人无法接受讯问情况能.md|wiki/summaries/summary_20230609_最高人民检察院_检答网集萃_检答网集萃107检察院自行侦查的职务犯罪案件出现犯罪嫌疑人无法接受讯问情况能.md
NEW|sources/微信公号资料/最高人民检察院/最高检-检答网集萃-md/[2023-07-05]检答网集萃108未成年人案件绝对不起诉后是否需要犯罪记录封存.md|wiki/summaries/summary_20230705_最高人民检察院_检答网集萃_检答网集萃108未成年人案件绝对不起诉后是否需要犯罪记录封存.md
NEW|sources/微信公号资料/最高人民检察院/最高检-检答网集萃-md/[2023-10-28]检答网集萃109危害珍贵濒危水生野生动物的立案标准如何把握.md|wiki/summaries/summary_20231028_最高人民检察院_检答网集萃_检答网集萃109危害珍贵濒危水生野生动物的立案标准如何把握.md
NEW|sources/微信公号资料/最高人民检察院/最高检-检答网集萃-md/[2023-11-07]检答网集萃110行政处罚类案件催告时间如何认定.md|wiki/summaries/summary_20231107_最高人民检察院_检答网集萃_检答网集萃110行政处罚类案件催告时间如何认定.md
NEW|sources/微信公号资料/最高人民检察院/最高检-检答网集萃-md/[2023-12-11]检答网集萃111生产销售未按规定进行检疫检验的肉类制品如何定性.md|wiki/summaries/summary_20231211_最高人民检察院_检答网集萃_检答网集萃111生产销售未按规定进行检疫检验的肉类制品如何定性.md
NEW|sources/微信公号资料/最高人民检察院/最高检-检答网集萃-md/[2023-12-24]检答网集萃112在职级职数已满的情况下如何确定新进新转任人员职级.md|wiki/summaries/summary_20231224_最高人民检察院_检答网集萃_检答网集萃112在职级职数已满的情况下如何确定新进新转任人员职级.md
NEW|sources/微信公号资料/最高人民检察院/最高检-检答网集萃-md/[2024-03-27]检答网集萃113最高人民法院关于审理破坏土地资源刑事案件具体应用法律若干问题.md|wiki/summaries/summary_20240327_最高人民检察院_检答网集萃_检答网集萃113最高人民法院关于审理破坏土地资源刑事案件具体应用法律若干问题.md
NEW|sources/微信公号资料/最高人民检察院/最高检-检答网集萃-md/[2024-03-27]检答网集萃114裁定准许撤回上诉的案件当事人对一审判决不服的申诉由哪级人民检.md|wiki/summaries/summary_20240327_最高人民检察院_检答网集萃_检答网集萃114裁定准许撤回上诉的案件当事人对一审判决不服的申诉由哪级人民检.md
NEW|sources/微信公号资料/最高人民检察院/最高检-检答网集萃-md/[2024-05-08]检答网集萃115犯罪嫌疑人被羁押后退补侦查机关超期不移送不变更如何监督.md|wiki/summaries/summary_20240508_最高人民检察院_检答网集萃_检答网集萃115犯罪嫌疑人被羁押后退补侦查机关超期不移送不变更如何监督.md
NEW|sources/微信公号资料/最高人民检察院/最高检-检答网集萃-md/[2024-06-01]检答网集萃116强迫交易的犯罪数额如何认定.md|wiki/summaries/summary_20240601_最高人民检察院_检答网集萃_检答网集萃116强迫交易的犯罪数额如何认定.md
NEW|sources/微信公号资料/最高人民检察院/最高检-检答网集萃-md/[2024-06-19]检答网集萃117侦查人员在其他案件中所作的证言能否在其侦办的案件中使用.md|wiki/summaries/summary_20240619_最高人民检察院_检答网集萃_检答网集萃117侦查人员在其他案件中所作的证言能否在其侦办的案件中使用.md
NEW|sources/微信公号资料/最高人民检察院/最高检-检答网集萃-md/[2024-07-10]检答网集萃包括两次已受过行政处罚的三次盗窃行为是否属于刑事拘留延长至三十日的.md|wiki/summaries/summary_20240710_最高人民检察院_检答网集萃_检答网集萃包括两次已受过行政处罚的三次盗窃行为是否属于刑事拘留延长至三十日的.md
NEW|sources/微信公号资料/最高人民检察院/最高检-检答网集萃-md/[2024-08-09]检答网集萃既遂与未遂并存的受贿案件如何提出量刑建议.md|wiki/summaries/summary_20240809_最高人民检察院_检答网集萃_检答网集萃既遂与未遂并存的受贿案件如何提出量刑建议.md
NEW|sources/微信公号资料/最高人民检察院/最高检-检答网集萃-md/[2024-08-26]检答网集萃如何理解两高关于办理破坏野生动物资源刑事案件适用法律若干问题的解释.md|wiki/summaries/summary_20240826_最高人民检察院_检答网集萃_检答网集萃如何理解两高关于办理破坏野生动物资源刑事案件适用法律若干问题的解释.md
NEW|sources/微信公号资料/最高人民检察院/最高检-检答网集萃-md/[2025-07-23]检答网集萃检察机关针对刑事部分遗漏犯罪事实补充起诉对附带民事公益诉讼该如何处.md|wiki/summaries/summary_20250723_最高人民检察院_检答网集萃_检答网集萃检察机关针对刑事部分遗漏犯罪事实补充起诉对附带民事公益诉讼该如何处.md
NEW|sources/微信公号资料/最高人民检察院/最高检-检答网集萃-md/[2025-07-23]检答网集萃非法狩猎罪中在禁猎区禁猎期使用禁用的工具或方法狩猎是否要求有捕获物.md|wiki/summaries/summary_20250723_最高人民检察院_检答网集萃_检答网集萃非法狩猎罪中在禁猎区禁猎期使用禁用的工具或方法狩猎是否要求有捕获物.md
NEW|sources/微信公号资料/最高人民检察院/最高检-检答网集萃-md/[2025-08-06]检答网集萃被吊销营业执照企业的股权可否拍卖.md|wiki/summaries/summary_20250806_最高人民检察院_检答网集萃_检答网集萃被吊销营业执照企业的股权可否拍卖.md
NEW|sources/微信公号资料/最高人民检察院/最高检-检答网集萃-md/[2025-08-06]检答网集萃运输毒品案的犯罪嫌疑人供述在其上游贩卖毒品犯罪的证据卷中应归属于哪.md|wiki/summaries/summary_20250806_最高人民检察院_检答网集萃_检答网集萃运输毒品案的犯罪嫌疑人供述在其上游贩卖毒品犯罪的证据卷中应归属于哪.md
NEW|sources/微信公号资料/最高人民检察院/最高检-检答网集萃-md/[2025-08-19]检答网集萃被取保候审期间再犯同种罪行后自动投案并如实供述的是否成立自首.md|wiki/summaries/summary_20250819_最高人民检察院_检答网集萃_检答网集萃被取保候审期间再犯同种罪行后自动投案并如实供述的是否成立自首.md
NEW|sources/微信公号资料/最高人民检察院/最高检-检答网集萃-md/[2025-09-08]检答网集萃开垦林地种植农作物是否构成非法占用农用地罪.md|wiki/summaries/summary_20250908_最高人民检察院_检答网集萃_检答网集萃开垦林地种植农作物是否构成非法占用农用地罪.md
NEW|sources/微信公号资料/最高人民检察院/最高检-检答网集萃-md/[2025-09-29]检答网集萃如何理解发现非法转让土地行为.md|wiki/summaries/summary_20250929_最高人民检察院_检答网集萃_检答网集萃如何理解发现非法转让土地行为.md
NEW|sources/微信公号资料/最高人民检察院/最高检-检答网集萃-md/[2025-09-30]检答网集萃暂予监外执行期满后的社区矫正监管时间能否折抵刑期.md|wiki/summaries/summary_20250930_最高人民检察院_检答网集萃_检答网集萃暂予监外执行期满后的社区矫正监管时间能否折抵刑期.md
NEW|sources/微信公号资料/最高人民检察院/最高检-检答网集萃-md/[2025-11-17]检答网集萃是否应当受理国家赔偿申请并依法作出刑事赔偿决定.md|wiki/summaries/summary_20251117_最高人民检察院_检答网集萃_检答网集萃是否应当受理国家赔偿申请并依法作出刑事赔偿决定.md
NEW|sources/微信公号资料/最高人民检察院/最高检-答记者问-md/[2018-11-18]最高检未检办负责人就第十一批指导性案例答记者问.md|wiki/summaries/summary_20181118_最高人民检察院_答记者问_最高检未检办负责人就第十一批指导性案例答记者问.md
NEW|sources/微信公号资料/最高人民检察院/最高检-答记者问-md/[2018-12-19]最高检副检察长孙谦就第十二批指导性案例答记者问.md|wiki/summaries/summary_20181219_最高人民检察院_答记者问_最高检副检察长孙谦就第十二批指导性案例答记者问.md
NEW|sources/微信公号资料/最高人民检察院/最高检-答记者问-md/[2019-01-22]最高检第八检察厅负责人就意见答记者问.md|wiki/summaries/summary_20190122_最高人民检察院_答记者问_最高检第八检察厅负责人就意见答记者问.md
NEW|sources/微信公号资料/最高人民检察院/最高检-答记者问-md/[2019-03-06]最高检第十检察厅厅长就实施意见答记者问.md|wiki/summaries/summary_20190306_最高人民检察院_答记者问_最高检第十检察厅厅长就实施意见答记者问.md
NEW|sources/微信公号资料/最高人民检察院/最高检-答记者问-md/[2019-03-19]最高检检察委员会委员第四检察厅厅长郑新俭答记者问.md|wiki/summaries/summary_20190319_最高人民检察院_答记者问_最高检检察委员会委员第四检察厅厅长郑新俭答记者问.md
NEW|sources/微信公号资料/最高人民检察院/最高检-答记者问-md/[2019-04-15]中央办公厅负责人就中国共产党党组工作条例答记者问.md|wiki/summaries/summary_20190415_最高人民检察院_答记者问_中央办公厅负责人就中国共产党党组工作条例答记者问.md
NEW|sources/微信公号资料/最高人民检察院/最高检-答记者问-md/[2019-05-13]最高检检委会专职委员法律政策研究室主任万春就规定答记者问.md|wiki/summaries/summary_20190513_最高人民检察院_答记者问_最高检检委会专职委员法律政策研究室主任万春就规定答记者问.md
NEW|sources/微信公号资料/最高人民检察院/最高检-答记者问-md/[2019-06-28]两高有关部门负责人答记者问.md|wiki/summaries/summary_20190628_最高人民检察院_答记者问_两高有关部门负责人答记者问.md
NEW|sources/微信公号资料/最高人民检察院/最高检-答记者问-md/[2019-06-29]人民检察院监督特赦实施关于这次特赦的权威解读来了.md|wiki/summaries/summary_20190629_最高人民检察院_答记者问_人民检察院监督特赦实施关于这次特赦的权威解读来了.md
NEW|sources/微信公号资料/最高人民检察院/最高检-答记者问-md/[2019-07-23]关于最高人民检察院关于废止部分司法解释性质文件和规范性文件的决定答记者问.md|wiki/summaries/summary_20190723_最高人民检察院_答记者问_关于最高人民检察院关于废止部分司法解释性质文件和规范性文件的决定答记者问.md
NEW|sources/微信公号资料/最高人民检察院/最高检-答记者问-md/[2019-09-02]最高检案管办负责人答记者问.md|wiki/summaries/summary_20190902_最高人民检察院_答记者问_最高检案管办负责人答记者问.md
NEW|sources/微信公号资料/最高人民检察院/最高检-答记者问-md/[2019-09-03]最高检检察理论研究所负责人答记者问.md|wiki/summaries/summary_20190903_最高人民检察院_答记者问_最高检检察理论研究所负责人答记者问.md
NEW|sources/微信公号资料/最高人民检察院/最高检-答记者问-md/[2019-10-30]前三季度检察业务数据有哪些变化有关部门负责人答记者问.md|wiki/summaries/summary_20191030_最高人民检察院_答记者问_前三季度检察业务数据有哪些变化有关部门负责人答记者问.md
NEW|sources/微信公号资料/最高人民检察院/最高检-答记者问-md/[2020-02-28]最高检副检察长张雪樵就野生动物保护公益诉讼典型案例答记者问.md|wiki/summaries/summary_20200228_最高人民检察院_答记者问_最高检副检察长张雪樵就野生动物保护公益诉讼典型案例答记者问.md
NEW|sources/微信公号资料/最高人民检察院/最高检-答记者问-md/[2020-03-04]最高检第四检察厅负责人就第四批妨害新冠肺炎疫情防控犯罪典型案例答记者问.md|wiki/summaries/summary_20200304_最高人民检察院_答记者问_最高检第四检察厅负责人就第四批妨害新冠肺炎疫情防控犯罪典型案例答记者问.md
NEW|sources/微信公号资料/最高人民检察院/最高检-答记者问-md/[2020-03-12]涉疫诈骗犯罪有哪几类如何预防最高检相关负责人答问.md|wiki/summaries/summary_20200312_最高人民检察院_答记者问_涉疫诈骗犯罪有哪几类如何预防最高检相关负责人答问.md
NEW|sources/微信公号资料/最高人民检察院/最高检-答记者问-md/[2020-03-20]以保障复工复产为主题发布典型案例传递了哪些法治信号最高检相关负责人答问.md|wiki/summaries/summary_20200320_最高人民检察院_答记者问_以保障复工复产为主题发布典型案例传递了哪些法治信号最高检相关负责人答问.md
NEW|sources/微信公号资料/最高人民检察院/最高检-答记者问-md/[2020-03-25]最高检相关负责人答记者问三个案例各有侧重点紧扣当前打击金融犯罪重点难点.md|wiki/summaries/summary_20200325_最高人民检察院_答记者问_最高检相关负责人答记者问三个案例各有侧重点紧扣当前打击金融犯罪重点难点.md
NEW|sources/微信公号资料/最高人民检察院/最高检-答记者问-md/[2020-03-26]最高检公安部相关负责人答记者问依法严惩哄抬物价犯罪全力护稳定聚民心促发展.md|wiki/summaries/summary_20200326_最高人民检察院_答记者问_最高检公安部相关负责人答记者问依法严惩哄抬物价犯罪全力护稳定聚民心促发展.md
NEW|sources/微信公号资料/最高人民检察院/最高检-答记者问-md/[2020-04-03]最高检公安部相关负责人答记者问依法管控从严追诉维护入境疫情防控法律秩序.md|wiki/summaries/summary_20200403_最高人民检察院_答记者问_最高检公安部相关负责人答记者问依法管控从严追诉维护入境疫情防控法律秩序.md
NEW|sources/微信公号资料/最高人民检察院/最高检-答记者问-md/[2020-04-09]从严惩治严重暴力犯罪维护疫情防控社会秩序最高检相关负责人答记者问.md|wiki/summaries/summary_20200409_最高人民检察院_答记者问_从严惩治严重暴力犯罪维护疫情防控社会秩序最高检相关负责人答记者问.md
NEW|sources/微信公号资料/最高人民检察院/最高检-答记者问-md/[2020-04-14]中办有关负责人答记者问让干部有更多时间和精力抓落实.md|wiki/summaries/summary_20200414_最高人民检察院_答记者问_中办有关负责人答记者问让干部有更多时间和精力抓落实.md
NEW|sources/微信公号资料/最高人民检察院/最高检-答记者问-md/[2020-04-14]疫情防控期间12309检察服务热线不打烊不掉线最高检相关负责人答记者问.md|wiki/summaries/summary_20200414_最高人民检察院_答记者问_疫情防控期间12309检察服务热线不打烊不掉线最高检相关负责人答记者问.md
NEW|sources/微信公号资料/最高人民检察院/最高检-答记者问-md/[2020-04-15]最高检案管办负责人就办案数据答记者问.md|wiki/summaries/summary_20200415_最高人民检察院_答记者问_最高检案管办负责人就办案数据答记者问.md
NEW|sources/微信公号资料/最高人民检察院/最高检-答记者问-md/[2020-04-17]依法履职精准施策多元化解社会矛盾最高检相关负责人答记者问.md|wiki/summaries/summary_20200417_最高人民检察院_答记者问_依法履职精准施策多元化解社会矛盾最高检相关负责人答记者问.md
NEW|sources/微信公号资料/最高人民检察院/最高检-答记者问-md/[2020-04-22]依法惩治涉窨井盖犯罪最高检检委会专职委员万春答记者问.md|wiki/summaries/summary_20200422_最高人民检察院_答记者问_依法惩治涉窨井盖犯罪最高检检委会专职委员万春答记者问.md
NEW|sources/微信公号资料/最高人民检察院/最高检-答记者问-md/[2020-04-25]深入推进知识产权司法保护最高检第四检察厅厅长郑新俭答记者问.md|wiki/summaries/summary_20200425_最高人民检察院_答记者问_深入推进知识产权司法保护最高检第四检察厅厅长郑新俭答记者问.md
NEW|sources/微信公号资料/最高人民检察院/最高检-答记者问-md/[2020-04-26]案件质量检察司法办案的生命线最高检案管办主任董桂文答记者问.md|wiki/summaries/summary_20200426_最高人民检察院_答记者问_案件质量检察司法办案的生命线最高检案管办主任董桂文答记者问.md
NEW|sources/微信公号资料/最高人民检察院/最高检-答记者问-md/[2020-04-29]海洋公益诉讼检察业务框架基本搭建完成最高检第八检察厅厅长胡卫列答记者问.md|wiki/summaries/summary_20200429_最高人民检察院_答记者问_海洋公益诉讼检察业务框架基本搭建完成最高检第八检察厅厅长胡卫列答记者问.md
NEW|sources/微信公号资料/最高人民检察院/最高检-答记者问-md/[2020-05-11]最高检和解放军军事检察院有关负责同志就印发意见答记者问.md|wiki/summaries/summary_20200511_最高人民检察院_答记者问_最高检和解放军军事检察院有关负责同志就印发意见答记者问.md
NEW|sources/微信公号资料/最高人民检察院/最高检-答记者问-md/[2020-05-15]涉疫盗抢犯罪有何特点如何防范最高检相关负责人答记者问.md|wiki/summaries/summary_20200515_最高人民检察院_答记者问_涉疫盗抢犯罪有何特点如何防范最高检相关负责人答记者问.md
NEW|sources/微信公号资料/最高人民检察院/最高检-答记者问-md/[2020-07-20]最高检相关负责人详解办案数据密码.md|wiki/summaries/summary_20200720_最高人民检察院_答记者问_最高检相关负责人详解办案数据密码.md
NEW|sources/微信公号资料/最高人民检察院/最高检-答记者问-md/[2020-08-05]为什么检察建议愈加被高看一眼最高检相关负责人等答记者问.md|wiki/summaries/summary_20200805_最高人民检察院_答记者问_为什么检察建议愈加被高看一眼最高检相关负责人等答记者问.md
NEW|sources/微信公号资料/最高人民检察院/最高检-答记者问-md/[2020-08-12]快速返还怎么个快法儿相关部门负责人答记者问.md|wiki/summaries/summary_20200812_最高人民检察院_答记者问_快速返还怎么个快法儿相关部门负责人答记者问.md
NEW|sources/微信公号资料/最高人民检察院/最高检-答记者问-md/[2020-08-20]最高检相关负责人就人民检察院检察委员会工作规则答记者问.md|wiki/summaries/summary_20200820_最高人民检察院_答记者问_最高检相关负责人就人民检察院检察委员会工作规则答记者问.md
NEW|sources/微信公号资料/最高人民检察院/最高检-答记者问-md/[2020-09-07]认罪认罚案件中值班律师不是仅仅见证相关负责人答问来了.md|wiki/summaries/summary_20200907_最高人民检察院_答记者问_认罪认罚案件中值班律师不是仅仅见证相关负责人答问来了.md
NEW|sources/微信公号资料/最高人民检察院/最高检-答记者问-md/[2020-09-13]如何加大知识产权刑事司法保护力度两高相关部门负责人答记者问.md|wiki/summaries/summary_20200913_最高人民检察院_答记者问_如何加大知识产权刑事司法保护力度两高相关部门负责人答记者问.md
NEW|sources/微信公号资料/最高人民检察院/最高检-答记者问-md/[2020-10-10]最高检第八检察厅负责人答记者问.md|wiki/summaries/summary_20201010_最高人民检察院_答记者问_最高检第八检察厅负责人答记者问.md
NEW|sources/微信公号资料/最高人民检察院/最高检-答记者问-md/[2020-10-13]最高检为何下发适用速裁程序典型案例相关负责人答记者问.md|wiki/summaries/summary_20201013_最高人民检察院_答记者问_最高检为何下发适用速裁程序典型案例相关负责人答记者问.md
NEW|sources/微信公号资料/最高人民检察院/最高检-答记者问-md/[2020-10-19]1至9月办案数据有哪些新变化最高检相关负责人答检察日报记者问.md|wiki/summaries/summary_20201019_最高人民检察院_答记者问_1至9月办案数据有哪些新变化最高检相关负责人答检察日报记者问.md
NEW|sources/微信公号资料/最高人民检察院/最高检-答记者问-md/[2020-12-02]最高检相关负责人就文物和文化遗产保护公益诉讼典型案例答记者问.md|wiki/summaries/summary_20201202_最高人民检察院_答记者问_最高检相关负责人就文物和文化遗产保护公益诉讼典型案例答记者问.md
NEW|sources/微信公号资料/最高人民检察院/最高检-答记者问-md/[2020-12-08]第二十二批指导性案例有哪些特点相关负责人答记者问.md|wiki/summaries/summary_20201208_最高人民检察院_答记者问_第二十二批指导性案例有哪些特点相关负责人答记者问.md
NEW|sources/微信公号资料/最高人民检察院/最高检-答记者问-md/[2020-12-17]如何守护好全体国民的共同财富最高检第八检察厅负责人答记者问.md|wiki/summaries/summary_20201217_最高人民检察院_答记者问_如何守护好全体国民的共同财富最高检第八检察厅负责人答记者问.md
NEW|sources/微信公号资料/最高人民检察院/最高检-答记者问-md/[2020-12-22]严格把握罪与非罪最高检第十检察厅负责人就指导性案例答记者问.md|wiki/summaries/summary_20201222_最高人民检察院_答记者问_严格把握罪与非罪最高检第十检察厅负责人就指导性案例答记者问.md
NEW|sources/微信公号资料/最高人民检察院/最高检-答记者问-md/[2020-12-24]联防联治以公益之名守护车轮上的安全.md|wiki/summaries/summary_20201224_最高人民检察院_答记者问_联防联治以公益之名守护车轮上的安全.md
NEW|sources/微信公号资料/最高人民检察院/最高检-答记者问-md/[2020-12-28]封住脚下吃人的嘴最高检相关负责人就涉窨井盖犯罪典型案例答记者问.md|wiki/summaries/summary_20201228_最高人民检察院_答记者问_封住脚下吃人的嘴最高检相关负责人就涉窨井盖犯罪典型案例答记者问.md
NEW|sources/微信公号资料/最高人民检察院/最高检-答记者问-md/[2021-02-02]第十三批涉疫典型案例有哪些新的犯罪类型权威解读来了.md|wiki/summaries/summary_20210202_最高人民检察院_答记者问_第十三批涉疫典型案例有哪些新的犯罪类型权威解读来了.md
NEW|sources/微信公号资料/最高人民检察院/最高检-答记者问-md/[2021-02-05]5件典型案例有哪些特点最高检相关负责人答记者问.md|wiki/summaries/summary_20210205_最高人民检察院_答记者问_5件典型案例有哪些特点最高检相关负责人答记者问.md
NEW|sources/微信公号资料/最高人民检察院/最高检-答记者问-md/[2021-02-18]最高检第七检察厅负责人答记者问.md|wiki/summaries/summary_20210218_最高人民检察院_答记者问_最高检第七检察厅负责人答记者问.md
NEW|sources/微信公号资料/最高人民检察院/最高检-答记者问-md/[2021-02-19]四个最严专项行动成效怎么样相关部门负责人答记者问.md|wiki/summaries/summary_20210219_最高人民检察院_答记者问_四个最严专项行动成效怎么样相关部门负责人答记者问.md
NEW|sources/微信公号资料/最高人民检察院/最高检-答记者问-md/[2021-02-24]最高检第八检察厅厅长就加强涉农公益诉讼检察工作答记者问.md|wiki/summaries/summary_20210224_最高人民检察院_答记者问_最高检第八检察厅厅长就加强涉农公益诉讼检察工作答记者问.md
NEW|sources/微信公号资料/最高人民检察院/最高检-答记者问-md/[2021-03-03]最高检第九检察厅负责人就第二十七批指导性案例答记者问.md|wiki/summaries/summary_20210303_最高人民检察院_答记者问_最高检第九检察厅负责人就第二十七批指导性案例答记者问.md
NEW|sources/微信公号资料/最高人民检察院/最高检-答记者问-md/[2021-03-15]最高检第八检察厅负责人就315食品药品安全消费者权益保护检察公益诉讼典型案例.md|wiki/summaries/summary_20210315_最高人民检察院_答记者问_最高检第八检察厅负责人就315食品药品安全消费者权益保护检察公益诉讼典型案例.md
NEW|sources/微信公号资料/最高人民检察院/最高检-答记者问-md/[2021-03-19]最高检第四检察厅中国人民银行反洗钱局负责人答记者问.md|wiki/summaries/summary_20210319_最高人民检察院_答记者问_最高检第四检察厅中国人民银行反洗钱局负责人答记者问.md
NEW|sources/微信公号资料/最高人民检察院/最高检-答记者问-md/[2021-03-23]最高检第八检察厅应急管理部政策法规司负责人答记者问.md|wiki/summaries/summary_20210323_最高人民检察院_答记者问_最高检第八检察厅应急管理部政策法规司负责人答记者问.md
NEW|sources/微信公号资料/最高人民检察院/最高检-答记者问-md/[2021-04-23]1月至3月办案数据有哪些变化最高检案管办负责人答记者问.md|wiki/summaries/summary_20210423_最高人民检察院_答记者问_1月至3月办案数据有哪些变化最高检案管办负责人答记者问.md
NEW|sources/微信公号资料/最高人民检察院/最高检-答记者问-md/[2021-04-29]检爱同行共护未来最高检第九检察厅负责人答记者问.md|wiki/summaries/summary_20210429_最高人民检察院_答记者问_检爱同行共护未来最高检第九检察厅负责人答记者问.md
NEW|sources/微信公号资料/最高人民检察院/最高检-答记者问-md/[2021-05-07]最高检第一检察厅负责人就典型案例答记者问.md|wiki/summaries/summary_20210507_最高人民检察院_答记者问_最高检第一检察厅负责人就典型案例答记者问.md
NEW|sources/微信公号资料/最高人民检察院/最高检-答记者问-md/[2021-05-10]最高检第六检察厅负责人就第二十八批指导性案例答记者问.md|wiki/summaries/summary_20210510_最高人民检察院_答记者问_最高检第六检察厅负责人就第二十八批指导性案例答记者问.md
NEW|sources/微信公号资料/最高人民检察院/最高检-答记者问-md/[2021-06-04]最高检第八检察厅负责人就大运河公益保护答记者问.md|wiki/summaries/summary_20210604_最高人民检察院_答记者问_最高检第八检察厅负责人就大运河公益保护答记者问.md
NEW|sources/微信公号资料/最高人民检察院/最高检-答记者问-md/[2021-06-08]如何认定是否损害社会公共利益最高检第八检察厅负责人答记者问.md|wiki/summaries/summary_20210608_最高人民检察院_答记者问_如何认定是否损害社会公共利益最高检第八检察厅负责人答记者问.md
NEW|sources/微信公号资料/最高人民检察院/最高检-答记者问-md/[2021-06-25]最高检第二检察厅厅长就典型案例答记者问.md|wiki/summaries/summary_20210625_最高人民检察院_答记者问_最高检第二检察厅厅长就典型案例答记者问.md
NEW|sources/微信公号资料/最高人民检察院/最高检-答记者问-md/[2021-06-27]相关负责人就红色资源保护公益诉讼典型案例答记者问.md|wiki/summaries/summary_20210627_最高人民检察院_答记者问_相关负责人就红色资源保护公益诉讼典型案例答记者问.md
NEW|sources/微信公号资料/最高人民检察院/最高检-答记者问-md/[2021-07-22]公益诉讼听证工作将如何开展最高检第八检察厅负责人答记者问.md|wiki/summaries/summary_20210722_最高人民检察院_答记者问_公益诉讼听证工作将如何开展最高检第八检察厅负责人答记者问.md
NEW|sources/微信公号资料/最高人民检察院/最高检-答记者问-md/[2021-07-30]最高检第一检察厅负责人就典型案例答记者问.md|wiki/summaries/summary_20210730_最高人民检察院_答记者问_最高检第一检察厅负责人就典型案例答记者问.md
NEW|sources/微信公号资料/最高人民检察院/最高检-答记者问-md/[2021-08-06]最高检第七检察厅负责人就典型案例答记者问.md|wiki/summaries/summary_20210806_最高人民检察院_答记者问_最高检第七检察厅负责人就典型案例答记者问.md
NEW|sources/微信公号资料/最高人民检察院/最高检-答记者问-md/[2021-08-08]最高检第一检察厅负责人就发布典型案例答记者问.md|wiki/summaries/summary_20210808_最高人民检察院_答记者问_最高检第一检察厅负责人就发布典型案例答记者问.md
NEW|sources/微信公号资料/最高人民检察院/最高检-答记者问-md/[2021-08-11]中央依法治国办负责同志就法治政府建设实施纲要20212025年答记者问.md|wiki/summaries/summary_20210811_最高人民检察院_答记者问_中央依法治国办负责同志就法治政府建设实施纲要20212025年答记者问.md
NEW|sources/微信公号资料/最高人民检察院/最高检-答记者问-md/[2021-09-02]最高检第八检察厅负责人就第二十九批指导性案例答记者问.md|wiki/summaries/summary_20210902_最高人民检察院_答记者问_最高检第八检察厅负责人就第二十九批指导性案例答记者问.md
NEW|sources/微信公号资料/最高人民检察院/最高检-答记者问-md/[2021-09-15]最高检第八检察厅负责人就检察公益诉讼起诉典型案例答记者问.md|wiki/summaries/summary_20210915_最高人民检察院_答记者问_最高检第八检察厅负责人就检察公益诉讼起诉典型案例答记者问.md
NEW|sources/微信公号资料/最高人民检察院/最高检-答记者问-md/[2021-10-09]最高检第八检察厅负责人就生物多样性保护公益诉讼典型案例答记者问.md|wiki/summaries/summary_20211009_最高人民检察院_答记者问_最高检第八检察厅负责人就生物多样性保护公益诉讼典型案例答记者问.md
NEW|sources/微信公号资料/最高人民检察院/最高检-答记者问-md/[2021-10-26]最高检第一检察厅负责人就检察机关依法追诉诈骗犯罪典型案例答记者问.md|wiki/summaries/summary_20211026_最高人民检察院_答记者问_最高检第一检察厅负责人就检察机关依法追诉诈骗犯罪典型案例答记者问.md
NEW|sources/微信公号资料/最高人民检察院/最高检-答记者问-md/[2021-11-02]两高一部相关负责人就两个意见答记者问.md|wiki/summaries/summary_20211102_最高人民检察院_答记者问_两高一部相关负责人就两个意见答记者问.md
NEW|sources/微信公号资料/最高人民检察院/最高检-答记者问-md/[2021-11-05]最高检第一检察厅负责人就检察机关依法惩治长江流域非法捕捞水产品犯罪典型案例答.md|wiki/summaries/summary_20211105_最高人民检察院_答记者问_最高检第一检察厅负责人就检察机关依法惩治长江流域非法捕捞水产品犯罪典型案例答.md
NEW|sources/微信公号资料/最高人民检察院/最高检-答记者问-md/[2021-11-25]最高检国家邮政局有关部门负责人答记者问.md|wiki/summaries/summary_20211125_最高人民检察院_答记者问_最高检国家邮政局有关部门负责人答记者问.md
NEW|sources/微信公号资料/最高人民检察院/最高检-答记者问-md/[2021-12-03]最高检第一检察厅负责人就典型案例答记者问.md|wiki/summaries/summary_20211203_最高人民检察院_答记者问_最高检第一检察厅负责人就典型案例答记者问.md
NEW|sources/微信公号资料/最高人民检察院/最高检-答记者问-md/[2021-12-06]最高人民检察院公安部相关负责人就关于健全完善侦查监督与协作配合机制的意见答记.md|wiki/summaries/summary_20211206_最高人民检察院_答记者问_最高人民检察院公安部相关负责人就关于健全完善侦查监督与协作配合机制的意见答记.md
NEW|sources/微信公号资料/最高人民检察院/最高检-答记者问-md/[2021-12-06]最高检有关部门负责人就检察人员考核工作指引答记者问.md|wiki/summaries/summary_20211206_最高人民检察院_答记者问_最高检有关部门负责人就检察人员考核工作指引答记者问.md
NEW|sources/微信公号资料/最高人民检察院/最高检-答记者问-md/[2021-12-08]两高两部相关部门负责人就关于加强减刑假释案件实质化审理的意见答记者问.md|wiki/summaries/summary_20211208_最高人民检察院_答记者问_两高两部相关部门负责人就关于加强减刑假释案件实质化审理的意见答记者问.md
NEW|sources/微信公号资料/最高人民检察院/最高检-答记者问-md/[2021-12-31]两高两部相关负责人就指导意见答记者问.md|wiki/summaries/summary_20211231_最高人民检察院_答记者问_两高两部相关负责人就指导意见答记者问.md
NEW|sources/微信公号资料/最高人民检察院/最高检-答记者问-md/[2022-01-10]检察官担任法治副校长有了指挥棒.md|wiki/summaries/summary_20220110_最高人民检察院_答记者问_检察官担任法治副校长有了指挥棒.md
NEW|sources/微信公号资料/最高人民检察院/最高检-答记者问-md/[2022-01-13]司法部最高人民检察院有关部门负责人就修订后的人民监督员选任管理办法答记者问.md|wiki/summaries/summary_20220113_最高人民检察院_答记者问_司法部最高人民检察院有关部门负责人就修订后的人民监督员选任管理办法答记者问.md
NEW|sources/微信公号资料/最高人民检察院/最高检-答记者问-md/[2022-03-04]依法严惩危害药品安全犯罪切实维护人民群众用药安全两高相关负责人答记者问.md|wiki/summaries/summary_20220304_最高人民检察院_答记者问_依法严惩危害药品安全犯罪切实维护人民群众用药安全两高相关负责人答记者问.md
NEW|sources/微信公号资料/最高人民检察院/最高检-答记者问-md/[2022-03-05]以追责问责倒逼依法规范能动检察履职最高检检务督察局负责人就检察官惩戒工作程序.md|wiki/summaries/summary_20220305_最高人民检察院_答记者问_以追责问责倒逼依法规范能动检察履职最高检检务督察局负责人就检察官惩戒工作程序.md
NEW|sources/微信公号资料/最高人民检察院/最高检-答记者问-md/[2022-03-06]最高检国家乡村振兴局相关负责人就联合发布司法救助典型案例答记者问.md|wiki/summaries/summary_20220306_最高人民检察院_答记者问_最高检国家乡村振兴局相关负责人就联合发布司法救助典型案例答记者问.md
NEW|sources/微信公号资料/最高人民检察院/最高检-答记者问-md/[2022-03-14]最高检第四检察厅负责人就发布检察机关依法惩治制售假冒伪劣商品犯罪典型案例答记.md|wiki/summaries/summary_20220314_最高人民检察院_答记者问_最高检第四检察厅负责人就发布检察机关依法惩治制售假冒伪劣商品犯罪典型案例答记.md
NEW|sources/微信公号资料/最高人民检察院/最高检-答记者问-md/[2022-03-15]加大食品药品安全公益诉讼办案力度依法保障人民群众舌尖上的安全.md|wiki/summaries/summary_20220315_最高人民检察院_答记者问_加大食品药品安全公益诉讼办案力度依法保障人民群众舌尖上的安全.md
NEW|sources/微信公号资料/最高人民检察院/最高检-答记者问-md/[2022-04-07]最高人民法院研究室最高人民检察院法律政策研究室负责人答记者问.md|wiki/summaries/summary_20220407_最高人民检察院_答记者问_最高人民法院研究室最高人民检察院法律政策研究室负责人答记者问.md
NEW|sources/微信公号资料/最高人民检察院/最高检-答记者问-md/[2022-04-14]为新时代检察事业高质量发展提供有力人才保证和智力支持.md|wiki/summaries/summary_20220414_最高人民检察院_答记者问_为新时代检察事业高质量发展提供有力人才保证和智力支持.md
NEW|sources/微信公号资料/最高人民检察院/最高检-答记者问-md/[2022-04-18]最高检第七检察厅负责人就第三十六批指导性案例答记者问.md|wiki/summaries/summary_20220418_最高人民检察院_答记者问_最高检第七检察厅负责人就第三十六批指导性案例答记者问.md
NEW|sources/微信公号资料/最高人民检察院/最高检-答记者问-md/[2022-04-21]最高检第四检察厅负责人就打击治理电信网络诈骗及关联犯罪典型案例答记者问.md|wiki/summaries/summary_20220421_最高人民检察院_答记者问_最高检第四检察厅负责人就打击治理电信网络诈骗及关联犯罪典型案例答记者问.md
NEW|sources/微信公号资料/最高人民检察院/最高检-答记者问-md/[2022-04-29]最高检公安部就修订后关于公安机关管辖的刑事案件立案追诉标准的规定二答记者问.md|wiki/summaries/summary_20220429_最高人民检察院_答记者问_最高检公安部就修订后关于公安机关管辖的刑事案件立案追诉标准的规定二答记者问.md
NEW|sources/微信公号资料/最高人民检察院/最高检-答记者问-md/[2022-05-11]两高相关部门负责人就最高人民法院最高人民检察院关于办理海洋自然资源与生态环境.md|wiki/summaries/summary_20220511_最高人民检察院_答记者问_两高相关部门负责人就最高人民法院最高人民检察院关于办理海洋自然资源与生态环境.md
NEW|sources/微信公号资料/最高人民检察院/最高检-答记者问-md/[2022-05-13]最高检中国残联有关部门负责人就残疾人权益保障检察公益诉讼典型案例答记者问.md|wiki/summaries/summary_20220513_最高人民检察院_答记者问_最高检中国残联有关部门负责人就残疾人权益保障检察公益诉讼典型案例答记者问.md
NEW|sources/微信公号资料/最高人民检察院/最高检-答记者问-md/[2022-05-16]最高检第七检察厅负责人就行政检察以我管促都管典型案例答记者问.md|wiki/summaries/summary_20220516_最高人民检察院_答记者问_最高检第七检察厅负责人就行政检察以我管促都管典型案例答记者问.md
NEW|sources/微信公号资料/最高人民检察院/最高检-答记者问-md/[2022-05-30]两高两部相关部门负责人就关于未成年人犯罪记录封存的实施办法答记者问.md|wiki/summaries/summary_20220530_最高人民检察院_答记者问_两高两部相关部门负责人就关于未成年人犯罪记录封存的实施办法答记者问.md
NEW|sources/微信公号资料/最高人民检察院/最高检-答记者问-md/[2022-06-17]依法从严惩治养老诈骗犯罪切实维护老年人合法权益.md|wiki/summaries/summary_20220617_最高人民检察院_答记者问_依法从严惩治养老诈骗犯罪切实维护老年人合法权益.md
NEW|sources/微信公号资料/最高人民检察院/最高检-答记者问-md/[2022-06-30]两高一部一局有关部门负责人就关于依法惩治妨害国边境管理违法犯罪的意见答记者问.md|wiki/summaries/summary_20220630_最高人民检察院_答记者问_两高一部一局有关部门负责人就关于依法惩治妨害国边境管理违法犯罪的意见答记者问.md
NEW|sources/微信公号资料/最高人民检察院/最高检-答记者问-md/[2022-07-15]最高检第六检察厅负责人就最高检第三十八批指导性案例答记者问.md|wiki/summaries/summary_20220715_最高人民检察院_答记者问_最高检第六检察厅负责人就最高检第三十八批指导性案例答记者问.md
NEW|sources/微信公号资料/最高人民检察院/最高检-答记者问-md/[2022-08-29]最高检第十检察厅负责人就第三十九批指导性案例答记者问.md|wiki/summaries/summary_20220829_最高人民检察院_答记者问_最高检第十检察厅负责人就第三十九批指导性案例答记者问.md
NEW|sources/微信公号资料/最高人民检察院/最高检-答记者问-md/[2022-09-05]最高人民法院最高人民检察院公安部国家文物局相关部门负责人就关于办理妨害文物管.md|wiki/summaries/summary_20220905_最高人民检察院_答记者问_最高人民法院最高人民检察院公安部国家文物局相关部门负责人就关于办理妨害文物管.md
NEW|sources/微信公号资料/最高人民检察院/最高检-答记者问-md/[2022-09-14]最高检第八检察厅负责人就典型案例答记者问.md|wiki/summaries/summary_20220914_最高人民检察院_答记者问_最高检第八检察厅负责人就典型案例答记者问.md
NEW|sources/微信公号资料/最高人民检察院/最高检-答记者问-md/[2022-09-21]两高两部有关负责人就关于取保候审若干问题的规定答记者问.md|wiki/summaries/summary_20220921_最高人民检察院_答记者问_两高两部有关负责人就关于取保候审若干问题的规定答记者问.md
NEW|sources/微信公号资料/最高人民检察院/最高检-答记者问-md/[2022-09-26]最高检第八检察厅负责人就第四十批指导性案例答记者问.md|wiki/summaries/summary_20220926_最高人民检察院_答记者问_最高检第八检察厅负责人就第四十批指导性案例答记者问.md
NEW|sources/微信公号资料/最高人民检察院/最高检-答记者问-md/[2022-10-13]最高检政治部有关负责人就新修订的检察官教育培训工作条例答记者问.md|wiki/summaries/summary_20221013_最高人民检察院_答记者问_最高检政治部有关负责人就新修订的检察官教育培训工作条例答记者问.md
NEW|sources/微信公号资料/最高人民检察院/最高检-答记者问-md/[2022-11-03]最高检第四检察厅负责人就发布检察机关惩治洗钱犯罪典型案例答记者问.md|wiki/summaries/summary_20221103_最高人民检察院_答记者问_最高检第四检察厅负责人就发布检察机关惩治洗钱犯罪典型案例答记者问.md
NEW|sources/微信公号资料/最高人民检察院/最高检-答记者问-md/[2022-11-07]最高检发布国财国土领域行政公益诉讼典型案例.md|wiki/summaries/summary_20221107_最高人民检察院_答记者问_最高检发布国财国土领域行政公益诉讼典型案例.md
NEW|sources/微信公号资料/最高人民检察院/最高检-答记者问-md/[2022-11-07]最高检第八检察厅负责人就国有财产保护国有土地使用权出让领域行政公益诉讼典型案.md|wiki/summaries/summary_20221107_最高人民检察院_答记者问_最高检第八检察厅负责人就国有财产保护国有土地使用权出让领域行政公益诉讼典型案.md
NEW|sources/微信公号资料/最高人民检察院/最高检-答记者问-md/[2022-11-11]最高检第一检察厅负责人就发布检察机关依法惩治盗采矿产资源犯罪典型案例答记者问.md|wiki/summaries/summary_20221111_最高人民检察院_答记者问_最高检第一检察厅负责人就发布检察机关依法惩治盗采矿产资源犯罪典型案例答记者问.md
NEW|sources/微信公号资料/最高人民检察院/最高检-答记者问-md/[2022-11-23]最高检第二检察厅负责人就检察机关落实七号检察建议典型案例答记者问.md|wiki/summaries/summary_20221123_最高人民检察院_答记者问_最高检第二检察厅负责人就检察机关落实七号检察建议典型案例答记者问.md
NEW|sources/微信公号资料/最高人民检察院/最高检-答记者问-md/[2022-11-25]最高检全国妇联有关负责人就妇女权益保障检察公益诉讼典型案例答记者问.md|wiki/summaries/summary_20221125_最高人民检察院_答记者问_最高检全国妇联有关负责人就妇女权益保障检察公益诉讼典型案例答记者问.md
NEW|sources/微信公号资料/最高人民检察院/最高检-答记者问-md/[2022-12-14]最高检第八检察厅有关负责人就药品安全公益诉讼典型案例答记者问.md|wiki/summaries/summary_20221214_最高人民检察院_答记者问_最高检第八检察厅有关负责人就药品安全公益诉讼典型案例答记者问.md
NEW|sources/微信公号资料/最高人民检察院/最高检-答记者问-md/[2022-12-15]最高人民法院最高人民检察院相关部门负责人就关于办理危害生产安全刑事案件适用法.md|wiki/summaries/summary_20221215_最高人民检察院_答记者问_最高人民法院最高人民检察院相关部门负责人就关于办理危害生产安全刑事案件适用法.md
NEW|sources/微信公号资料/最高人民检察院/最高检-答记者问-md/[2022-12-16]最高检第八检察厅有关负责人就安全生产领域检察公益诉讼典型案例答记者问.md|wiki/summaries/summary_20221216_最高人民检察院_答记者问_最高检第八检察厅有关负责人就安全生产领域检察公益诉讼典型案例答记者问.md
NEW|sources/微信公号资料/最高人民检察院/最高检-答记者问-md/[2022-12-20]最高检第八检察厅案件管理办公室负责人就人民监督员参与和监督检察公益诉讼办案活.md|wiki/summaries/summary_20221220_最高人民检察院_答记者问_最高检第八检察厅案件管理办公室负责人就人民监督员参与和监督检察公益诉讼办案活.md
NEW|sources/微信公号资料/最高人民检察院/最高检-答记者问-md/[2022-12-23]最高检第十检察厅负责人就院领导包案办理疑难复杂信访案件典型案例答记者问.md|wiki/summaries/summary_20221223_最高人民检察院_答记者问_最高检第十检察厅负责人就院领导包案办理疑难复杂信访案件典型案例答记者问.md
NEW|sources/微信公号资料/最高人民检察院/最高检-答记者问-md/[2022-12-30]最高检第一检察厅负责人就检察机关依法惩治涉网络黑恶犯罪典型案例答记者问.md|wiki/summaries/summary_20221230_最高人民检察院_答记者问_最高检第一检察厅负责人就检察机关依法惩治涉网络黑恶犯罪典型案例答记者问.md
NEW|sources/微信公号资料/最高人民检察院/最高检-答记者问-md/[2023-02-02]最高检第九检察厅负责人就发布大数据赋能未成年人检察监督典型案例答记者问.md|wiki/summaries/summary_20230202_最高人民检察院_答记者问_最高检第九检察厅负责人就发布大数据赋能未成年人检察监督典型案例答记者问.md
NEW|sources/微信公号资料/最高人民检察院/最高检-答记者问-md/[2023-02-25]最高检第九检察厅负责人就发布新兴业态治理未成年人保护检察公益诉讼典型案例答记.md|wiki/summaries/summary_20230225_最高人民检察院_答记者问_最高检第九检察厅负责人就发布新兴业态治理未成年人保护检察公益诉讼典型案例答记.md
NEW|sources/微信公号资料/最高人民检察院/最高检-答记者问-md/[2023-03-02]最高检第一检察厅公安部法制局有关负责人就关于依法妥善办理轻伤害案件的指导意见.md|wiki/summaries/summary_20230302_最高人民检察院_答记者问_最高检第一检察厅公安部法制局有关负责人就关于依法妥善办理轻伤害案件的指导意见.md
NEW|sources/微信公号资料/最高人民检察院/最高检-答记者问-md/[2023-03-08]最高人民检察院第十检察厅全国妇联权益部负责人就联合发布加强司法救助协作典型案.md|wiki/summaries/summary_20230308_最高人民检察院_答记者问_最高人民检察院第十检察厅全国妇联权益部负责人就联合发布加强司法救助协作典型案.md
NEW|sources/微信公号资料/最高人民检察院/最高检-答记者问-md/[2023-03-30]最高检第八检察厅负责人就个人信息保护检察公益诉讼典型案例答记者问.md|wiki/summaries/summary_20230330_最高人民检察院_答记者问_最高检第八检察厅负责人就个人信息保护检察公益诉讼典型案例答记者问.md
NEW|sources/微信公号资料/最高人民检察院/最高检-答记者问-md/[2023-04-21]最高检第八检察厅国家文物局督察司有关负责人就联合发布长城保护检察公益诉讼典型.md|wiki/summaries/summary_20230421_最高人民检察院_答记者问_最高检第八检察厅国家文物局督察司有关负责人就联合发布长城保护检察公益诉讼典型.md
NEW|sources/微信公号资料/最高人民检察院/最高检-答记者问-md/[2023-05-16]最高检第十检察厅负责人就发布大数据赋能类案司法救助典型案例答记者问.md|wiki/summaries/summary_20230516_最高人民检察院_答记者问_最高检第十检察厅负责人就发布大数据赋能类案司法救助典型案例答记者问.md
NEW|sources/微信公号资料/最高人民检察院/最高检-答记者问-md/[2023-05-25]相关负责人就惩处性侵害未成年人犯罪司法文件答记者问.md|wiki/summaries/summary_20230525_最高人民检察院_答记者问_相关负责人就惩处性侵害未成年人犯罪司法文件答记者问.md
NEW|sources/微信公号资料/最高人民检察院/最高检-答记者问-md/[2023-05-29]最高检公安部生态环境部相关部门负责人答记者问.md|wiki/summaries/summary_20230529_最高人民检察院_答记者问_最高检公安部生态环境部相关部门负责人答记者问.md
NEW|sources/微信公号资料/最高人民检察院/最高检-答记者问-md/[2023-06-06]检察公益诉讼协同推进中央生态环境保护督察整改典型案例答记者问.md|wiki/summaries/summary_20230606_最高人民检察院_答记者问_检察公益诉讼协同推进中央生态环境保护督察整改典型案例答记者问.md
NEW|sources/微信公号资料/最高人民检察院/最高检-答记者问-md/[2023-06-08]最高检政治部有关负责人就第五批全国检察业务专家评审工作答记者问.md|wiki/summaries/summary_20230608_最高人民检察院_答记者问_最高检政治部有关负责人就第五批全国检察业务专家评审工作答记者问.md
NEW|sources/微信公号资料/最高人民检察院/最高检-答记者问-md/[2023-06-13]最高检第四检察厅负责人就第四十四批指导性案例答记者问.md|wiki/summaries/summary_20230613_最高人民检察院_答记者问_最高检第四检察厅负责人就第四十四批指导性案例答记者问.md
NEW|sources/微信公号资料/最高人民检察院/最高检-答记者问-md/[2023-06-26]最高检第二检察厅负责人就检察机关惩治麻醉药品精神药品失管涉毒犯罪典型案例回答.md|wiki/summaries/summary_20230626_最高人民检察院_答记者问_最高检第二检察厅负责人就检察机关惩治麻醉药品精神药品失管涉毒犯罪典型案例回答.md
NEW|sources/微信公号资料/最高人民检察院/最高检-答记者问-md/[2023-06-28]最高检第八检察厅负责人就督促整治非法采矿检察公益诉讼典型案例答记者问.md|wiki/summaries/summary_20230628_最高人民检察院_答记者问_最高检第八检察厅负责人就督促整治非法采矿检察公益诉讼典型案例答记者问.md
NEW|sources/微信公号资料/最高人民检察院/最高检-答记者问-md/[2023-07-07]最高检第八检察厅负责人就生态环境保护检察公益诉讼典型案例答记者问.md|wiki/summaries/summary_20230707_最高人民检察院_答记者问_最高检第八检察厅负责人就生态环境保护检察公益诉讼典型案例答记者问.md
NEW|sources/微信公号资料/最高人民检察院/最高检-答记者问-md/[2023-07-17]无障碍环境建设法中为何引入检察公益诉讼制度解读来了.md|wiki/summaries/summary_20230717_最高人民检察院_答记者问_无障碍环境建设法中为何引入检察公益诉讼制度解读来了.md
NEW|sources/微信公号资料/最高人民检察院/最高检-答记者问-md/[2023-07-26]最高检案管办负责人就2023年1至6月全国检察机关主要办案数据答记者问.md|wiki/summaries/summary_20230726_最高人民检察院_答记者问_最高检案管办负责人就2023年1至6月全国检察机关主要办案数据答记者问.md
NEW|sources/微信公号资料/最高人民检察院/最高检-答记者问-md/[2023-08-03]最高检第八检察厅负责人就第四十六批指导性案例答记者问.md|wiki/summaries/summary_20230803_最高人民检察院_答记者问_最高检第八检察厅负责人就第四十六批指导性案例答记者问.md
NEW|sources/微信公号资料/最高人民检察院/最高检-答记者问-md/[2023-08-10]最高检第八检察厅国家疾控局有关负责人就抗抑菌制剂非法添加专项监督典型案例答记.md|wiki/summaries/summary_20230810_最高人民检察院_答记者问_最高检第八检察厅国家疾控局有关负责人就抗抑菌制剂非法添加专项监督典型案例答记.md
NEW|sources/微信公号资料/最高人民检察院/最高检-答记者问-md/[2023-08-15]两高相关部门负责人就生态环境保护检察公益诉讼典型案例答记者问.md|wiki/summaries/summary_20230815_最高人民检察院_答记者问_两高相关部门负责人就生态环境保护检察公益诉讼典型案例答记者问.md
NEW|sources/微信公号资料/最高人民检察院/最高检-答记者问-md/[2023-08-22]最高检第三检察厅负责人就第四十七批指导性案例答记者问.md|wiki/summaries/summary_20230822_最高人民检察院_答记者问_最高检第三检察厅负责人就第四十七批指导性案例答记者问.md
NEW|sources/微信公号资料/最高人民检察院/最高检-答记者问-md/[2023-09-04]最高检第八检察厅负责人就检察公益诉讼助力流域生态环境保护治理典型案例答记者问.md|wiki/summaries/summary_20230904_最高人民检察院_答记者问_最高检第八检察厅负责人就检察公益诉讼助力流域生态环境保护治理典型案例答记者问.md
NEW|sources/微信公号资料/最高人民检察院/最高检-答记者问-md/[2023-09-06]最高检民政部中国残联相关负责人就维护残疾人合法权益行政检察典型案例答记者问.md|wiki/summaries/summary_20230906_最高人民检察院_答记者问_最高检民政部中国残联相关负责人就维护残疾人合法权益行政检察典型案例答记者问.md
NEW|sources/微信公号资料/最高人民检察院/最高检-答记者问-md/[2023-09-15]最高检知识产权检察办公室负责人就第四十八批指导性案例答记者问.md|wiki/summaries/summary_20230915_最高人民检察院_答记者问_最高检知识产权检察办公室负责人就第四十八批指导性案例答记者问.md
NEW|sources/微信公号资料/最高人民检察院/最高检-答记者问-md/[2023-11-01]最高检全国妇联相关部门负责人就维护农村妇女涉土地合法权益行政检察典型案例答记.md|wiki/summaries/summary_20231101_最高人民检察院_答记者问_最高检全国妇联相关部门负责人就维护农村妇女涉土地合法权益行政检察典型案例答记.md
NEW|sources/微信公号资料/最高人民检察院/最高检-答记者问-md/[2023-11-06]最高检第五检察厅负责人就第四十九批指导性案例答记者问.md|wiki/summaries/summary_20231106_最高人民检察院_答记者问_最高检第五检察厅负责人就第四十九批指导性案例答记者问.md
NEW|sources/微信公号资料/最高人民检察院/最高检-答记者问-md/[2023-12-13]两高相关部门负责人就行政公益诉讼典型案例答记者问.md|wiki/summaries/summary_20231213_最高人民检察院_答记者问_两高相关部门负责人就行政公益诉讼典型案例答记者问.md
NEW|sources/微信公号资料/最高人民检察院/最高检-答记者问-md/[2023-12-18]两高两部相关部门负责人就发布关于办理醉酒危险驾驶刑事案件的意见答记者问.md|wiki/summaries/summary_20231218_最高人民检察院_答记者问_两高两部相关部门负责人就发布关于办理醉酒危险驾驶刑事案件的意见答记者问.md
NEW|sources/微信公号资料/最高人民检察院/最高检-答记者问-md/[2023-12-19]最高检政治部有关负责人就检察教育培训规划答记者问.md|wiki/summaries/summary_20231219_最高人民检察院_答记者问_最高检政治部有关负责人就检察教育培训规划答记者问.md
NEW|sources/微信公号资料/最高人民检察院/最高检-答记者问-md/[2023-12-22]最高检第一检察厅负责人就发布依法惩治拒不支付劳动报酬犯罪典型案例答记者问.md|wiki/summaries/summary_20231222_最高人民检察院_答记者问_最高检第一检察厅负责人就发布依法惩治拒不支付劳动报酬犯罪典型案例答记者问.md
NEW|sources/微信公号资料/最高人民检察院/最高检-答记者问-md/[2023-12-27]最高检国家外汇局相关部门负责人就发布惩治涉外汇违法犯罪典型案例答记者问.md|wiki/summaries/summary_20231227_最高人民检察院_答记者问_最高检国家外汇局相关部门负责人就发布惩治涉外汇违法犯罪典型案例答记者问.md
NEW|sources/微信公号资料/最高人民检察院/最高检-答记者问-md/[2023-12-27]最高检第八检察厅负责人就文物和文化遗产保护检察公益诉讼典型案例答记者问.md|wiki/summaries/summary_20231227_最高人民检察院_答记者问_最高检第八检察厅负责人就文物和文化遗产保护检察公益诉讼典型案例答记者问.md
NEW|sources/微信公号资料/最高人民检察院/最高检-答记者问-md/[2023-12-28]最高检第八检察厅负责人就生物多样性保护检察公益诉讼典型案例答记者问.md|wiki/summaries/summary_20231228_最高人民检察院_答记者问_最高检第八检察厅负责人就生物多样性保护检察公益诉讼典型案例答记者问.md
NEW|sources/微信公号资料/最高人民检察院/最高检-答记者问-md/[2024-01-30]最高检第六检察厅负责人就贯彻实施民法典典型案例第二批答记者问.md|wiki/summaries/summary_20240130_最高人民检察院_答记者问_最高检第六检察厅负责人就贯彻实施民法典典型案例第二批答记者问.md
NEW|sources/微信公号资料/最高人民检察院/最高检-答记者问-md/[2024-03-06]最高检法律政策研究室负责人就检察机关依法能动履职推动社会主义核心价值观融入法.md|wiki/summaries/summary_20240306_最高人民检察院_答记者问_最高检法律政策研究室负责人就检察机关依法能动履职推动社会主义核心价值观融入法.md
NEW|sources/微信公号资料/最高人民检察院/最高检-答记者问-md/[2024-03-14]最高检第四检察厅知识产权检察办公室负责人就检察机关依法惩治制售假冒伪劣商品犯.md|wiki/summaries/summary_20240314_最高人民检察院_答记者问_最高检第四检察厅知识产权检察办公室负责人就检察机关依法惩治制售假冒伪劣商品犯.md
NEW|sources/微信公号资料/最高人民检察院/最高检-答记者问-md/[2024-03-15]最高检第八检察厅负责人就315消费者权益保护检察公益诉讼典型案例答记者问.md|wiki/summaries/summary_20240315_最高人民检察院_答记者问_最高检第八检察厅负责人就315消费者权益保护检察公益诉讼典型案例答记者问.md
NEW|sources/微信公号资料/最高人民检察院/最高检-答记者问-md/[2024-04-23]加强噪声污染防治公益诉讼守护人民群众宁静生活.md|wiki/summaries/summary_20240423_最高人民检察院_答记者问_加强噪声污染防治公益诉讼守护人民群众宁静生活.md
NEW|sources/微信公号资料/最高人民检察院/最高检-答记者问-md/[2024-05-07]最高检全国总工会相关部门负责人就充分发挥行政检察监督职能助力根治欠薪典型案例.md|wiki/summaries/summary_20240507_最高人民检察院_答记者问_最高检全国总工会相关部门负责人就充分发挥行政检察监督职能助力根治欠薪典型案例.md
NEW|sources/微信公号资料/最高人民检察院/最高检-答记者问-md/[2024-06-07]最高检第十检察厅负责人就第一批涉民生控告申诉检察典型案例答记者问.md|wiki/summaries/summary_20240607_最高人民检察院_答记者问_最高检第十检察厅负责人就第一批涉民生控告申诉检察典型案例答记者问.md
NEW|sources/微信公号资料/最高人民检察院/最高检-答记者问-md/[2024-06-08]最高检第八检察厅负责人就文物和文化遗产保护检察公益诉讼典型案例答记者问.md|wiki/summaries/summary_20240608_最高人民检察院_答记者问_最高检第八检察厅负责人就文物和文化遗产保护检察公益诉讼典型案例答记者问.md
NEW|sources/微信公号资料/最高人民检察院/最高检-答记者问-md/[2024-06-21]最高检重大犯罪检察厅负责人就惩治涉麻精药品等成瘾性物质滥用犯罪典型案例答记者.md|wiki/summaries/summary_20240621_最高人民检察院_答记者问_最高检重大犯罪检察厅负责人就惩治涉麻精药品等成瘾性物质滥用犯罪典型案例答记者.md
NEW|sources/微信公号资料/最高人民检察院/最高检-答记者问-md/[2024-07-25]最高检政治部负责人就关于进一步加强人民检察院检察官助理管理工作的意见答记者问.md|wiki/summaries/summary_20240725_最高人民检察院_答记者问_最高检政治部负责人就关于进一步加强人民检察院检察官助理管理工作的意见答记者问.md
NEW|sources/微信公号资料/最高人民检察院/最高检-答记者问-md/[2024-08-06]最高检案管办负责人就2024年1月至6月全国检察机关主要办案数据答记者问.md|wiki/summaries/summary_20240806_最高人民检察院_答记者问_最高检案管办负责人就2024年1月至6月全国检察机关主要办案数据答记者问.md
NEW|sources/微信公号资料/最高人民检察院/最高检-答记者问-md/[2024-08-15]最高检公益诉讼检察厅负责人就高质效办好每一个公益诉讼案件服务经济社会发展全面.md|wiki/summaries/summary_20240815_最高人民检察院_答记者问_最高检公益诉讼检察厅负责人就高质效办好每一个公益诉讼案件服务经济社会发展全面.md
NEW|sources/微信公号资料/最高人民检察院/最高检-答记者问-md/[2024-09-25]两高相关部门负责人就联合发布依法严惩危害食用农产品安全犯罪典型案例答记者问.md|wiki/summaries/summary_20240925_最高人民检察院_答记者问_两高相关部门负责人就联合发布依法严惩危害食用农产品安全犯罪典型案例答记者问.md
NEW|sources/微信公号资料/最高人民检察院/最高检-答记者问-md/[2024-12-01]最高检经济犯罪检察厅公安部刑事侦查局有关负责人就联合挂牌督办第四批特大跨境电.md|wiki/summaries/summary_20241201_最高人民检察院_答记者问_最高检经济犯罪检察厅公安部刑事侦查局有关负责人就联合挂牌督办第四批特大跨境电.md
NEW|sources/微信公号资料/最高人民检察院/最高检-答记者问-md/[2024-12-12]强化伤害类案件技术性证据实质审查进一步提升伤害类案件审查办理质效.md|wiki/summaries/summary_20241212_最高人民检察院_答记者问_强化伤害类案件技术性证据实质审查进一步提升伤害类案件审查办理质效.md
NEW|sources/微信公号资料/最高人民检察院/最高检-答记者问-md/[2024-12-23]最高检中国侨联有关部门负责人就最高人民检察院中华全国归国华侨联合会关于加强新.md|wiki/summaries/summary_20241223_最高人民检察院_答记者问_最高检中国侨联有关部门负责人就最高人民检察院中华全国归国华侨联合会关于加强新.md
NEW|sources/微信公号资料/最高人民检察院/最高检-答记者问-md/[2024-12-25]检察机关依法惩治新闻敲诈和假新闻犯罪典型案例答记者问.md|wiki/summaries/summary_20241225_最高人民检察院_答记者问_检察机关依法惩治新闻敲诈和假新闻犯罪典型案例答记者问.md
NEW|sources/微信公号资料/最高人民检察院/最高检-答记者问-md/[2025-02-25]最高检政治部负责人就关于加强新时代检察机关与高等学校合作的意见答记者问.md|wiki/summaries/summary_20250225_最高人民检察院_答记者问_最高检政治部负责人就关于加强新时代检察机关与高等学校合作的意见答记者问.md
NEW|sources/微信公号资料/最高人民检察院/最高检-答记者问-md/[2025-03-01]最高检公益诉讼检察厅负责人就第五十七批指导性案例答记者问.md|wiki/summaries/summary_20250301_最高人民检察院_答记者问_最高检公益诉讼检察厅负责人就第五十七批指导性案例答记者问.md
NEW|sources/微信公号资料/最高人民检察院/最高检-答记者问-md/[2025-03-13]最高检民事检察厅负责人就第五十六批指导性案例答记者问.md|wiki/summaries/summary_20250313_最高人民检察院_答记者问_最高检民事检察厅负责人就第五十六批指导性案例答记者问.md
NEW|sources/微信公号资料/最高人民检察院/最高检-答记者问-md/[2025-04-18]最高检公益诉讼检察厅负责人就特种设备安全生产检察公益诉讼典型案例答记者问.md|wiki/summaries/summary_20250418_最高人民检察院_答记者问_最高检公益诉讼检察厅负责人就特种设备安全生产检察公益诉讼典型案例答记者问.md
NEW|sources/微信公号资料/最高人民检察院/最高检-答记者问-md/[2025-04-24]两高相关部门负责人就知识产权刑事司法解释答记者问.md|wiki/summaries/summary_20250424_最高人民检察院_答记者问_两高相关部门负责人就知识产权刑事司法解释答记者问.md
NEW|sources/微信公号资料/最高人民检察院/最高检-答记者问-md/[2025-05-06]最高检行政检察厅负责人就第五十八批指导性案例答记者问.md|wiki/summaries/summary_20250506_最高人民检察院_答记者问_最高检行政检察厅负责人就第五十八批指导性案例答记者问.md
NEW|sources/微信公号资料/最高人民检察院/最高检-答记者问-md/[2025-05-08]最高检国家外汇管理局有关部门负责人就外汇领域行刑反向衔接典型案例答记者问.md|wiki/summaries/summary_20250508_最高人民检察院_答记者问_最高检国家外汇管理局有关部门负责人就外汇领域行刑反向衔接典型案例答记者问.md
NEW|sources/微信公号资料/最高人民检察院/最高检-答记者问-md/[2025-06-05]最高检公益诉讼检察厅负责人就生态环境和资源保护检察公益诉讼起诉典型案例答记者.md|wiki/summaries/summary_20250605_最高人民检察院_答记者问_最高检公益诉讼检察厅负责人就生态环境和资源保护检察公益诉讼起诉典型案例答记者.md
NEW|sources/微信公号资料/最高人民检察院/最高检-答记者问-md/[2025-06-14]最高检公益诉讼检察厅负责人就文物和文化遗产保护检察公益诉讼典型案例答记者问.md|wiki/summaries/summary_20250614_最高人民检察院_答记者问_最高检公益诉讼检察厅负责人就文物和文化遗产保护检察公益诉讼典型案例答记者问.md
NEW|sources/微信公号资料/最高人民检察院/最高检-答记者问-md/[2025-08-15]最高检公益诉讼检察厅生态环境部法规与标准司负责人就生态环境损害赔偿与检察公益.md|wiki/summaries/summary_20250815_最高人民检察院_答记者问_最高检公益诉讼检察厅生态环境部法规与标准司负责人就生态环境损害赔偿与检察公益.md
NEW|sources/微信公号资料/最高人民检察院/最高检-答记者问-md/[2025-09-11]最高检普通犯罪检察厅负责人就伤害类案件技术性证据实质审查典型案例答记者问.md|wiki/summaries/summary_20250911_最高人民检察院_答记者问_最高检普通犯罪检察厅负责人就伤害类案件技术性证据实质审查典型案例答记者问.md
NEW|sources/微信公号资料/最高人民检察院/最高检-答记者问-md/[2025-09-17]最高检民政部中国残联相关司局负责人就无障碍和适老化检察公益诉讼典型案例答记者.md|wiki/summaries/summary_20250917_最高人民检察院_答记者问_最高检民政部中国残联相关司局负责人就无障碍和适老化检察公益诉讼典型案例答记者.md
NEW|sources/微信公号资料/最高人民检察院/最高检-答记者问-md/[2025-09-25]最高检控告申诉检察厅农业农村部法规司负责人就联合发布司法救助助力推进乡村全面.md|wiki/summaries/summary_20250925_最高人民检察院_答记者问_最高检控告申诉检察厅农业农村部法规司负责人就联合发布司法救助助力推进乡村全面.md
NEW|sources/微信公号资料/最高人民检察院/最高检-答记者问-md/[2025-12-08]最高检案件管理办公室司法部律师工作局负责人就理解适用依法保障律师阅卷权利工作.md|wiki/summaries/summary_20251208_最高人民检察院_答记者问_最高检案件管理办公室司法部律师工作局负责人就理解适用依法保障律师阅卷权利工作.md
NEW|sources/微信公号资料/最高人民检察院/最高检-违规异地执法和趋利性执法司法专项监督-md/[2025-03-26]最高检部署开展违规异地执法和趋利性执法司法专项监督.md|wiki/summaries/summary_20250326_最高人民检察院_违规异地执法和趋利性执法司法专项监督_最高检部署开展违规异地执法和趋利性执法司法专项监督.md
NEW|sources/微信公号资料/最高人民检察院/最高检-违规异地执法和趋利性执法司法专项监督-md/[2025-04-08]12309中国检察网设立涉企违规异地执法和趋利性执法司法专项监督专区.md|wiki/summaries/summary_20250408_最高人民检察院_违规异地执法和趋利性执法司法专项监督_12309中国检察网设立涉企违规异地执法和趋利性执法司法专项监督专区.md
NEW|sources/微信公号资料/最高人民检察院/最高检-违规异地执法和趋利性执法司法专项监督-md/[2025-04-08]经济日报最高检部署开展涉企执法司法专项监督.md|wiki/summaries/summary_20250408_最高人民检察院_违规异地执法和趋利性执法司法专项监督_经济日报最高检部署开展涉企执法司法专项监督.md
NEW|sources/微信公号资料/最高人民检察院/最高检-违规异地执法和趋利性执法司法专项监督-md/[2025-04-08]陕西清单式台账化管理推进专项监督扎实开展.md|wiki/summaries/summary_20250408_最高人民检察院_违规异地执法和趋利性执法司法专项监督_陕西清单式台账化管理推进专项监督扎实开展.md
NEW|sources/微信公号资料/最高人民检察院/最高检-违规异地执法和趋利性执法司法专项监督-md/[2025-04-09]中国青年报12309中国检察网设立趋利性执法司法专项监督专区专人负责线索筛查.md|wiki/summaries/summary_20250409_最高人民检察院_违规异地执法和趋利性执法司法专项监督_中国青年报12309中国检察网设立趋利性执法司法专项监督专区专人负责线索筛查.md
NEW|sources/微信公号资料/最高人民检察院/最高检-违规异地执法和趋利性执法司法专项监督-md/[2025-04-09]央广中国之声涉企违规异地执法和趋利性执法司法专项监督专区设立.md|wiki/summaries/summary_20250409_最高人民检察院_违规异地执法和趋利性执法司法专项监督_央广中国之声涉企违规异地执法和趋利性执法司法专项监督专区设立.md
NEW|sources/微信公号资料/最高人民检察院/最高检-违规异地执法和趋利性执法司法专项监督-md/[2025-04-09]央视新闻最高检设立涉企执法专项监督专区10类诉求事项可向检察机关反映.md|wiki/summaries/summary_20250409_最高人民检察院_违规异地执法和趋利性执法司法专项监督_央视新闻最高检设立涉企执法专项监督专区10类诉求事项可向检察机关反映.md
NEW|sources/微信公号资料/最高人民检察院/最高检-违规异地执法和趋利性执法司法专项监督-md/[2025-04-09]新华社发现涉企违规异地执法等线索可以这样向检察机关反映.md|wiki/summaries/summary_20250409_最高人民检察院_违规异地执法和趋利性执法司法专项监督_新华社发现涉企违规异地执法等线索可以这样向检察机关反映.md
NEW|sources/微信公号资料/最高人民检察院/最高检-违规异地执法和趋利性执法司法专项监督-md/[2025-04-09]法治日报12309中国检察网设立涉企违规异地执法和趋利性执法司法专项监督专区.md|wiki/summaries/summary_20250409_最高人民检察院_违规异地执法和趋利性执法司法专项监督_法治日报12309中国检察网设立涉企违规异地执法和趋利性执法司法专项监督专区.md
NEW|sources/微信公号资料/最高人民检察院/最高检-违规异地执法和趋利性执法司法专项监督-md/[2025-04-13]四川运用法律监督模型清理涉企刑事挂案.md|wiki/summaries/summary_20250413_最高人民检察院_违规异地执法和趋利性执法司法专项监督_四川运用法律监督模型清理涉企刑事挂案.md
NEW|sources/微信公号资料/最高人民检察院/最高检-违规异地执法和趋利性执法司法专项监督-md/[2025-04-13]资金解冻后康复医院回归正轨.md|wiki/summaries/summary_20250413_最高人民检察院_违规异地执法和趋利性执法司法专项监督_资金解冻后康复医院回归正轨.md
NEW|sources/微信公号资料/最高人民检察院/最高检-违规异地执法和趋利性执法司法专项监督-md/[2025-04-21]贵州务实举措优化法治化营商环境.md|wiki/summaries/summary_20250421_最高人民检察院_违规异地执法和趋利性执法司法专项监督_贵州务实举措优化法治化营商环境.md
NEW|sources/微信公号资料/最高人民检察院/最高检-违规异地执法和趋利性执法司法专项监督-md/[2025-04-24]人民日报让趋利性执法司法无处遁形.md|wiki/summaries/summary_20250424_最高人民检察院_违规异地执法和趋利性执法司法专项监督_人民日报让趋利性执法司法无处遁形.md
NEW|sources/微信公号资料/最高人民检察院/最高检-违规异地执法和趋利性执法司法专项监督-md/[2025-04-25]安徽推动治理小过重罚重过小罚以罚代管等问题.md|wiki/summaries/summary_20250425_最高人民检察院_违规异地执法和趋利性执法司法专项监督_安徽推动治理小过重罚重过小罚以罚代管等问题.md
NEW|sources/微信公号资料/最高人民检察院/最高检-违规异地执法和趋利性执法司法专项监督-md/[2025-05-06]售卖26元过期食品被罚1万元.md|wiki/summaries/summary_20250506_最高人民检察院_违规异地执法和趋利性执法司法专项监督_售卖26元过期食品被罚1万元.md
NEW|sources/微信公号资料/最高人民检察院/最高检-违规异地执法和趋利性执法司法专项监督-md/[2025-05-13]云南突出问题导向提出32条具体措施.md|wiki/summaries/summary_20250513_最高人民检察院_违规异地执法和趋利性执法司法专项监督_云南突出问题导向提出32条具体措施.md
NEW|sources/微信公号资料/最高人民检察院/最高检-违规异地执法和趋利性执法司法专项监督-md/[2025-05-16]福建出台20条举措强化涉企执法司法专项监督.md|wiki/summaries/summary_20250516_最高人民检察院_违规异地执法和趋利性执法司法专项监督_福建出台20条举措强化涉企执法司法专项监督.md
NEW|sources/微信公号资料/最高人民检察院/最高检-违规异地执法和趋利性执法司法专项监督-md/[2025-05-23]国新办专项行动已为企业挽回损失9000余万元.md|wiki/summaries/summary_20250523_最高人民检察院_违规异地执法和趋利性执法司法专项监督_国新办专项行动已为企业挽回损失9000余万元.md
NEW|sources/微信公号资料/最高人民检察院/最高检-违规异地执法和趋利性执法司法专项监督-md/[2025-05-24]电梯未贴年检标被罚1万元重不重.md|wiki/summaries/summary_20250524_最高人民检察院_违规异地执法和趋利性执法司法专项监督_电梯未贴年检标被罚1万元重不重.md
NEW|sources/微信公号资料/最高人民检察院/最高检-违规异地执法和趋利性执法司法专项监督-md/[2025-05-27]宁夏建立涉企刑事挂案清理常态化机制.md|wiki/summaries/summary_20250527_最高人民检察院_违规异地执法和趋利性执法司法专项监督_宁夏建立涉企刑事挂案清理常态化机制.md
NEW|sources/微信公号资料/最高人民检察院/最高检-违规异地执法和趋利性执法司法专项监督-md/[2025-06-06]福建督导违规异地执法和趋利性执法司法专项监督工作.md|wiki/summaries/summary_20250606_最高人民检察院_违规异地执法和趋利性执法司法专项监督_福建督导违规异地执法和趋利性执法司法专项监督工作.md
NEW|sources/微信公号资料/最高人民检察院/最高检-违规异地执法和趋利性执法司法专项监督-md/[2025-06-13]儿子起诉父亲的公司反常之处引起检察官警觉.md|wiki/summaries/summary_20250613_最高人民检察院_违规异地执法和趋利性执法司法专项监督_儿子起诉父亲的公司反常之处引起检察官警觉.md
NEW|sources/微信公号资料/最高人民检察院/最高检-违规异地执法和趋利性执法司法专项监督-md/[2025-06-16]云南对重点案件实行三级检察长共同包案.md|wiki/summaries/summary_20250616_最高人民检察院_违规异地执法和趋利性执法司法专项监督_云南对重点案件实行三级检察长共同包案.md
NEW|sources/微信公号资料/最高人民检察院/最高检-违规异地执法和趋利性执法司法专项监督-md/[2025-06-24]小店遇到大麻烦.md|wiki/summaries/summary_20250624_最高人民检察院_违规异地执法和趋利性执法司法专项监督_小店遇到大麻烦.md
NEW|sources/微信公号资料/最高人民检察院/最高检-违规异地执法和趋利性执法司法专项监督-md/[2025-07-04]安徽线索收集核查与案件办理纠治并重.md|wiki/summaries/summary_20250704_最高人民检察院_违规异地执法和趋利性执法司法专项监督_安徽线索收集核查与案件办理纠治并重.md
NEW|sources/微信公号资料/最高人民检察院/最高检-违规异地执法和趋利性执法司法专项监督-md/[2025-07-23]账户解冻后公司经营重回正轨.md|wiki/summaries/summary_20250723_最高人民检察院_违规异地执法和趋利性执法司法专项监督_账户解冻后公司经营重回正轨.md
NEW|sources/微信公号资料/最高人民检察院/最高检-违规异地执法和趋利性执法司法专项监督-md/[2025-07-27]百万元房产不该被超标查封.md|wiki/summaries/summary_20250727_最高人民检察院_违规异地执法和趋利性执法司法专项监督_百万元房产不该被超标查封.md
NEW|sources/微信公号资料/最高人民检察院/最高检-违规异地执法和趋利性执法司法专项监督-md/[2025-08-08]全链条打击串通招投标领域犯罪.md|wiki/summaries/summary_20250808_最高人民检察院_违规异地执法和趋利性执法司法专项监督_全链条打击串通招投标领域犯罪.md
NEW|sources/微信公号资料/最高人民检察院/最高检-违规异地执法和趋利性执法司法专项监督-md/[2025-08-13]针对查扣冻解除不及时打出执行监督组合拳.md|wiki/summaries/summary_20250813_最高人民检察院_违规异地执法和趋利性执法司法专项监督_针对查扣冻解除不及时打出执行监督组合拳.md
NEW|sources/微信公号资料/最高人民检察院/最高检-违规异地执法和趋利性执法司法专项监督-md/[2025-09-12]最高检普通犯罪检察厅举办加强和规范立案和侦查活动监督专题研修班.md|wiki/summaries/summary_20250912_最高人民检察院_违规异地执法和趋利性执法司法专项监督_最高检普通犯罪检察厅举办加强和规范立案和侦查活动监督专题研修班.md
NEW|sources/微信公号资料/最高人民检察院/最高检-违规异地执法和趋利性执法司法专项监督-md/[2025-09-15]错发的协助执行通知书撤销了.md|wiki/summaries/summary_20250915_最高人民检察院_违规异地执法和趋利性执法司法专项监督_错发的协助执行通知书撤销了.md
NEW|sources/微信公号资料/最高人民检察院/最高检-违规异地执法和趋利性执法司法专项监督-md/[2025-09-16]关键少数带头攻坚办案难题.md|wiki/summaries/summary_20250916_最高人民检察院_违规异地执法和趋利性执法司法专项监督_关键少数带头攻坚办案难题.md
NEW|sources/微信公号资料/最高人民检察院/最高检-违规异地执法和趋利性执法司法专项监督-md/[2025-11-06]帮凶帽子摘掉企业账户顺利解封.md|wiki/summaries/summary_20251106_最高人民检察院_违规异地执法和趋利性执法司法专项监督_帮凶帽子摘掉企业账户顺利解封.md
NEW|sources/微信公号资料/最高人民检察院/最高检-违规异地执法和趋利性执法司法专项监督-md/[2025-11-25]最高检党组会听取违规异地执法和趋利性执法司法专项监督工作情况报告.md|wiki/summaries/summary_20251125_最高人民检察院_违规异地执法和趋利性执法司法专项监督_最高检党组会听取违规异地执法和趋利性执法司法专项监督工作情况报告.md
NEW|sources/微信公号资料/最高人民检察院/最高检-违规异地执法和趋利性执法司法专项监督-md/[2025-11-28]如果不是检察机关及时纠错企业的9010万元资金可能还被冻结着.md|wiki/summaries/summary_20251128_最高人民检察院_违规异地执法和趋利性执法司法专项监督_如果不是检察机关及时纠错企业的9010万元资金可能还被冻结着.md
NEW|sources/微信公号资料/最高人民检察院/最高检-违规异地执法和趋利性执法司法专项监督-md/[2025-12-03]8万元罚款为何能减至2万元.md|wiki/summaries/summary_20251203_最高人民检察院_违规异地执法和趋利性执法司法专项监督_8万元罚款为何能减至2万元.md
NEW|sources/微信公号资料/最高人民检察院/最高检-违规异地执法和趋利性执法司法专项监督-md/[2025-12-18]纠治小过重罚42万元罚款降到4万元.md|wiki/summaries/summary_20251218_最高人民检察院_违规异地执法和趋利性执法司法专项监督_纠治小过重罚42万元罚款降到4万元.md
NEW|sources/微信公号资料/最高人民检察院/最高检-高质效办好每一个案件-md/[2023-03-23]在高质效办好每一个案件中践行人民至上.md|wiki/summaries/summary_20230323_最高人民检察院_高质效办好每一个案件_在高质效办好每一个案件中践行人民至上.md
NEW|sources/微信公号资料/最高人民检察院/最高检-高质效办好每一个案件-md/[2023-03-31]高质效办好每一个民事诉讼监督案件.md|wiki/summaries/summary_20230331_最高人民检察院_高质效办好每一个案件_高质效办好每一个民事诉讼监督案件.md
NEW|sources/微信公号资料/最高人民检察院/最高检-高质效办好每一个案件-md/[2023-04-03]高质效办好每一个案件推动实现更高层次公平正义.md|wiki/summaries/summary_20230403_最高人民检察院_高质效办好每一个案件_高质效办好每一个案件推动实现更高层次公平正义.md
NEW|sources/微信公号资料/最高人民检察院/最高检-高质效办好每一个案件-md/[2023-04-04]离最后的入职期限越来越近焦急万分的小小向检察院求助.md|wiki/summaries/summary_20230404_最高人民检察院_高质效办好每一个案件_离最后的入职期限越来越近焦急万分的小小向检察院求助.md
NEW|sources/微信公号资料/最高人民检察院/最高检-高质效办好每一个案件-md/[2023-04-20]淬炼三重境界提升办案质效.md|wiki/summaries/summary_20230420_最高人民检察院_高质效办好每一个案件_淬炼三重境界提升办案质效.md
NEW|sources/微信公号资料/最高人民检察院/最高检-高质效办好每一个案件-md/[2023-05-09]溯源定损民事公益诉讼追偿隐形环境损害.md|wiki/summaries/summary_20230509_最高人民检察院_高质效办好每一个案件_溯源定损民事公益诉讼追偿隐形环境损害.md
NEW|sources/微信公号资料/最高人民检察院/最高检-高质效办好每一个案件-md/[2023-05-11]进口牛肉改换中文包装对外销售.md|wiki/summaries/summary_20230511_最高人民检察院_高质效办好每一个案件_进口牛肉改换中文包装对外销售.md
NEW|sources/微信公号资料/最高人民检察院/最高检-高质效办好每一个案件-md/[2023-05-12]上海杨浦商场超市盗窃犯罪大幅下降.md|wiki/summaries/summary_20230512_最高人民检察院_高质效办好每一个案件_上海杨浦商场超市盗窃犯罪大幅下降.md
NEW|sources/微信公号资料/最高人民检察院/最高检-高质效办好每一个案件-md/[2023-05-12]高质效办好每一个刑事申诉案件让人民群众感受到公平正义就在身边.md|wiki/summaries/summary_20230512_最高人民检察院_高质效办好每一个案件_高质效办好每一个刑事申诉案件让人民群众感受到公平正义就在身边.md
NEW|sources/微信公号资料/最高人民检察院/最高检-高质效办好每一个案件-md/[2023-05-15]被判从业禁止还办辅导班取缔.md|wiki/summaries/summary_20230515_最高人民检察院_高质效办好每一个案件_被判从业禁止还办辅导班取缔.md
NEW|sources/微信公号资料/最高人民检察院/最高检-高质效办好每一个案件-md/[2023-05-19]高质效办好每一个刑事执行检察案件.md|wiki/summaries/summary_20230519_最高人民检察院_高质效办好每一个案件_高质效办好每一个刑事执行检察案件.md
NEW|sources/微信公号资料/最高人民检察院/最高检-高质效办好每一个案件-md/[2023-05-23]三个善于对高质效办案具有重要指引作用.md|wiki/summaries/summary_20230523_最高人民检察院_高质效办好每一个案件_三个善于对高质效办案具有重要指引作用.md
NEW|sources/微信公号资料/最高人民检察院/最高检-高质效办好每一个案件-md/[2023-05-31]高质效办案的内涵与实现路径.md|wiki/summaries/summary_20230531_最高人民检察院_高质效办好每一个案件_高质效办案的内涵与实现路径.md
NEW|sources/微信公号资料/最高人民检察院/最高检-高质效办好每一个案件-md/[2023-06-01]高质效办好每一个案件的三个维度.md|wiki/summaries/summary_20230601_最高人民检察院_高质效办好每一个案件_高质效办好每一个案件的三个维度.md
NEW|sources/微信公号资料/最高人民检察院/最高检-高质效办好每一个案件-md/[2023-06-02]主题教育进行时抓好理念机制能力建设高质效办好每一个案件.md|wiki/summaries/summary_20230602_最高人民检察院_高质效办好每一个案件_主题教育进行时抓好理念机制能力建设高质效办好每一个案件.md
NEW|sources/微信公号资料/最高人民检察院/最高检-高质效办好每一个案件-md/[2023-06-05]领导包案公开听证推动化解当事人三结.md|wiki/summaries/summary_20230605_最高人民检察院_高质效办好每一个案件_领导包案公开听证推动化解当事人三结.md
NEW|sources/微信公号资料/最高人民检察院/最高检-高质效办好每一个案件-md/[2023-06-13]主题教育进行时他帮办案人员突破了涉案金额认定难题.md|wiki/summaries/summary_20230613_最高人民检察院_高质效办好每一个案件_主题教育进行时他帮办案人员突破了涉案金额认定难题.md
NEW|sources/微信公号资料/最高人民检察院/最高检-高质效办好每一个案件-md/[2023-06-16]运用案件质量主要评价指标促进高质效办好每一个案件.md|wiki/summaries/summary_20230616_最高人民检察院_高质效办好每一个案件_运用案件质量主要评价指标促进高质效办好每一个案件.md
NEW|sources/微信公号资料/最高人民检察院/最高检-高质效办好每一个案件-md/[2023-06-18]招用童工线索发现难检察机关依托大数据开展类案监督.md|wiki/summaries/summary_20230618_最高人民检察院_高质效办好每一个案件_招用童工线索发现难检察机关依托大数据开展类案监督.md
NEW|sources/微信公号资料/最高人民检察院/最高检-高质效办好每一个案件-md/[2023-06-19]找准小切口实现大目标.md|wiki/summaries/summary_20230619_最高人民检察院_高质效办好每一个案件_找准小切口实现大目标.md
NEW|sources/微信公号资料/最高人民检察院/最高检-高质效办好每一个案件-md/[2023-06-19]让高质效办好每一个案件成为检察为民的生动诠释.md|wiki/summaries/summary_20230619_最高人民检察院_高质效办好每一个案件_让高质效办好每一个案件成为检察为民的生动诠释.md
NEW|sources/微信公号资料/最高人民检察院/最高检-高质效办好每一个案件-md/[2023-06-20]践行新时代枫桥经验提升检察工作质效.md|wiki/summaries/summary_20230620_最高人民检察院_高质效办好每一个案件_践行新时代枫桥经验提升检察工作质效.md
NEW|sources/微信公号资料/最高人民检察院/最高检-高质效办好每一个案件-md/[2023-06-21]AI换脸侵犯公民个人信息检察机关提起民事公益诉讼.md|wiki/summaries/summary_20230621_最高人民检察院_高质效办好每一个案件_AI换脸侵犯公民个人信息检察机关提起民事公益诉讼.md
NEW|sources/微信公号资料/最高人民检察院/最高检-高质效办好每一个案件-md/[2023-06-21]强化证据动态分析高质效办好每一起重罪案件.md|wiki/summaries/summary_20230621_最高人民检察院_高质效办好每一个案件_强化证据动态分析高质效办好每一起重罪案件.md
NEW|sources/微信公号资料/最高人民检察院/最高检-高质效办好每一个案件-md/[2023-06-26]深悟高质效办案价值意蕴创新监督力提升路径.md|wiki/summaries/summary_20230626_最高人民检察院_高质效办好每一个案件_深悟高质效办案价值意蕴创新监督力提升路径.md
NEW|sources/微信公号资料/最高人民检察院/最高检-高质效办好每一个案件-md/[2023-06-28]知行合一高质效办好每一个民事诉讼监督案件.md|wiki/summaries/summary_20230628_最高人民检察院_高质效办好每一个案件_知行合一高质效办好每一个民事诉讼监督案件.md
NEW|sources/微信公号资料/最高人民检察院/最高检-高质效办好每一个案件-md/[2023-06-29]刑事公诉质量优效率高效果好.md|wiki/summaries/summary_20230629_最高人民检察院_高质效办好每一个案件_刑事公诉质量优效率高效果好.md
NEW|sources/微信公号资料/最高人民检察院/最高检-高质效办好每一个案件-md/[2023-07-03]以扎实开展主题教育为牵引奋力推进检察工作提质增效.md|wiki/summaries/summary_20230703_最高人民检察院_高质效办好每一个案件_以扎实开展主题教育为牵引奋力推进检察工作提质增效.md
NEW|sources/微信公号资料/最高人民检察院/最高检-高质效办好每一个案件-md/[2023-07-08]辩证认识六对关系　高质效办好每一个案件.md|wiki/summaries/summary_20230708_最高人民检察院_高质效办好每一个案件_辩证认识六对关系　高质效办好每一个案件.md
NEW|sources/微信公号资料/最高人民检察院/最高检-高质效办好每一个案件-md/[2023-07-10]转账明细与行车轨迹碰撞出贩毒事实.md|wiki/summaries/summary_20230710_最高人民检察院_高质效办好每一个案件_转账明细与行车轨迹碰撞出贩毒事实.md
NEW|sources/微信公号资料/最高人民检察院/最高检-高质效办好每一个案件-md/[2023-07-14]一场特别的听证会在古老的长城边举行.md|wiki/summaries/summary_20230714_最高人民检察院_高质效办好每一个案件_一场特别的听证会在古老的长城边举行.md
NEW|sources/微信公号资料/最高人民检察院/最高检-高质效办好每一个案件-md/[2023-07-14]充分发挥重罪检察职能　全力维护和塑造国家安全.md|wiki/summaries/summary_20230714_最高人民检察院_高质效办好每一个案件_充分发挥重罪检察职能　全力维护和塑造国家安全.md
NEW|sources/微信公号资料/最高人民检察院/最高检-高质效办好每一个案件-md/[2023-07-15]深化把握高质效办好每一个案件鲜明时代内涵.md|wiki/summaries/summary_20230715_最高人民检察院_高质效办好每一个案件_深化把握高质效办好每一个案件鲜明时代内涵.md
NEW|sources/微信公号资料/最高人民检察院/最高检-高质效办好每一个案件-md/[2023-07-16]压滤污泥危害性到底有多大如何找准入罪门槛.md|wiki/summaries/summary_20230716_最高人民检察院_高质效办好每一个案件_压滤污泥危害性到底有多大如何找准入罪门槛.md
NEW|sources/微信公号资料/最高人民检察院/最高检-高质效办好每一个案件-md/[2023-07-17]强化理论引领提升三个能力推动主题教育取得实效.md|wiki/summaries/summary_20230717_最高人民检察院_高质效办好每一个案件_强化理论引领提升三个能力推动主题教育取得实效.md
NEW|sources/微信公号资料/最高人民检察院/最高检-高质效办好每一个案件-md/[2023-07-24]以学思想凝心铸魂为加快推进检察工作现代化注入磅礴力量.md|wiki/summaries/summary_20230724_最高人民检察院_高质效办好每一个案件_以学思想凝心铸魂为加快推进检察工作现代化注入磅礴力量.md
NEW|sources/微信公号资料/最高人民检察院/最高检-高质效办好每一个案件-md/[2023-07-26]把学习成效转化为推动龙江检察高质量发展的生动实践.md|wiki/summaries/summary_20230726_最高人民检察院_高质效办好每一个案件_把学习成效转化为推动龙江检察高质量发展的生动实践.md
NEW|sources/微信公号资料/最高人民检察院/最高检-高质效办好每一个案件-md/[2023-07-26]检察日报评论员文章让高质效办好每一个案件成为基本价值追求.md|wiki/summaries/summary_20230726_最高人民检察院_高质效办好每一个案件_检察日报评论员文章让高质效办好每一个案件成为基本价值追求.md
NEW|sources/微信公号资料/最高人民检察院/最高检-高质效办好每一个案件-md/[2023-07-28]加强统筹谋划确保主题教育抓实抓细落地见效.md|wiki/summaries/summary_20230728_最高人民检察院_高质效办好每一个案件_加强统筹谋划确保主题教育抓实抓细落地见效.md
NEW|sources/微信公号资料/最高人民检察院/最高检-高质效办好每一个案件-md/[2023-07-31]持续推动政治与业务深度融合互促共进.md|wiki/summaries/summary_20230731_最高人民检察院_高质效办好每一个案件_持续推动政治与业务深度融合互促共进.md
NEW|sources/微信公号资料/最高人民检察院/最高检-高质效办好每一个案件-md/[2023-08-02]以四个强化四个确保推进主题教育走深走实.md|wiki/summaries/summary_20230802_最高人民检察院_高质效办好每一个案件_以四个强化四个确保推进主题教育走深走实.md
NEW|sources/微信公号资料/最高人民检察院/最高检-高质效办好每一个案件-md/[2023-08-07]以习近平新时代中国特色社会主义思想为指导深入实施数字检察战略.md|wiki/summaries/summary_20230807_最高人民检察院_高质效办好每一个案件_以习近平新时代中国特色社会主义思想为指导深入实施数字检察战略.md
NEW|sources/微信公号资料/最高人民检察院/最高检-高质效办好每一个案件-md/[2023-08-09]准确把握六个必须坚持推进检察工作现代化.md|wiki/summaries/summary_20230809_最高人民检察院_高质效办好每一个案件_准确把握六个必须坚持推进检察工作现代化.md
NEW|sources/微信公号资料/最高人民检察院/最高检-高质效办好每一个案件-md/[2023-08-14]办理一起葡萄园内盗掘古墓案推动一部地方立法.md|wiki/summaries/summary_20230814_最高人民检察院_高质效办好每一个案件_办理一起葡萄园内盗掘古墓案推动一部地方立法.md
NEW|sources/微信公号资料/最高人民检察院/最高检-高质效办好每一个案件-md/[2023-08-14]将学习成效转化为锻造检察铁军推进检察工作现代化的强大力量.md|wiki/summaries/summary_20230814_最高人民检察院_高质效办好每一个案件_将学习成效转化为锻造检察铁军推进检察工作现代化的强大力量.md
NEW|sources/微信公号资料/最高人民检察院/最高检-高质效办好每一个案件-md/[2023-08-18]以检察融合履职促进未成年人综合司法保护.md|wiki/summaries/summary_20230818_最高人民检察院_高质效办好每一个案件_以检察融合履职促进未成年人综合司法保护.md
NEW|sources/微信公号资料/最高人民检察院/最高检-高质效办好每一个案件-md/[2023-08-19]笔录制作是高质效办好每一个案件的基本功.md|wiki/summaries/summary_20230819_最高人民检察院_高质效办好每一个案件_笔录制作是高质效办好每一个案件的基本功.md
NEW|sources/微信公号资料/最高人民检察院/最高检-高质效办好每一个案件-md/[2023-08-25]把握六个要素高质效办好刑事案件.md|wiki/summaries/summary_20230825_最高人民检察院_高质效办好每一个案件_把握六个要素高质效办好刑事案件.md
NEW|sources/微信公号资料/最高人民检察院/最高检-高质效办好每一个案件-md/[2023-09-04]不枉不纵检察持续引导侦查靠证据锁定一起17年前强奸杀人案真凶.md|wiki/summaries/summary_20230904_最高人民检察院_高质效办好每一个案件_不枉不纵检察持续引导侦查靠证据锁定一起17年前强奸杀人案真凶.md
NEW|sources/微信公号资料/最高人民检察院/最高检-高质效办好每一个案件-md/[2023-09-06]以高质量法律政策研究助力高质效办好每一个案件.md|wiki/summaries/summary_20230906_最高人民检察院_高质效办好每一个案件_以高质量法律政策研究助力高质效办好每一个案件.md
NEW|sources/微信公号资料/最高人民检察院/最高检-高质效办好每一个案件-md/[2023-09-08]以浦江经验引领高质效办理信访案件.md|wiki/summaries/summary_20230908_最高人民检察院_高质效办好每一个案件_以浦江经验引领高质效办理信访案件.md
NEW|sources/微信公号资料/最高人民检察院/最高检-高质效办好每一个案件-md/[2023-10-08]人事档案不慎丢失老知青的7年青春如何找回.md|wiki/summaries/summary_20231008_最高人民检察院_高质效办好每一个案件_人事档案不慎丢失老知青的7年青春如何找回.md
NEW|sources/微信公号资料/最高人民检察院/最高检-高质效办好每一个案件-md/[2023-10-09]感谢检察机关在我最无助时给我摇摇欲坠的家庭带来曙光.md|wiki/summaries/summary_20231009_最高人民检察院_高质效办好每一个案件_感谢检察机关在我最无助时给我摇摇欲坠的家庭带来曙光.md
NEW|sources/微信公号资料/最高人民检察院/最高检-高质效办好每一个案件-md/[2023-10-09]检察日报社评民事检察要更加注重监督质与量的统一.md|wiki/summaries/summary_20231009_最高人民检察院_高质效办好每一个案件_检察日报社评民事检察要更加注重监督质与量的统一.md
NEW|sources/微信公号资料/最高人民检察院/最高检-高质效办好每一个案件-md/[2023-10-12]一封群众来信促成一项机制.md|wiki/summaries/summary_20231012_最高人民检察院_高质效办好每一个案件_一封群众来信促成一项机制.md
NEW|sources/微信公号资料/最高人民检察院/最高检-高质效办好每一个案件-md/[2023-10-29]公益诉讼推动八路军总部豫北办事处遗址修缮.md|wiki/summaries/summary_20231029_最高人民检察院_高质效办好每一个案件_公益诉讼推动八路军总部豫北办事处遗址修缮.md
NEW|sources/微信公号资料/最高人民检察院/最高检-高质效办好每一个案件-md/[2023-11-13]检察日报社评把社会主义核心价值观融入高质效办好每一个案件.md|wiki/summaries/summary_20231113_最高人民检察院_高质效办好每一个案件_检察日报社评把社会主义核心价值观融入高质效办好每一个案件.md
NEW|sources/微信公号资料/最高人民检察院/最高检-高质效办好每一个案件-md/[2023-11-15]家庭过期药品如何处理一份检察建议助推科学回收.md|wiki/summaries/summary_20231115_最高人民检察院_高质效办好每一个案件_家庭过期药品如何处理一份检察建议助推科学回收.md
NEW|sources/微信公号资料/最高人民检察院/最高检-高质效办好每一个案件-md/[2023-11-22]千年古刹被印刷厂占用损毁文物保护现实难题如何破解.md|wiki/summaries/summary_20231122_最高人民检察院_高质效办好每一个案件_千年古刹被印刷厂占用损毁文物保护现实难题如何破解.md
NEW|sources/微信公号资料/最高人民检察院/最高检-高质效办好每一个案件-md/[2023-11-28]现场指认与卷宗标注的作案位置为何不一致.md|wiki/summaries/summary_20231128_最高人民检察院_高质效办好每一个案件_现场指认与卷宗标注的作案位置为何不一致.md
NEW|sources/微信公号资料/最高人民检察院/最高检-高质效办好每一个案件-md/[2023-11-30]口头悔罪却否认犯罪事实不予减刑.md|wiki/summaries/summary_20231130_最高人民检察院_高质效办好每一个案件_口头悔罪却否认犯罪事实不予减刑.md
NEW|sources/微信公号资料/最高人民检察院/最高检-高质效办好每一个案件-md/[2023-12-23]以高质效检察履职促进检察工作现代化.md|wiki/summaries/summary_20231223_最高人民检察院_高质效办好每一个案件_以高质效检察履职促进检察工作现代化.md
NEW|sources/微信公号资料/最高人民检察院/最高检-高质效办好每一个案件-md/[2023-12-26]患病物流司机的烦心事解决了.md|wiki/summaries/summary_20231226_最高人民检察院_高质效办好每一个案件_患病物流司机的烦心事解决了.md
NEW|sources/微信公号资料/最高人民检察院/最高检-高质效办好每一个案件-md/[2024-01-02]童建明如何提升高质效办好每一个案件能力的几点思考.md|wiki/summaries/summary_20240102_最高人民检察院_高质效办好每一个案件_童建明如何提升高质效办好每一个案件能力的几点思考.md
NEW|sources/微信公号资料/最高人民检察院/最高检-高质效办好每一个案件-md/[2024-01-07]两级检察院合力推动历时7年的工伤认定行政争议案终得化解.md|wiki/summaries/summary_20240107_最高人民检察院_高质效办好每一个案件_两级检察院合力推动历时7年的工伤认定行政争议案终得化解.md
NEW|sources/微信公号资料/最高人民检察院/最高检-高质效办好每一个案件-md/[2024-01-08]消失的保证金回来了.md|wiki/summaries/summary_20240108_最高人民检察院_高质效办好每一个案件_消失的保证金回来了.md
NEW|sources/微信公号资料/最高人民检察院/最高检-高质效办好每一个案件-md/[2024-01-10]为科技创新策源地筑起司法保护屏障知识产权检察如何发力.md|wiki/summaries/summary_20240110_最高人民检察院_高质效办好每一个案件_为科技创新策源地筑起司法保护屏障知识产权检察如何发力.md
NEW|sources/微信公号资料/最高人民检察院/最高检-高质效办好每一个案件-md/[2024-01-17]以四力为抓手高质效办好每一个公益诉讼案件.md|wiki/summaries/summary_20240117_最高人民检察院_高质效办好每一个案件_以四力为抓手高质效办好每一个公益诉讼案件.md
NEW|sources/微信公号资料/最高人民检察院/最高检-高质效办好每一个案件-md/[2024-01-19]摆脱讼累商标冤家从对立到握手.md|wiki/summaries/summary_20240119_最高人民检察院_高质效办好每一个案件_摆脱讼累商标冤家从对立到握手.md
NEW|sources/微信公号资料/最高人民检察院/最高检-高质效办好每一个案件-md/[2024-01-22]高质效办好每一个减假暂监督案件.md|wiki/summaries/summary_20240122_最高人民检察院_高质效办好每一个案件_高质效办好每一个减假暂监督案件.md
NEW|sources/微信公号资料/最高人民检察院/最高检-高质效办好每一个案件-md/[2024-02-23]公诉人指控证明犯罪应提升四种能力.md|wiki/summaries/summary_20240223_最高人民检察院_高质效办好每一个案件_公诉人指控证明犯罪应提升四种能力.md
NEW|sources/微信公号资料/最高人民检察院/最高检-高质效办好每一个案件-md/[2024-03-01]电影第二十条背后的那些正当防卫案件.md|wiki/summaries/summary_20240301_最高人民检察院_高质效办好每一个案件_电影第二十条背后的那些正当防卫案件.md
NEW|sources/微信公号资料/最高人民检察院/最高检-高质效办好每一个案件-md/[2024-03-14]民事支持起诉帮当事人讨回入职押金.md|wiki/summaries/summary_20240314_最高人民检察院_高质效办好每一个案件_民事支持起诉帮当事人讨回入职押金.md
NEW|sources/微信公号资料/最高人民检察院/最高检-高质效办好每一个案件-md/[2024-03-15]网络招聘歧视女性督促整改.md|wiki/summaries/summary_20240315_最高人民检察院_高质效办好每一个案件_网络招聘歧视女性督促整改.md
NEW|sources/微信公号资料/最高人民检察院/最高检-高质效办好每一个案件-md/[2024-03-20]产品被侵权他为何还愿意来投资.md|wiki/summaries/summary_20240320_最高人民检察院_高质效办好每一个案件_产品被侵权他为何还愿意来投资.md
NEW|sources/微信公号资料/最高人民检察院/最高检-高质效办好每一个案件-md/[2024-03-30]深刻把握三个善于理论内涵高质效办案.md|wiki/summaries/summary_20240330_最高人民检察院_高质效办好每一个案件_深刻把握三个善于理论内涵高质效办案.md
NEW|sources/微信公号资料/最高人民检察院/最高检-高质效办好每一个案件-md/[2024-03-30]高质效办好每一个案件基层实践路径.md|wiki/summaries/summary_20240330_最高人民检察院_高质效办好每一个案件_高质效办好每一个案件基层实践路径.md
NEW|sources/微信公号资料/最高人民检察院/最高检-高质效办好每一个案件-md/[2024-04-02]高质效办理涉外案件护航一带一路建设.md|wiki/summaries/summary_20240402_最高人民检察院_高质效办好每一个案件_高质效办理涉外案件护航一带一路建设.md
NEW|sources/微信公号资料/最高人民检察院/最高检-高质效办好每一个案件-md/[2024-04-02]黄河滩区滥伐林木案的特别办理.md|wiki/summaries/summary_20240402_最高人民检察院_高质效办好每一个案件_黄河滩区滥伐林木案的特别办理.md
NEW|sources/微信公号资料/最高人民检察院/最高检-高质效办好每一个案件-md/[2024-04-24]专业办理协同治理高质效办好知识产权案件.md|wiki/summaries/summary_20240424_最高人民检察院_高质效办好每一个案件_专业办理协同治理高质效办好知识产权案件.md
NEW|sources/微信公号资料/最高人民检察院/最高检-高质效办好每一个案件-md/[2024-05-21]追凶20余年DNA比对指向同卵双胞胎.md|wiki/summaries/summary_20240521_最高人民检察院_高质效办好每一个案件_追凶20余年DNA比对指向同卵双胞胎.md
NEW|sources/微信公号资料/最高人民检察院/最高检-高质效办好每一个案件-md/[2024-06-16]工作时发病返家后猝死不算工伤抗诉.md|wiki/summaries/summary_20240616_最高人民检察院_高质效办好每一个案件_工作时发病返家后猝死不算工伤抗诉.md
NEW|sources/微信公号资料/最高人民检察院/最高检-高质效办好每一个案件-md/[2024-06-24]三位省级院检察长的接访必答题.md|wiki/summaries/summary_20240624_最高人民检察院_高质效办好每一个案件_三位省级院检察长的接访必答题.md
NEW|sources/微信公号资料/最高人民检察院/最高检-高质效办好每一个案件-md/[2024-07-03]高质效办理安全生产检察公益诉讼案件.md|wiki/summaries/summary_20240703_最高人民检察院_高质效办好每一个案件_高质效办理安全生产检察公益诉讼案件.md
NEW|sources/微信公号资料/最高人民检察院/最高检-高质效办好每一个案件-md/[2024-07-14]三位大检察官的接访故事.md|wiki/summaries/summary_20240714_最高人民检察院_高质效办好每一个案件_三位大检察官的接访故事.md
NEW|sources/微信公号资料/最高人民检察院/最高检-高质效办好每一个案件-md/[2024-08-03]少年骑行发生碰撞致人死亡是过失犯罪还是意外事件.md|wiki/summaries/summary_20240803_最高人民检察院_高质效办好每一个案件_少年骑行发生碰撞致人死亡是过失犯罪还是意外事件.md
NEW|sources/微信公号资料/最高人民检察院/最高检-高质效办好每一个案件-md/[2024-08-07]从个案办理中感悟三个善于.md|wiki/summaries/summary_20240807_最高人民检察院_高质效办好每一个案件_从个案办理中感悟三个善于.md
NEW|sources/微信公号资料/最高人民检察院/最高检-高质效办好每一个案件-md/[2024-08-09]当政府来检察院申请民事监督.md|wiki/summaries/summary_20240809_最高人民检察院_高质效办好每一个案件_当政府来检察院申请民事监督.md
NEW|sources/微信公号资料/最高人民检察院/最高检-高质效办好每一个案件-md/[2024-08-11]代购还是走私诉还是不诉犯罪嫌疑人高位截瘫老检察官的决定是.md|wiki/summaries/summary_20240811_最高人民检察院_高质效办好每一个案件_代购还是走私诉还是不诉犯罪嫌疑人高位截瘫老检察官的决定是.md
NEW|sources/微信公号资料/最高人民检察院/最高检-高质效办好每一个案件-md/[2024-08-22]56栋超高建筑上亮起航空障碍灯.md|wiki/summaries/summary_20240822_最高人民检察院_高质效办好每一个案件_56栋超高建筑上亮起航空障碍灯.md
NEW|sources/微信公号资料/最高人民检察院/最高检-高质效办好每一个案件-md/[2024-09-01]双方矛盾激化检察官迎雷而上.md|wiki/summaries/summary_20240901_最高人民检察院_高质效办好每一个案件_双方矛盾激化检察官迎雷而上.md
NEW|sources/微信公号资料/最高人民检察院/最高检-高质效办好每一个案件-md/[2024-09-02]租住二十年的房子到底属于谁.md|wiki/summaries/summary_20240902_最高人民检察院_高质效办好每一个案件_租住二十年的房子到底属于谁.md
NEW|sources/微信公号资料/最高人民检察院/最高检-高质效办好每一个案件-md/[2024-09-10]没有过错被撞老人不应承担法律责任.md|wiki/summaries/summary_20240910_最高人民检察院_高质效办好每一个案件_没有过错被撞老人不应承担法律责任.md
NEW|sources/微信公号资料/最高人民检察院/最高检-高质效办好每一个案件-md/[2024-09-18]6份生效法律文书数十页申诉材料这起民生小案如何解.md|wiki/summaries/summary_20240918_最高人民检察院_高质效办好每一个案件_6份生效法律文书数十页申诉材料这起民生小案如何解.md
NEW|sources/微信公号资料/最高人民检察院/最高检-高质效办好每一个案件-md/[2024-10-11]首次遇到船员讨薪案检察官有点为难.md|wiki/summaries/summary_20241011_最高人民检察院_高质效办好每一个案件_首次遇到船员讨薪案检察官有点为难.md
NEW|sources/微信公号资料/最高人民检察院/最高检-高质效办好每一个案件-md/[2024-10-15]加强三个管理需要重点把握六个方面.md|wiki/summaries/summary_20241015_最高人民检察院_高质效办好每一个案件_加强三个管理需要重点把握六个方面.md
NEW|sources/微信公号资料/最高人民检察院/最高检-高质效办好每一个案件-md/[2024-10-23]聚焦高质效办案提高检察管理科学化水平.md|wiki/summaries/summary_20241023_最高人民检察院_高质效办好每一个案件_聚焦高质效办案提高检察管理科学化水平.md
NEW|sources/微信公号资料/最高人民检察院/最高检-高质效办好每一个案件-md/[2024-10-28]把握三个层次促进三个效果有机统一.md|wiki/summaries/summary_20241028_最高人民检察院_高质效办好每一个案件_把握三个层次促进三个效果有机统一.md
NEW|sources/微信公号资料/最高人民检察院/最高检-高质效办好每一个案件-md/[2024-10-29]公司还在经营为什么无法支付欠薪.md|wiki/summaries/summary_20241029_最高人民检察院_高质效办好每一个案件_公司还在经营为什么无法支付欠薪.md
NEW|sources/微信公号资料/最高人民检察院/最高检-高质效办好每一个案件-md/[2024-10-30]使用禁用渔具垂钓要不要罚.md|wiki/summaries/summary_20241030_最高人民检察院_高质效办好每一个案件_使用禁用渔具垂钓要不要罚.md
NEW|sources/微信公号资料/最高人民检察院/最高检-高质效办好每一个案件-md/[2024-10-30]加强三个管理要把握好五个关系.md|wiki/summaries/summary_20241030_最高人民检察院_高质效办好每一个案件_加强三个管理要把握好五个关系.md
NEW|sources/微信公号资料/最高人民检察院/最高检-高质效办好每一个案件-md/[2024-10-31]土地承包经营权遭遇鸠占鹊巢如何实质性化解.md|wiki/summaries/summary_20241031_最高人民检察院_高质效办好每一个案件_土地承包经营权遭遇鸠占鹊巢如何实质性化解.md
NEW|sources/微信公号资料/最高人民检察院/最高检-高质效办好每一个案件-md/[2024-11-01]就因5万元房产被查封还成了老赖.md|wiki/summaries/summary_20241101_最高人民检察院_高质效办好每一个案件_就因5万元房产被查封还成了老赖.md
NEW|sources/微信公号资料/最高人民检察院/最高检-高质效办好每一个案件-md/[2024-11-01]让检察工作回归高质效办案本职本源检察机关落实一取消三不再一体抓好三个管理述评.md|wiki/summaries/summary_20241101_最高人民检察院_高质效办好每一个案件_让检察工作回归高质效办案本职本源检察机关落实一取消三不再一体抓好三个管理述评.md
NEW|sources/微信公号资料/最高人民检察院/最高检-高质效办好每一个案件-md/[2024-11-02]迟到的人生第一证.md|wiki/summaries/summary_20241102_最高人民检察院_高质效办好每一个案件_迟到的人生第一证.md
NEW|sources/微信公号资料/最高人民检察院/最高检-高质效办好每一个案件-md/[2024-11-04]工龄够了看火工为何不能提前退休.md|wiki/summaries/summary_20241104_最高人民检察院_高质效办好每一个案件_工龄够了看火工为何不能提前退休.md
NEW|sources/微信公号资料/最高人民检察院/最高检-高质效办好每一个案件-md/[2024-11-05]一场桂味儿十足的行政检察之旅.md|wiki/summaries/summary_20241105_最高人民检察院_高质效办好每一个案件_一场桂味儿十足的行政检察之旅.md
NEW|sources/微信公号资料/最高人民检察院/最高检-高质效办好每一个案件-md/[2024-11-07]红星新闻广西梧州一村民137亩林地林权证被撤销后的失而复得.md|wiki/summaries/summary_20241107_最高人民检察院_高质效办好每一个案件_红星新闻广西梧州一村民137亩林地林权证被撤销后的失而复得.md
NEW|sources/微信公号资料/最高人民检察院/最高检-高质效办好每一个案件-md/[2024-11-11]以高水平管理促进高质效办案.md|wiki/summaries/summary_20241111_最高人民检察院_高质效办好每一个案件_以高水平管理促进高质效办案.md
NEW|sources/微信公号资料/最高人民检察院/最高检-高质效办好每一个案件-md/[2024-11-13]如何一体抓实三个管理这四个有机统一很重要.md|wiki/summaries/summary_20241113_最高人民检察院_高质效办好每一个案件_如何一体抓实三个管理这四个有机统一很重要.md
NEW|sources/微信公号资料/最高人民检察院/最高检-高质效办好每一个案件-md/[2024-11-15]创新管理路径推动高质效办好每一个案件.md|wiki/summaries/summary_20241115_最高人民检察院_高质效办好每一个案件_创新管理路径推动高质效办好每一个案件.md
NEW|sources/微信公号资料/最高人民检察院/最高检-高质效办好每一个案件-md/[2024-11-17]这起反垄断纠纷案检察机关为何抗诉.md|wiki/summaries/summary_20241117_最高人民检察院_高质效办好每一个案件_这起反垄断纠纷案检察机关为何抗诉.md
NEW|sources/微信公号资料/最高人民检察院/最高检-高质效办好每一个案件-md/[2024-11-18]以高水平管理促进高质效检察履职.md|wiki/summaries/summary_20241118_最高人民检察院_高质效办好每一个案件_以高水平管理促进高质效检察履职.md
NEW|sources/微信公号资料/最高人民检察院/最高检-高质效办好每一个案件-md/[2024-11-19]重返南四湖最高检组团办大案.md|wiki/summaries/summary_20241119_最高人民检察院_高质效办好每一个案件_重返南四湖最高检组团办大案.md
NEW|sources/微信公号资料/最高人民检察院/最高检-高质效办好每一个案件-md/[2024-11-22]当代检察管理优化目标与路径.md|wiki/summaries/summary_20241122_最高人民检察院_高质效办好每一个案件_当代检察管理优化目标与路径.md
NEW|sources/微信公号资料/最高人民检察院/最高检-高质效办好每一个案件-md/[2024-11-24]粉刷工高处跌落致残谁应承担赔偿责任.md|wiki/summaries/summary_20241124_最高人民检察院_高质效办好每一个案件_粉刷工高处跌落致残谁应承担赔偿责任.md
NEW|sources/微信公号资料/最高人民检察院/最高检-高质效办好每一个案件-md/[2024-11-26]一体抓好三个管理需要完善机制强化保障.md|wiki/summaries/summary_20241126_最高人民检察院_高质效办好每一个案件_一体抓好三个管理需要完善机制强化保障.md
NEW|sources/微信公号资料/最高人民检察院/最高检-高质效办好每一个案件-md/[2024-11-26]在破立并举有机衔接中推进三个管理.md|wiki/summaries/summary_20241126_最高人民检察院_高质效办好每一个案件_在破立并举有机衔接中推进三个管理.md
NEW|sources/微信公号资料/最高人民检察院/最高检-高质效办好每一个案件-md/[2024-11-27]把落实司法责任制贯穿一体抓好三个管理全过程.md|wiki/summaries/summary_20241127_最高人民检察院_高质效办好每一个案件_把落实司法责任制贯穿一体抓好三个管理全过程.md
NEW|sources/微信公号资料/最高人民检察院/最高检-高质效办好每一个案件-md/[2024-11-28]深刻把握贯穿三个管理的认识论和方法论.md|wiki/summaries/summary_20241128_最高人民检察院_高质效办好每一个案件_深刻把握贯穿三个管理的认识论和方法论.md
NEW|sources/微信公号资料/最高人民检察院/最高检-高质效办好每一个案件-md/[2024-11-29]深入推进以三个管理为导向的检察管理转型.md|wiki/summaries/summary_20241129_最高人民检察院_高质效办好每一个案件_深入推进以三个管理为导向的检察管理转型.md
NEW|sources/微信公号资料/最高人民检察院/最高检-高质效办好每一个案件-md/[2024-12-02]更新理念完善机制一体抓实三个管理.md|wiki/summaries/summary_20241202_最高人民检察院_高质效办好每一个案件_更新理念完善机制一体抓实三个管理.md
NEW|sources/微信公号资料/最高人民检察院/最高检-高质效办好每一个案件-md/[2024-12-11]聚焦四方面要素一体抓实三个管理.md|wiki/summaries/summary_20241211_最高人民检察院_高质效办好每一个案件_聚焦四方面要素一体抓实三个管理.md
NEW|sources/微信公号资料/最高人民检察院/最高检-高质效办好每一个案件-md/[2024-12-13]三个管理的内在机理与实践路向.md|wiki/summaries/summary_20241213_最高人民检察院_高质效办好每一个案件_三个管理的内在机理与实践路向.md
NEW|sources/微信公号资料/最高人民检察院/最高检-高质效办好每一个案件-md/[2024-12-14]立足基层紧贴实际抓实案件管理.md|wiki/summaries/summary_20241214_最高人民检察院_高质效办好每一个案件_立足基层紧贴实际抓实案件管理.md
NEW|sources/微信公号资料/最高人民检察院/最高检-高质效办好每一个案件-md/[2024-12-16]以体系化思维抓实抓细三个管理的刑事检察实践.md|wiki/summaries/summary_20241216_最高人民检察院_高质效办好每一个案件_以体系化思维抓实抓细三个管理的刑事检察实践.md
NEW|sources/微信公号资料/最高人民检察院/最高检-高质效办好每一个案件-md/[2024-12-18]一体抓好三个管理更需在管案与管人上见效.md|wiki/summaries/summary_20241218_最高人民检察院_高质效办好每一个案件_一体抓好三个管理更需在管案与管人上见效.md
NEW|sources/微信公号资料/最高人民检察院/最高检-高质效办好每一个案件-md/[2024-12-20]以高水平业务管理推动公益诉讼检察工作高质量发展.md|wiki/summaries/summary_20241220_最高人民检察院_高质效办好每一个案件_以高水平业务管理推动公益诉讼检察工作高质量发展.md
NEW|sources/微信公号资料/最高人民检察院/最高检-高质效办好每一个案件-md/[2024-12-24]健全完善机制一体抓实三个管理.md|wiki/summaries/summary_20241224_最高人民检察院_高质效办好每一个案件_健全完善机制一体抓实三个管理.md
NEW|sources/微信公号资料/最高人民检察院/最高检-高质效办好每一个案件-md/[2024-12-28]新闻发布会北京全面准确落实司法责任制一体抓实三个管理.md|wiki/summaries/summary_20241228_最高人民检察院_高质效办好每一个案件_新闻发布会北京全面准确落实司法责任制一体抓实三个管理.md
NEW|sources/微信公号资料/最高人民检察院/最高检-高质效办好每一个案件-md/[2024-12-28]更新理念压实责任细化路径一体抓实三个管理.md|wiki/summaries/summary_20241228_最高人民检察院_高质效办好每一个案件_更新理念压实责任细化路径一体抓实三个管理.md
NEW|sources/微信公号资料/最高人民检察院/最高检-高质效办好每一个案件-md/[2024-12-30]坚持一体抓好三个管理引领控告申诉检察工作高质量发展.md|wiki/summaries/summary_20241230_最高人民检察院_高质效办好每一个案件_坚持一体抓好三个管理引领控告申诉检察工作高质量发展.md
NEW|sources/微信公号资料/最高人民检察院/最高检-高质效办好每一个案件-md/[2025-01-03]真相查清他不用再背黑锅了.md|wiki/summaries/summary_20250103_最高人民检察院_高质效办好每一个案件_真相查清他不用再背黑锅了.md
NEW|sources/微信公号资料/最高人民检察院/最高检-高质效办好每一个案件-md/[2025-01-12]2024年高质效办案步履铿锵.md|wiki/summaries/summary_20250112_最高人民检察院_高质效办好每一个案件_2024年高质效办案步履铿锵.md
NEW|sources/微信公号资料/最高人民检察院/最高检-高质效办好每一个案件-md/[2025-01-23]聚焦四个围绕一体抓实三个管理.md|wiki/summaries/summary_20250123_最高人民检察院_高质效办好每一个案件_聚焦四个围绕一体抓实三个管理.md
NEW|sources/微信公号资料/最高人民检察院/最高检-高质效办好每一个案件-md/[2025-01-27]深入把握三个管理逻辑体系高质效办好每一个案件.md|wiki/summaries/summary_20250127_最高人民检察院_高质效办好每一个案件_深入把握三个管理逻辑体系高质效办好每一个案件.md
NEW|sources/微信公号资料/最高人民检察院/最高检-高质效办好每一个案件-md/[2025-02-09]首批最高检60名技术调查官上岗.md|wiki/summaries/summary_20250209_最高人民检察院_高质效办好每一个案件_首批最高检60名技术调查官上岗.md
NEW|sources/微信公号资料/最高人民检察院/最高检-高质效办好每一个案件-md/[2025-02-10]小区消防设施瘫痪的烦心事解决了.md|wiki/summaries/summary_20250210_最高人民检察院_高质效办好每一个案件_小区消防设施瘫痪的烦心事解决了.md
NEW|sources/微信公号资料/最高人民检察院/最高检-高质效办好每一个案件-md/[2025-02-12]抓实三个管理高质效办好减刑假释监督案件.md|wiki/summaries/summary_20250212_最高人民检察院_高质效办好每一个案件_抓实三个管理高质效办好减刑假释监督案件.md
NEW|sources/微信公号资料/最高人民检察院/最高检-高质效办好每一个案件-md/[2025-02-13]职工想要回工资又不希望公司垮掉这道难题咋解.md|wiki/summaries/summary_20250213_最高人民检察院_高质效办好每一个案件_职工想要回工资又不希望公司垮掉这道难题咋解.md
NEW|sources/微信公号资料/最高人民检察院/最高检-高质效办好每一个案件-md/[2025-02-15]以体系化思维抓好三个管理提升办案质效.md|wiki/summaries/summary_20250215_最高人民检察院_高质效办好每一个案件_以体系化思维抓好三个管理提升办案质效.md
NEW|sources/微信公号资料/最高人民检察院/最高检-高质效办好每一个案件-md/[2025-02-19]加强检察官自我管理促进一体抓实三个管理.md|wiki/summaries/summary_20250219_最高人民检察院_高质效办好每一个案件_加强检察官自我管理促进一体抓实三个管理.md
NEW|sources/微信公号资料/最高人民检察院/最高检-高质效办好每一个案件-md/[2025-03-03]零工讨薪攻关记一桩欠薪案背后的司法考量.md|wiki/summaries/summary_20250303_最高人民检察院_高质效办好每一个案件_零工讨薪攻关记一桩欠薪案背后的司法考量.md
NEW|sources/微信公号资料/最高人民检察院/最高检-高质效办好每一个案件-md/[2025-03-15]小巨人穿上法治防护甲.md|wiki/summaries/summary_20250315_最高人民检察院_高质效办好每一个案件_小巨人穿上法治防护甲.md
NEW|sources/微信公号资料/最高人民检察院/最高检-高质效办好每一个案件-md/[2025-03-17]珠江珠江.md|wiki/summaries/summary_20250317_最高人民检察院_高质效办好每一个案件_珠江珠江.md
NEW|sources/微信公号资料/最高人民检察院/最高检-高质效办好每一个案件-md/[2025-03-23]蹊跷借款金额引出假官司.md|wiki/summaries/summary_20250323_最高人民检察院_高质效办好每一个案件_蹊跷借款金额引出假官司.md
NEW|sources/微信公号资料/最高人民检察院/最高检-高质效办好每一个案件-md/[2025-04-02]构建大管理格局打造大检查体系强化大模型赋能.md|wiki/summaries/summary_20250402_最高人民检察院_高质效办好每一个案件_构建大管理格局打造大检查体系强化大模型赋能.md
NEW|sources/微信公号资料/最高人民检察院/最高检-高质效办好每一个案件-md/[2025-04-02]监测数据起伏像过山车原来是有人故意干扰.md|wiki/summaries/summary_20250402_最高人民检察院_高质效办好每一个案件_监测数据起伏像过山车原来是有人故意干扰.md
NEW|sources/微信公号资料/最高人民检察院/最高检-高质效办好每一个案件-md/[2025-04-11]千年花炮安燃绽放.md|wiki/summaries/summary_20250411_最高人民检察院_高质效办好每一个案件_千年花炮安燃绽放.md
NEW|sources/微信公号资料/最高人民检察院/最高检-高质效办好每一个案件-md/[2025-04-12]跨国企业来信传递法治信心.md|wiki/summaries/summary_20250412_最高人民检察院_高质效办好每一个案件_跨国企业来信传递法治信心.md
NEW|sources/微信公号资料/最高人民检察院/最高检-高质效办好每一个案件-md/[2025-05-06]下沉接访捋清事实打开申诉人心结.md|wiki/summaries/summary_20250506_最高人民检察院_高质效办好每一个案件_下沉接访捋清事实打开申诉人心结.md
NEW|sources/微信公号资料/最高人民检察院/最高检-高质效办好每一个案件-md/[2025-05-07]泄露内幕信息未获利要不要追究刑事责任.md|wiki/summaries/summary_20250507_最高人民检察院_高质效办好每一个案件_泄露内幕信息未获利要不要追究刑事责任.md
NEW|sources/微信公号资料/最高人民检察院/最高检-高质效办好每一个案件-md/[2025-05-16]一体抓实三个管理高质效办好醉驾案件.md|wiki/summaries/summary_20250516_最高人民检察院_高质效办好每一个案件_一体抓实三个管理高质效办好醉驾案件.md
NEW|sources/微信公号资料/最高人民检察院/最高检-高质效办好每一个案件-md/[2025-05-18]5元一斤卖出千元高价特供酒缘何屡禁不绝.md|wiki/summaries/summary_20250518_最高人民检察院_高质效办好每一个案件_5元一斤卖出千元高价特供酒缘何屡禁不绝.md
NEW|sources/微信公号资料/最高人民检察院/最高检-高质效办好每一个案件-md/[2025-05-19]救急钱变成了要命债如何破局.md|wiki/summaries/summary_20250519_最高人民检察院_高质效办好每一个案件_救急钱变成了要命债如何破局.md
NEW|sources/微信公号资料/最高人民检察院/最高检-高质效办好每一个案件-md/[2025-05-26]以高水平检察管理保障高质效办好每一个行政检察案件.md|wiki/summaries/summary_20250526_最高人民检察院_高质效办好每一个案件_以高水平检察管理保障高质效办好每一个行政检察案件.md
NEW|sources/微信公号资料/最高人民检察院/最高检-高质效办好每一个案件-md/[2025-05-30]曾经的涉案树如今长成致富林.md|wiki/summaries/summary_20250530_最高人民检察院_高质效办好每一个案件_曾经的涉案树如今长成致富林.md
NEW|sources/微信公号资料/最高人民检察院/最高检-高质效办好每一个案件-md/[2025-06-03]未成年人观影优惠沦为纸上福利检察监督促整改.md|wiki/summaries/summary_20250603_最高人民检察院_高质效办好每一个案件_未成年人观影优惠沦为纸上福利检察监督促整改.md
NEW|sources/微信公号资料/最高人民检察院/最高检-高质效办好每一个案件-md/[2025-06-04]最高检抗诉胡某生等6名董事与斯曼特公司损害公司利益责任纠纷再审案获改判.md|wiki/summaries/summary_20250604_最高人民检察院_高质效办好每一个案件_最高检抗诉胡某生等6名董事与斯曼特公司损害公司利益责任纠纷再审案获改判.md
NEW|sources/微信公号资料/最高人民检察院/最高检-高质效办好每一个案件-md/[2025-06-05]生态大脑上线检察官云端护生态.md|wiki/summaries/summary_20250605_最高人民检察院_高质效办好每一个案件_生态大脑上线检察官云端护生态.md
NEW|sources/微信公号资料/最高人民检察院/最高检-高质效办好每一个案件-md/[2025-06-13]本是被侵权者却被买到假货的异地公司告了怎么办.md|wiki/summaries/summary_20250613_最高人民检察院_高质效办好每一个案件_本是被侵权者却被买到假货的异地公司告了怎么办.md
NEW|sources/微信公号资料/最高人民检察院/最高检-高质效办好每一个案件-md/[2025-06-26]驻港部队军人的烦心事解决了.md|wiki/summaries/summary_20250626_最高人民检察院_高质效办好每一个案件_驻港部队军人的烦心事解决了.md
NEW|sources/微信公号资料/最高人民检察院/最高检-高质效办好每一个案件-md/[2025-06-30]借新还旧担保人不知情需要担责吗这个案例提示.md|wiki/summaries/summary_20250630_最高人民检察院_高质效办好每一个案件_借新还旧担保人不知情需要担责吗这个案例提示.md
NEW|sources/微信公号资料/最高人民检察院/最高检-高质效办好每一个案件-md/[2025-07-02]秉持系统思维与时俱进提升检察管理能力水平.md|wiki/summaries/summary_20250702_最高人民检察院_高质效办好每一个案件_秉持系统思维与时俱进提升检察管理能力水平.md
NEW|sources/微信公号资料/最高人民检察院/最高检-高质效办好每一个案件-md/[2025-07-08]玳瑁古筝义甲为何禁而不止这堂法治课破除音色迷信.md|wiki/summaries/summary_20250708_最高人民检察院_高质效办好每一个案件_玳瑁古筝义甲为何禁而不止这堂法治课破除音色迷信.md
NEW|sources/微信公号资料/最高人民检察院/最高检-高质效办好每一个案件-md/[2025-07-14]深刻把握三个管理实践内涵以法治之力护航经济社会高质量发展.md|wiki/summaries/summary_20250714_最高人民检察院_高质效办好每一个案件_深刻把握三个管理实践内涵以法治之力护航经济社会高质量发展.md
NEW|sources/微信公号资料/最高人民检察院/最高检-高质效办好每一个案件-md/[2025-07-19]一条路让亲兄妹反目成仇如何修复在纠纷中撕裂的亲情.md|wiki/summaries/summary_20250719_最高人民检察院_高质效办好每一个案件_一条路让亲兄妹反目成仇如何修复在纠纷中撕裂的亲情.md
NEW|sources/微信公号资料/最高人民检察院/最高检-高质效办好每一个案件-md/[2025-07-21]一体抓实三个管理推动民事检察高质效办案.md|wiki/summaries/summary_20250721_最高人民检察院_高质效办好每一个案件_一体抓实三个管理推动民事检察高质效办案.md
NEW|sources/微信公号资料/最高人民检察院/最高检-高质效办好每一个案件-md/[2025-07-22]商铺出租收益归了谁39笔转账说出实情.md|wiki/summaries/summary_20250722_最高人民检察院_高质效办好每一个案件_商铺出租收益归了谁39笔转账说出实情.md
NEW|sources/微信公号资料/最高人民检察院/最高检-高质效办好每一个案件-md/[2025-07-24]工程师为帮工友被刺身亡检察院应认定见义勇为.md|wiki/summaries/summary_20250724_最高人民检察院_高质效办好每一个案件_工程师为帮工友被刺身亡检察院应认定见义勇为.md
NEW|sources/微信公号资料/最高人民检察院/最高检-高质效办好每一个案件-md/[2025-08-03]海量停车信息不再裸奔.md|wiki/summaries/summary_20250803_最高人民检察院_高质效办好每一个案件_海量停车信息不再裸奔.md
NEW|sources/微信公号资料/最高人民检察院/最高检-高质效办好每一个案件-md/[2025-08-04]国防大动脉碰不得.md|wiki/summaries/summary_20250804_最高人民检察院_高质效办好每一个案件_国防大动脉碰不得.md
NEW|sources/微信公号资料/最高人民检察院/最高检-高质效办好每一个案件-md/[2025-08-06]一张借条架起和解之桥.md|wiki/summaries/summary_20250806_最高人民检察院_高质效办好每一个案件_一张借条架起和解之桥.md
NEW|sources/微信公号资料/最高人民检察院/最高检-高质效办好每一个案件-md/[2025-08-10]接到公安机关移送审查逮捕案件检察官第一反应是必须去现场.md|wiki/summaries/summary_20250810_最高人民检察院_高质效办好每一个案件_接到公安机关移送审查逮捕案件检察官第一反应是必须去现场.md
NEW|sources/微信公号资料/最高人民检察院/最高检-高质效办好每一个案件-md/[2025-08-13]保护雪豹凌小蛰们检察机关在行动.md|wiki/summaries/summary_20250813_最高人民检察院_高质效办好每一个案件_保护雪豹凌小蛰们检察机关在行动.md
NEW|sources/微信公号资料/最高人民检察院/最高检-高质效办好每一个案件-md/[2025-08-14]巧解企业执行死结千万元纸上权益变真金白银.md|wiki/summaries/summary_20250814_最高人民检察院_高质效办好每一个案件_巧解企业执行死结千万元纸上权益变真金白银.md
NEW|sources/微信公号资料/最高人民检察院/最高检-高质效办好每一个案件-md/[2025-08-27]欢迎莅临丝绸之路经济带法务区实地探访自贸区知识产权保护工作.md|wiki/summaries/summary_20250827_最高人民检察院_高质效办好每一个案件_欢迎莅临丝绸之路经济带法务区实地探访自贸区知识产权保护工作.md
NEW|sources/微信公号资料/最高人民检察院/最高检-高质效办好每一个案件-md/[2025-08-31]走进这扇门进城务工小伙知道怎么维权了.md|wiki/summaries/summary_20250831_最高人民检察院_高质效办好每一个案件_走进这扇门进城务工小伙知道怎么维权了.md
NEW|sources/微信公号资料/最高人民检察院/最高检-高质效办好每一个案件-md/[2025-09-08]戈壁烽燧从风雨飘摇到重获守护.md|wiki/summaries/summary_20250908_最高人民检察院_高质效办好每一个案件_戈壁烽燧从风雨飘摇到重获守护.md
NEW|sources/微信公号资料/最高人民检察院/最高检-高质效办好每一个案件-md/[2025-09-11]一句谚语叩开薪门一场听证点亮希望.md|wiki/summaries/summary_20250911_最高人民检察院_高质效办好每一个案件_一句谚语叩开薪门一场听证点亮希望.md
NEW|sources/微信公号资料/最高人民检察院/最高检-高质效办好每一个案件-md/[2025-10-15]20年爱与法织就最暖铠甲.md|wiki/summaries/summary_20251015_最高人民检察院_高质效办好每一个案件_20年爱与法织就最暖铠甲.md
NEW|sources/微信公号资料/最高人民检察院/最高检-高质效办好每一个案件-md/[2025-10-17]她要回了30亩口粮地.md|wiki/summaries/summary_20251017_最高人民检察院_高质效办好每一个案件_她要回了30亩口粮地.md
NEW|sources/微信公号资料/最高人民检察院/最高检-高质效办好每一个案件-md/[2025-10-22]社区矫正监督既要守住底线也要点亮希望.md|wiki/summaries/summary_20251022_最高人民检察院_高质效办好每一个案件_社区矫正监督既要守住底线也要点亮希望.md
NEW|sources/微信公号资料/最高人民检察院/最高检-高质效办好每一个案件-md/[2025-10-23]减假暂监督不放过一个投机者不辜负一个真心悔过人.md|wiki/summaries/summary_20251023_最高人民检察院_高质效办好每一个案件_减假暂监督不放过一个投机者不辜负一个真心悔过人.md
NEW|sources/微信公号资料/最高人民检察院/最高检-高质效办好每一个案件-md/[2025-10-24]融通推进三个管理加快构建检察大管理格局.md|wiki/summaries/summary_20251024_最高人民检察院_高质效办好每一个案件_融通推进三个管理加快构建检察大管理格局.md
NEW|sources/微信公号资料/最高人民检察院/最高检-高质效办好每一个案件-md/[2025-10-26]断流27年的西辽河全线通水.md|wiki/summaries/summary_20251026_最高人民检察院_高质效办好每一个案件_断流27年的西辽河全线通水.md
NEW|sources/微信公号资料/最高人民检察院/最高检-高质效办好每一个案件-md/[2025-10-26]高墙内外法律监督装上了智慧大脑.md|wiki/summaries/summary_20251026_最高人民检察院_高质效办好每一个案件_高墙内外法律监督装上了智慧大脑.md
NEW|sources/微信公号资料/最高人民检察院/最高检-高质效办好每一个案件-md/[2025-12-11]善意搭载同村村民发生交通事故如何处理后续来了.md|wiki/summaries/summary_20251211_最高人民检察院_高质效办好每一个案件_善意搭载同村村民发生交通事故如何处理后续来了.md
NEW|sources/微信公号资料/最高人民检察院/最高检-高质效办案在基层-md/[2024-05-23]法治中国行喜迎75华诞2024年全媒基层采访活动启动.md|wiki/summaries/summary_20240523_最高人民检察院_高质效办案在基层_法治中国行喜迎75华诞2024年全媒基层采访活动启动.md
NEW|sources/微信公号资料/最高人民检察院/最高检-高质效办案在基层-md/[2024-07-02]益心向海的蓝色密码.md|wiki/summaries/summary_20240702_最高人民检察院_高质效办案在基层_益心向海的蓝色密码.md
NEW|sources/微信公号资料/最高人民检察院/最高检-高质效办案在基层-md/[2024-07-08]为能源革命注入强劲法治动能.md|wiki/summaries/summary_20240708_最高人民检察院_高质效办案在基层_为能源革命注入强劲法治动能.md
NEW|sources/微信公号资料/最高人民检察院/最高检-高质效办案在基层-md/[2024-07-18]一眼千年的守护与传承.md|wiki/summaries/summary_20240718_最高人民检察院_高质效办案在基层_一眼千年的守护与传承.md
NEW|sources/微信公号资料/最高人民检察院/最高检-高质效办案在基层-md/[2024-08-05]赓续少数民族文脉贵在行动.md|wiki/summaries/summary_20240805_最高人民检察院_高质效办案在基层_赓续少数民族文脉贵在行动.md
NEW|sources/微信公号资料/最高人民检察院/最高检-高质效办案在基层-md/[2024-08-08]重振雄风打赢新时代辽沈战役.md|wiki/summaries/summary_20240808_最高人民检察院_高质效办案在基层_重振雄风打赢新时代辽沈战役.md
NEW|sources/微信公号资料/最高人民检察院/最高检-高质效办案在基层-md/[2024-08-10]感受新时代赶考路上的首都检察脉动.md|wiki/summaries/summary_20240810_最高人民检察院_高质效办案在基层_感受新时代赶考路上的首都检察脉动.md
NEW|sources/微信公号资料/最高人民检察院/最高检-高质效办案在基层-md/[2024-08-12]永葆雪域高原美丽底色.md|wiki/summaries/summary_20240812_最高人民检察院_高质效办案在基层_永葆雪域高原美丽底色.md
NEW|sources/微信公号资料/最高人民检察院/最高检-高质效办案在基层-md/[2024-08-18]接力塞罕坝精神奏响绿色发展乐章.md|wiki/summaries/summary_20240818_最高人民检察院_高质效办案在基层_接力塞罕坝精神奏响绿色发展乐章.md
NEW|sources/微信公号资料/最高人民检察院/最高检-高质效办案在基层-md/[2024-08-19]改革闯将这样破题.md|wiki/summaries/summary_20240819_最高人民检察院_高质效办案在基层_改革闯将这样破题.md
NEW|sources/微信公号资料/最高人民检察院/最高检-高质效办案在基层-md/[2024-08-27]法治护航敢为人先共同书写发展新质生产力的安徽篇章.md|wiki/summaries/summary_20240827_最高人民检察院_高质效办案在基层_法治护航敢为人先共同书写发展新质生产力的安徽篇章.md
NEW|sources/微信公号资料/最高人民检察院/最高检-高质效办案在基层-md/[2024-08-29]传承八字方针检察护企再出发.md|wiki/summaries/summary_20240829_最高人民检察院_高质效办案在基层_传承八字方针检察护企再出发.md
NEW|sources/微信公号资料/最高人民检察院/最高检-高质效办案在基层-md/[2024-09-09]法润天山新丝路传奇正在上演.md|wiki/summaries/summary_20240909_最高人民检察院_高质效办案在基层_法润天山新丝路传奇正在上演.md
NEW|sources/微信公号资料/最高人民检察院/最高检-高质效办案在基层-md/[2024-09-25]爱拼才会赢拼出晋江经验新传奇.md|wiki/summaries/summary_20240925_最高人民检察院_高质效办案在基层_爱拼才会赢拼出晋江经验新传奇.md
NEW|sources/微信公号资料/最高人民检察院/最高检-高质效办案在基层-md/[2024-09-27]蓝力量赋能改革加速度.md|wiki/summaries/summary_20240927_最高人民检察院_高质效办案在基层_蓝力量赋能改革加速度.md
NEW|sources/微信公号资料/最高人民检察院/最高检-高质效办案在基层-md/[2024-09-29]燃三大精神发源地的检察新传奇.md|wiki/summaries/summary_20240929_最高人民检察院_高质效办案在基层_燃三大精神发源地的检察新传奇.md
NEW|sources/微信公号资料/最高人民检察院/最高检-高质效办案在基层-md/[2024-10-18]守护无人区那些扣人心弦的青检故事.md|wiki/summaries/summary_20241018_最高人民检察院_高质效办案在基层_守护无人区那些扣人心弦的青检故事.md
NEW|sources/微信公号资料/最高人民检察院/最高检-高质效办案在基层-md/[2024-10-20]黄浦观澜金融检察破浪前行.md|wiki/summaries/summary_20241020_最高人民检察院_高质效办案在基层_黄浦观澜金融检察破浪前行.md
NEW|sources/微信公号资料/最高人民检察院/最高检-高质效办案在基层-md/[2024-10-21]塞上江南石榴红检情浇灌团结花.md|wiki/summaries/summary_20241021_最高人民检察院_高质效办案在基层_塞上江南石榴红检情浇灌团结花.md
NEW|sources/微信公号资料/最高人民检察院/最高检-高质效办案在基层-md/[2024-10-23]下活一盘棋唱好双城记.md|wiki/summaries/summary_20241023_最高人民检察院_高质效办案在基层_下活一盘棋唱好双城记.md
NEW|sources/微信公号资料/最高人民检察院/最高检-高质效办案在基层-md/[2024-10-31]赣鄱大地颜色不只红和绿.md|wiki/summaries/summary_20241031_最高人民检察院_高质效办案在基层_赣鄱大地颜色不只红和绿.md
NEW|sources/微信公号资料/最高人民检察院/最高检-高质效办案在基层-md/[2024-11-01]护航神舟再问天.md|wiki/summaries/summary_20241101_最高人民检察院_高质效办案在基层_护航神舟再问天.md
NEW|sources/微信公号资料/最高人民检察院/最高检-高质效办案在基层-md/[2024-11-04]新二人转怎么唱.md|wiki/summaries/summary_20241104_最高人民检察院_高质效办案在基层_新二人转怎么唱.md
NEW|sources/微信公号资料/最高人民检察院/最高检-高质效办案在基层-md/[2024-11-16]以法之名守望丝绸之路千年风华.md|wiki/summaries/summary_20241116_最高人民检察院_高质效办案在基层_以法之名守望丝绸之路千年风华.md
NEW|sources/微信公号资料/最高人民检察院/最高检-高质效办案在基层-md/[2024-11-17]向新提质共创津彩未来.md|wiki/summaries/summary_20241117_最高人民检察院_高质效办案在基层_向新提质共创津彩未来.md
NEW|sources/微信公号资料/最高人民检察院/最高检-高质效办案在基层-md/[2024-11-20]传承守护让潇湘大地的红色资源活起来火起来.md|wiki/summaries/summary_20241120_最高人民检察院_高质效办案在基层_传承守护让潇湘大地的红色资源活起来火起来.md
NEW|sources/微信公号资料/最高人民检察院/最高检-高质效办案在基层-md/[2024-11-24]深入广西沿边沿海听守边护边兴边的故事.md|wiki/summaries/summary_20241124_最高人民检察院_高质效办案在基层_深入广西沿边沿海听守边护边兴边的故事.md
NEW|sources/微信公号资料/最高人民检察院/最高检-高质效办案在基层-md/[2024-11-26]长风破浪潮涌海之南.md|wiki/summaries/summary_20241126_最高人民检察院_高质效办案在基层_长风破浪潮涌海之南.md
NEW|sources/微信公号资料/最高人民检察院/最高检-高质效办案在基层-md/[2024-11-29]守牢北大仓稳住压舱石.md|wiki/summaries/summary_20241129_最高人民检察院_高质效办案在基层_守牢北大仓稳住压舱石.md
NEW|sources/微信公号资料/最高人民检察院/最高检-高质效办案在基层-md/[2025-05-27]百年古厝活起来文化根脉继世长.md|wiki/summaries/summary_20250527_最高人民检察院_高质效办案在基层_百年古厝活起来文化根脉继世长.md
NEW|sources/微信公号资料/最高人民检察院/最高检-高质效办案在基层-md/[2025-06-12]红土地上的暖心听证.md|wiki/summaries/summary_20250612_最高人民检察院_高质效办案在基层_红土地上的暖心听证.md
NEW|sources/微信公号资料/最高人民检察院/最高检-高质效办案在基层-md/[2025-06-29]检字号护航星火辽原.md|wiki/summaries/summary_20250629_最高人民检察院_高质效办案在基层_检字号护航星火辽原.md
NEW|sources/微信公号资料/最高人民检察院/最高检-高质效办案在基层-md/[2025-07-05]以首善标准迈向数智检察未至之境.md|wiki/summaries/summary_20250705_最高人民检察院_高质效办案在基层_以首善标准迈向数智检察未至之境.md
NEW|sources/微信公号资料/最高人民检察院/最高检-高质效办案在基层-md/[2025-07-14]数智融合催生法律监督新战力.md|wiki/summaries/summary_20250714_最高人民检察院_高质效办案在基层_数智融合催生法律监督新战力.md
NEW|sources/微信公号资料/最高人民检察院/最高检-高质效办案在基层-md/[2025-07-18]一张网绘就燕赵检察守护图.md|wiki/summaries/summary_20250718_最高人民检察院_高质效办案在基层_一张网绘就燕赵检察守护图.md
NEW|sources/微信公号资料/最高人民检察院/最高检-高质效办案在基层-md/[2025-08-02]绘就云岭大地边疆稳固画卷.md|wiki/summaries/summary_20250802_最高人民检察院_高质效办案在基层_绘就云岭大地边疆稳固画卷.md
NEW|sources/微信公号资料/最高人民检察院/最高检-高质效办案在基层-md/[2025-08-07]只为此间青绿.md|wiki/summaries/summary_20250807_最高人民检察院_高质效办案在基层_只为此间青绿.md
NEW|sources/微信公号资料/最高人民检察院/最高检-高质效办案在基层-md/[2025-08-11]海拔4000米镌刻检察守护新坐标.md|wiki/summaries/summary_20250811_最高人民检察院_高质效办案在基层_海拔4000米镌刻检察守护新坐标.md
NEW|sources/微信公号资料/最高人民检察院/最高检-高质效办案在基层-md/[2025-08-23]双进进的是百姓的心.md|wiki/summaries/summary_20250823_最高人民检察院_高质效办案在基层_双进进的是百姓的心.md
NEW|sources/微信公号资料/最高人民检察院/最高检-高质效办案在基层-md/[2025-09-08]绘就高原文化美美与共新画卷.md|wiki/summaries/summary_20250908_最高人民检察院_高质效办案在基层_绘就高原文化美美与共新画卷.md
NEW|sources/微信公号资料/最高人民检察院/最高检-高质效办案在基层-md/[2025-09-11]护航大象军团行稳致远.md|wiki/summaries/summary_20250911_最高人民检察院_高质效办案在基层_护航大象军团行稳致远.md
NEW|sources/微信公号资料/最高人民检察院/最高检-高质效办案在基层-md/[2025-09-14]丝路古道数字检察花正红.md|wiki/summaries/summary_20250914_最高人民检察院_高质效办案在基层_丝路古道数字检察花正红.md
NEW|sources/微信公号资料/最高人民检察院/最高检-高质效办案在基层-md/[2025-09-21]以新护新服务经济大省挑大梁.md|wiki/summaries/summary_20250921_最高人民检察院_高质效办案在基层_以新护新服务经济大省挑大梁.md
NEW|sources/微信公号资料/最高人民检察院/最高检-高质效办案在基层-md/[2025-09-27]共话法治中国行品牌传播新思路.md|wiki/summaries/summary_20250927_最高人民检察院_高质效办案在基层_共话法治中国行品牌传播新思路.md
NEW|sources/微信公号资料/最高人民检察院/最高检-高质效办案在基层-md/[2025-10-09]深沉的爱献给北疆山水林田湖草沙.md|wiki/summaries/summary_20251009_最高人民检察院_高质效办案在基层_深沉的爱献给北疆山水林田湖草沙.md
NEW|sources/微信公号资料/最高人民检察院/最高检-高质效办案在基层-md/[2025-10-21]法治护航黔力奔涌.md|wiki/summaries/summary_20251021_最高人民检察院_高质效办案在基层_法治护航黔力奔涌.md
NEW|sources/微信公号资料/最高人民检察院/最高检-高质效办案在基层-md/[2025-11-17]小微金融何以台州.md|wiki/summaries/summary_20251117_最高人民检察院_高质效办案在基层_小微金融何以台州.md
NEW|sources/微信公号资料/最高人民检察院/最高检-高质效办案在基层-md/[2025-11-18]创新进到哪保护跟到哪.md|wiki/summaries/summary_20251118_最高人民检察院_高质效办案在基层_创新进到哪保护跟到哪.md
NEW|sources/微信公号资料/最高人民检察院/最高检-高质效办案在基层-md/[2025-11-18]历史留下来文化活起来.md|wiki/summaries/summary_20251118_最高人民检察院_高质效办案在基层_历史留下来文化活起来.md
NEW|sources/微信公号资料/最高人民检察院/最高检-高质效办案在基层-md/[2025-11-25]唱响塞上江南共建共治协奏曲.md|wiki/summaries/summary_20251125_最高人民检察院_高质效办案在基层_唱响塞上江南共建共治协奏曲.md
NEW|sources/微信公号资料/最高人民检察院/最高检-高质效办案在基层-md/[2025-12-02]松花江畔群星闪耀.md|wiki/summaries/summary_20251202_最高人民检察院_高质效办案在基层_松花江畔群星闪耀.md
NEW|sources/微信公号资料/最高人民检察院/最高检-高质效办案在基层-md/[2025-12-07]守护漓江擦亮山水名片.md|wiki/summaries/summary_20251207_最高人民检察院_高质效办案在基层_守护漓江擦亮山水名片.md
NEW|sources/微信公号资料/最高人民检察院/最高检-高质效办案在基层-md/[2025-12-11]创新高地法律服务精准保障.md|wiki/summaries/summary_20251211_最高人民检察院_高质效办案在基层_创新高地法律服务精准保障.md
NEW|sources/微信公号资料/最高人民检察院/最高检-高质效办案在基层-md/[2025-12-11]自贸前沿司法动能更加强劲.md|wiki/summaries/summary_20251211_最高人民检察院_高质效办案在基层_自贸前沿司法动能更加强劲.md
NEW|sources/微信公号资料/最高人民检察院/最高检-高质效办案在基层-md/[2025-12-15]白山黑水间绿潮正奔涌.md|wiki/summaries/summary_20251215_最高人民检察院_高质效办案在基层_白山黑水间绿潮正奔涌.md
NEW|sources/微信公号资料/最高人民检察院/最高检-高质效办案在基层-md/[2025-12-18]陇原的诗和远方多一份暖心守护.md|wiki/summaries/summary_20251218_最高人民检察院_高质效办案在基层_陇原的诗和远方多一份暖心守护.md
NEW|sources/微信公号资料/最高人民法院/最高法-入库案例选介-md/[2024-04-18]入库案例选介犬只追逐致路人受惊吓摔伤饲养人管理人应当承担赔偿责任.md|wiki/syntheses/CourtFa_入库案例_入库案例选介犬只追逐致路人受惊吓摔伤饲养人管理人应当承担赔偿责任.md
NEW|sources/微信公号资料/最高人民法院/最高法-入库案例选介-md/[2024-07-18]人民法院案例库入库案例某服务外包公司诉徐某确认劳动关系纠纷案.md|wiki/syntheses/CourtFa_入库案例_人民法院案例库入库案例某服务外包公司诉徐某确认劳动关系纠纷案.md
NEW|sources/微信公号资料/最高人民法院/最高法-入库案例选介-md/[2024-07-18]人民法院案例库入库案例金某等组织卖淫案.md|wiki/syntheses/CourtFa_入库案例_人民法院案例库入库案例金某等组织卖淫案.md
NEW|sources/微信公号资料/最高人民法院/最高法-入库案例选介-md/[2024-08-01]人民法院案例库入库参考案例选介叶某朝正当防卫案.md|wiki/syntheses/CourtFa_入库案例_人民法院案例库入库参考案例选介叶某朝正当防卫案.md
NEW|sources/微信公号资料/最高人民法院/最高法-入库案例选介-md/[2024-08-01]人民法院案例库入库参考案例选介顾某甲顾某乙顾某丙申请指定遗产管理人案.md|wiki/syntheses/CourtFa_入库案例_人民法院案例库入库参考案例选介顾某甲顾某乙顾某丙申请指定遗产管理人案.md
NEW|sources/微信公号资料/最高人民法院/最高法-入库案例选介-md/[2024-08-22]入库参考案例选介李某贵诉资阳市社会保险事业管理局特殊工种提前退休行政确认案.md|wiki/syntheses/CourtFa_入库案例_入库参考案例选介李某贵诉资阳市社会保险事业管理局特殊工种提前退休行政确认案.md
NEW|sources/微信公号资料/最高人民法院/最高法-入库案例选介-md/[2024-08-22]入库参考案例选介陈某荣合同诈骗案.md|wiki/syntheses/CourtFa_入库案例_入库参考案例选介陈某荣合同诈骗案.md
NEW|sources/微信公号资料/最高人民法院/最高法-入库案例选介-md/[2024-08-29]入库参考案例选介王某诉彭某詹某宁某第三人某县民政局收养关系纠纷案.md|wiki/syntheses/CourtFa_入库案例_入库参考案例选介王某诉彭某詹某宁某第三人某县民政局收养关系纠纷案.md
NEW|sources/微信公号资料/最高人民法院/最高法-入库案例选介-md/[2024-08-29]入库参考案例选介陈某交通肇事案.md|wiki/syntheses/CourtFa_入库案例_入库参考案例选介陈某交通肇事案.md
NEW|sources/微信公号资料/最高人民法院/最高法-入库案例选介-md/[2024-09-05]入库参考案例选介朱某飞故意伤害马某民正当防卫案.md|wiki/syntheses/CourtFa_入库案例_入库参考案例选介朱某飞故意伤害马某民正当防卫案.md
NEW|sources/微信公号资料/最高人民法院/最高法-入库案例选介-md/[2024-09-12]入库参考案例选介李某华贪污案.md|wiki/syntheses/CourtFa_入库案例_入库参考案例选介李某华贪污案.md
NEW|sources/微信公号资料/最高人民法院/最高法-入库案例选介-md/[2024-09-19]入库参考案例选介上海某建筑工程有限公司诉某财产保险股份有限公司上海分公司等财.md|wiki/syntheses/CourtFa_入库案例_入库参考案例选介上海某建筑工程有限公司诉某财产保险股份有限公司上海分公司等财.md
NEW|sources/微信公号资料/最高人民法院/最高法-入库案例选介-md/[2024-09-19]入库参考案例选介张某等人破坏计算机信息系统案.md|wiki/syntheses/CourtFa_入库案例_入库参考案例选介张某等人破坏计算机信息系统案.md
NEW|sources/微信公号资料/最高人民法院/最高法-入库案例选介-md/[2024-09-26]入库参考案例选介林某鑫等提供虚假证明文件案.md|wiki/syntheses/CourtFa_入库案例_入库参考案例选介林某鑫等提供虚假证明文件案.md
NEW|sources/微信公号资料/最高人民法院/最高法-入库案例选介-md/[2024-09-26]入库参考案例选介某途教育公司诉王某华劳动争议案.md|wiki/syntheses/CourtFa_入库案例_入库参考案例选介某途教育公司诉王某华劳动争议案.md
NEW|sources/微信公号资料/最高人民法院/最高法-入库案例选介-md/[2024-10-10]入库参考案例选介于某非法持有枪支准许撤回起诉案.md|wiki/syntheses/CourtFa_入库案例_入库参考案例选介于某非法持有枪支准许撤回起诉案.md
NEW|sources/微信公号资料/最高人民法院/最高法-入库案例选介-md/[2024-10-10]入库参考案例选介秦某江诉重庆市綦江区公安局交通巡逻警察支队重庆市綦江区公安局.md|wiki/syntheses/CourtFa_入库案例_入库参考案例选介秦某江诉重庆市綦江区公安局交通巡逻警察支队重庆市綦江区公安局.md
NEW|sources/微信公号资料/最高人民法院/最高法-入库案例选介-md/[2024-10-17]入库参考案例夏某兵行贿案.md|wiki/syntheses/CourtFa_入库案例_入库参考案例夏某兵行贿案.md
NEW|sources/微信公号资料/最高人民法院/最高法-入库案例选介-md/[2024-10-17]入库参考案例解读从法官现场炒辣椒谈日常生活经验法则的运用.md|wiki/syntheses/CourtFa_入库案例_入库参考案例解读从法官现场炒辣椒谈日常生活经验法则的运用.md
NEW|sources/微信公号资料/最高人民法院/最高法-入库案例选介-md/[2024-10-17]入库参考案例解读撤销缓刑情形中犯新罪与发现漏罪并存的处理规则.md|wiki/syntheses/CourtFa_入库案例_入库参考案例解读撤销缓刑情形中犯新罪与发现漏罪并存的处理规则.md
NEW|sources/微信公号资料/最高人民法院/最高法-入库案例选介-md/[2024-10-17]入库参考案例车某玲诉朱某芳相邻关系纠纷案.md|wiki/syntheses/CourtFa_入库案例_入库参考案例车某玲诉朱某芳相邻关系纠纷案.md
NEW|sources/微信公号资料/最高人民法院/最高法-入库案例选介-md/[2024-10-24]入库参考案例刘某甲等诈骗案.md|wiki/syntheses/CourtFa_入库案例_入库参考案例刘某甲等诈骗案.md
NEW|sources/微信公号资料/最高人民法院/最高法-入库案例选介-md/[2024-10-24]入库参考案例某科技成都有限公司深圳市某计算机系统有限公司诉江苏某网络科技有限.md|wiki/syntheses/CourtFa_入库案例_入库参考案例某科技成都有限公司深圳市某计算机系统有限公司诉江苏某网络科技有限.md
NEW|sources/微信公号资料/最高人民法院/最高法-入库案例选介-md/[2024-10-24]入库参考案例解读游戏代练不正当竞争行为的认定.md|wiki/syntheses/CourtFa_入库案例_入库参考案例解读游戏代练不正当竞争行为的认定.md
NEW|sources/微信公号资料/最高人民法院/最高法-入库案例选介-md/[2024-10-24]入库参考案例解读网络销售型诈骗犯罪的司法认定与处理.md|wiki/syntheses/CourtFa_入库案例_入库参考案例解读网络销售型诈骗犯罪的司法认定与处理.md
NEW|sources/微信公号资料/最高人民法院/最高法-入库案例选介-md/[2024-10-31]入库参考案例王某仙诉某幼儿园陈某劳动争议案.md|wiki/syntheses/CourtFa_入库案例_入库参考案例王某仙诉某幼儿园陈某劳动争议案.md
NEW|sources/微信公号资料/最高人民法院/最高法-入库案例选介-md/[2024-10-31]入库参考案例解读收受学生616元的巧克力被开除.md|wiki/syntheses/CourtFa_入库案例_入库参考案例解读收受学生616元的巧克力被开除.md
NEW|sources/微信公号资料/最高人民法院/最高法-入库案例选介-md/[2024-11-07]入库参考案例刘某江交通肇事宣告无罪案.md|wiki/syntheses/CourtFa_入库案例_入库参考案例刘某江交通肇事宣告无罪案.md
NEW|sources/微信公号资料/最高人民法院/最高法-入库案例选介-md/[2024-11-07]入库参考案例解读道路交通事故认定书的审查路径.md|wiki/syntheses/CourtFa_入库案例_入库参考案例解读道路交通事故认定书的审查路径.md
NEW|sources/微信公号资料/最高人民法院/最高法-入库案例选介-md/[2024-11-14]入库参考案例解读非上市公司未经决议为其间接持股100的公司提供担保的效力认定.md|wiki/syntheses/CourtFa_入库案例_入库参考案例解读非上市公司未经决议为其间接持股100的公司提供担保的效力认定.md
NEW|sources/微信公号资料/最高人民法院/最高法-入库案例选介-md/[2024-11-14]入库参考案例重庆市某电缆公司诉重庆某房地产公司西南某房地产集团公司合同纠纷案.md|wiki/syntheses/CourtFa_入库案例_入库参考案例重庆市某电缆公司诉重庆某房地产公司西南某房地产集团公司合同纠纷案.md
NEW|sources/微信公号资料/最高人民法院/最高法-入库案例选介-md/[2024-11-21]入库参考案例张某昌制造毒品案.md|wiki/syntheses/CourtFa_入库案例_入库参考案例张某昌制造毒品案.md
NEW|sources/微信公号资料/最高人民法院/最高法-入库案例选介-md/[2024-11-21]入库参考案例解读制造毒品案件中侦查实验笔录的采信规则.md|wiki/syntheses/CourtFa_入库案例_入库参考案例解读制造毒品案件中侦查实验笔录的采信规则.md
NEW|sources/微信公号资料/最高人民法院/最高法-入库案例选介-md/[2024-11-28]入库参考案例易某华非法引进外来入侵物种案.md|wiki/syntheses/CourtFa_入库案例_入库参考案例易某华非法引进外来入侵物种案.md
NEW|sources/微信公号资料/最高人民法院/最高法-入库案例选介-md/[2024-11-28]入库参考案例解读全国首例非法引进外来入侵物种案的参考指引.md|wiki/syntheses/CourtFa_入库案例_入库参考案例解读全国首例非法引进外来入侵物种案的参考指引.md
NEW|sources/微信公号资料/最高人民法院/最高法-入库案例选介-md/[2024-12-05]入库参考案例聂某诉碧某生活服务集团股份有限公司东莞分公司等物业服务合同纠纷案.md|wiki/syntheses/CourtFa_入库案例_入库参考案例聂某诉碧某生活服务集团股份有限公司东莞分公司等物业服务合同纠纷案.md
NEW|sources/微信公号资料/最高人民法院/最高法-入库案例选介-md/[2024-12-05]入库参考案例解读安装充电设施符合绿色原则物业公司应为业主提供便利.md|wiki/syntheses/CourtFa_入库案例_入库参考案例解读安装充电设施符合绿色原则物业公司应为业主提供便利.md
NEW|sources/微信公号资料/最高人民法院/最高法-入库案例选介-md/[2024-12-12]入库参考案例丁某提供侵入计算机信息系统程序案.md|wiki/syntheses/CourtFa_入库案例_入库参考案例丁某提供侵入计算机信息系统程序案.md
NEW|sources/微信公号资料/最高人民法院/最高法-入库案例选介-md/[2024-12-12]入库参考案例解读提供非法爬虫软件行为的刑法规制.md|wiki/syntheses/CourtFa_入库案例_入库参考案例解读提供非法爬虫软件行为的刑法规制.md
NEW|sources/微信公号资料/最高人民法院/最高法-入库案例选介-md/[2024-12-19]入库参考案例李某远危险作业案.md|wiki/syntheses/CourtFa_入库案例_入库参考案例李某远危险作业案.md
NEW|sources/微信公号资料/最高人民法院/最高法-入库案例选介-md/[2024-12-19]入库参考案例解读前移关口减少事故隐患筑牢安全生产作业防线.md|wiki/syntheses/CourtFa_入库案例_入库参考案例解读前移关口减少事故隐患筑牢安全生产作业防线.md
NEW|sources/微信公号资料/最高人民法院/最高法-入库案例选介-md/[2024-12-26]入库参考案例李某友与商丘鑫某置业有限公司河南省合某建筑工程有限公司建设工程分.md|wiki/syntheses/CourtFa_入库案例_入库参考案例李某友与商丘鑫某置业有限公司河南省合某建筑工程有限公司建设工程分.md
NEW|sources/微信公号资料/最高人民法院/最高法-入库案例选介-md/[2024-12-26]入库参考案例解读涉建设工程施工合同纠纷案件执行中关于债务抵销的处理规则.md|wiki/syntheses/CourtFa_入库案例_入库参考案例解读涉建设工程施工合同纠纷案件执行中关于债务抵销的处理规则.md
NEW|sources/微信公号资料/最高人民法院/最高法-入库案例选介-md/[2025-01-09]入库参考案例解读掩饰隐瞒犯罪所得犯罪所得收益罪中十次以上的认定.md|wiki/syntheses/CourtFa_入库案例_入库参考案例解读掩饰隐瞒犯罪所得犯罪所得收益罪中十次以上的认定.md
NEW|sources/微信公号资料/最高人民法院/最高法-入库案例选介-md/[2025-01-16]入库参考案例解读股东能否以其对公司的债权与出资义务进行抵销.md|wiki/syntheses/CourtFa_入库案例_入库参考案例解读股东能否以其对公司的债权与出资义务进行抵销.md
NEW|sources/微信公号资料/最高人民法院/最高法-入库案例选介-md/[2025-01-23]入库参考案例张某诉上海某生鲜食品有限公司买卖合同纠纷案.md|wiki/syntheses/CourtFa_入库案例_入库参考案例张某诉上海某生鲜食品有限公司买卖合同纠纷案.md
NEW|sources/微信公号资料/最高人民法院/最高法-入库案例选介-md/[2025-01-23]入库参考案例解读食品安全惩罚性赔偿责任的消费要件.md|wiki/syntheses/CourtFa_入库案例_入库参考案例解读食品安全惩罚性赔偿责任的消费要件.md
NEW|sources/微信公号资料/最高人民法院/最高法-入库案例选介-md/[2025-02-06]入库参考案例周某春等36人诉重庆市涪陵区规划和自然资源局规划行政许可案.md|wiki/syntheses/CourtFa_入库案例_入库参考案例周某春等36人诉重庆市涪陵区规划和自然资源局规划行政许可案.md
NEW|sources/微信公号资料/最高人民法院/最高法-入库案例选介-md/[2025-02-06]入库参考案例解读老旧小区加装电梯申请规划许可业主能否一票否决.md|wiki/syntheses/CourtFa_入库案例_入库参考案例解读老旧小区加装电梯申请规划许可业主能否一票否决.md
NEW|sources/微信公号资料/最高人民法院/最高法-入库案例选介-md/[2025-02-13]入库参考案例李某侮辱传播淫秽物品案.md|wiki/syntheses/CourtFa_入库案例_入库参考案例李某侮辱传播淫秽物品案.md
NEW|sources/微信公号资料/最高人民法院/最高法-入库案例选介-md/[2025-02-13]入库参考案例解读传播可识别公民真实身份淫秽物品案件的处理规则.md|wiki/syntheses/CourtFa_入库案例_入库参考案例解读传播可识别公民真实身份淫秽物品案件的处理规则.md
NEW|sources/微信公号资料/最高人民法院/最高法-入库案例选介-md/[2025-02-20]入库参考案例王某偷越国边境案.md|wiki/syntheses/CourtFa_入库案例_入库参考案例王某偷越国边境案.md
NEW|sources/微信公号资料/最高人民法院/最高法-入库案例选介-md/[2025-02-20]入库参考案例解读偷越国边境犯罪中组织拉拢与个人拉拢的界分.md|wiki/syntheses/CourtFa_入库案例_入库参考案例解读偷越国边境犯罪中组织拉拢与个人拉拢的界分.md
NEW|sources/微信公号资料/最高人民法院/最高法-入库案例选介-md/[2025-02-27]入库参考案例彭某与张某执行监督案.md|wiki/syntheses/CourtFa_入库案例_入库参考案例彭某与张某执行监督案.md
NEW|sources/微信公号资料/最高人民法院/最高法-入库案例选介-md/[2025-02-27]入库参考案例解读带租拍卖中租金归属的认定.md|wiki/syntheses/CourtFa_入库案例_入库参考案例解读带租拍卖中租金归属的认定.md
NEW|sources/微信公号资料/最高人民法院/最高法-入库案例选介-md/[2025-03-20]入库参考案例解读AI偷走你的声音怎么办.md|wiki/syntheses/CourtFa_入库案例_入库参考案例解读AI偷走你的声音怎么办.md
NEW|sources/微信公号资料/最高人民法院/最高法-入库案例选介-md/[2025-03-27]入库参考案例李某博集资诈骗案.md|wiki/syntheses/CourtFa_入库案例_入库参考案例李某博集资诈骗案.md
NEW|sources/微信公号资料/最高人民法院/最高法-入库案例选介-md/[2025-03-27]入库参考案例解读以传销方式实施集资诈骗犯罪的罪名界分与共犯处理.md|wiki/syntheses/CourtFa_入库案例_入库参考案例解读以传销方式实施集资诈骗犯罪的罪名界分与共犯处理.md
NEW|sources/微信公号资料/最高人民法院/最高法-入库案例选介-md/[2025-04-03]入库参考案例徐某某诉江苏某学校教育机构责任纠纷案.md|wiki/syntheses/CourtFa_入库案例_入库参考案例徐某某诉江苏某学校教育机构责任纠纷案.md
NEW|sources/微信公号资料/最高人民法院/最高法-入库案例选介-md/[2025-04-03]入库参考案例解读学校是否尽到教育管理职责的审查判断.md|wiki/syntheses/CourtFa_入库案例_入库参考案例解读学校是否尽到教育管理职责的审查判断.md
NEW|sources/微信公号资料/最高人民法院/最高法-入库案例选介-md/[2025-04-10]入库参考案例孙某华危险驾驶案.md|wiki/syntheses/CourtFa_入库案例_入库参考案例孙某华危险驾驶案.md
NEW|sources/微信公号资料/最高人民法院/最高法-入库案例选介-md/[2025-04-10]入库参考案例解读对隔夜醉酒驾驶机动车载客营运行为的处理.md|wiki/syntheses/CourtFa_入库案例_入库参考案例解读对隔夜醉酒驾驶机动车载客营运行为的处理.md
NEW|sources/微信公号资料/最高人民法院/最高法-入库案例选介-md/[2025-04-17]入库参考案例解读以借用为名非法占有他人财物行为的定性.md|wiki/syntheses/CourtFa_入库案例_入库参考案例解读以借用为名非法占有他人财物行为的定性.md
NEW|sources/微信公号资料/最高人民法院/最高法-入库案例选介-md/[2025-04-24]入库参考案例南某有限公司诉淮安市华某庄园酿酒有限公司杭州正某贸易有限公司商标.md|wiki/syntheses/CourtFa_入库案例_入库参考案例南某有限公司诉淮安市华某庄园酿酒有限公司杭州正某贸易有限公司商标.md
NEW|sources/微信公号资料/最高人民法院/最高法-入库案例选介-md/[2025-04-24]入库参考案例解读未注册驰名商标的认定标准及权利保护.md|wiki/syntheses/CourtFa_入库案例_入库参考案例解读未注册驰名商标的认定标准及权利保护.md
NEW|sources/微信公号资料/最高人民法院/最高法-入库案例选介-md/[2025-05-01]入库参考案例上海芯某智能科技有限公司诉龙某技术股份有限公司广东某丘科技有限公.md|wiki/syntheses/CourtFa_入库案例_入库参考案例上海芯某智能科技有限公司诉龙某技术股份有限公司广东某丘科技有限公.md
NEW|sources/微信公号资料/最高人民法院/最高法-入库案例选介-md/[2025-05-01]入库参考案例解读指令集知识产权保护的边界和规则.md|wiki/syntheses/CourtFa_入库案例_入库参考案例解读指令集知识产权保护的边界和规则.md
NEW|sources/微信公号资料/最高人民法院/最高法-入库案例选介-md/[2025-05-08]入库参考案例张某细强制医疗案.md|wiki/syntheses/CourtFa_入库案例_入库参考案例张某细强制医疗案.md
NEW|sources/微信公号资料/最高人民法院/最高法-入库案例选介-md/[2025-05-08]入库参考案例解读对继续强制医疗决定不服的能否申请复议.md|wiki/syntheses/CourtFa_入库案例_入库参考案例解读对继续强制医疗决定不服的能否申请复议.md
NEW|sources/微信公号资料/最高人民法院/最高法-入库案例选介-md/[2025-05-15]入库参考案例付某见以危险方法危害公共安全案.md|wiki/syntheses/CourtFa_入库案例_入库参考案例付某见以危险方法危害公共安全案.md
NEW|sources/微信公号资料/最高人民法院/最高法-入库案例选介-md/[2025-05-15]入库参考案例解读驾驶汽车冲撞人群致人死伤行为的定性.md|wiki/syntheses/CourtFa_入库案例_入库参考案例解读驾驶汽车冲撞人群致人死伤行为的定性.md
NEW|sources/微信公号资料/最高人民法院/最高法-入库案例选介-md/[2025-05-22]入库参考案例杨某刘某妨害兴奋剂管理案.md|wiki/syntheses/CourtFa_入库案例_入库参考案例杨某刘某妨害兴奋剂管理案.md
NEW|sources/微信公号资料/最高人民法院/最高法-入库案例选介-md/[2025-05-22]入库参考案例解读全国首例妨害兴奋剂管理罪案的法理分析.md|wiki/syntheses/CourtFa_入库案例_入库参考案例解读全国首例妨害兴奋剂管理罪案的法理分析.md
NEW|sources/微信公号资料/最高人民法院/最高法-入库案例选介-md/[2025-06-05]入库参考案例北京某科技有限公司诉杭州某网络技术有限公司程某阳侵害作品信息网络.md|wiki/syntheses/CourtFa_入库案例_入库参考案例北京某科技有限公司诉杭州某网络技术有限公司程某阳侵害作品信息网络.md
NEW|sources/微信公号资料/最高人民法院/最高法-入库案例选介-md/[2025-06-05]入库参考案例解读网络直播流量造假行为的规制.md|wiki/syntheses/CourtFa_入库案例_入库参考案例解读网络直播流量造假行为的规制.md
NEW|sources/微信公号资料/最高人民法院/最高法-入库案例选介-md/[2025-06-12]入库参考案例翟某可帮助信息网络犯罪活动案.md|wiki/syntheses/CourtFa_入库案例_入库参考案例翟某可帮助信息网络犯罪活动案.md
NEW|sources/微信公号资料/最高人民法院/最高法-入库案例选介-md/[2025-06-12]入库参考案例解读帮助信息网络犯罪活动罪与诈骗罪帮助犯的界分规则.md|wiki/syntheses/CourtFa_入库案例_入库参考案例解读帮助信息网络犯罪活动罪与诈骗罪帮助犯的界分规则.md
NEW|sources/微信公号资料/最高人民法院/最高法-入库案例选介-md/[2025-06-19]入库参考案例南京旭某餐饮管理有限公司诉刘某亮竞业限制纠纷案.md|wiki/syntheses/CourtFa_入库案例_入库参考案例南京旭某餐饮管理有限公司诉刘某亮竞业限制纠纷案.md
NEW|sources/微信公号资料/最高人民法院/最高法-入库案例选介-md/[2025-06-19]入库参考案例解读厨师拌黄瓜被诉违反竞业限制纠纷案的法理分析.md|wiki/syntheses/CourtFa_入库案例_入库参考案例解读厨师拌黄瓜被诉违反竞业限制纠纷案的法理分析.md
NEW|sources/微信公号资料/最高人民法院/最高法-入库案例选介-md/[2025-06-26]入库参考案例武某信用卡诈骗案.md|wiki/syntheses/CourtFa_入库案例_入库参考案例武某信用卡诈骗案.md
NEW|sources/微信公号资料/最高人民法院/最高法-入库案例选介-md/[2025-06-26]入库参考案例解读盗刷信用卡后接收套现款项不重复认定为自洗钱.md|wiki/syntheses/CourtFa_入库案例_入库参考案例解读盗刷信用卡后接收套现款项不重复认定为自洗钱.md
NEW|sources/微信公号资料/最高人民法院/最高法-入库案例选介-md/[2025-07-03]入库参考案例深圳市某脉技术股份有限公司诉华某劳动合同纠纷案.md|wiki/syntheses/CourtFa_入库案例_入库参考案例深圳市某脉技术股份有限公司诉华某劳动合同纠纷案.md
NEW|sources/微信公号资料/最高人民法院/最高法-入库案例选介-md/[2025-07-03]入库参考案例解读因早退一分钟被辞退劳动争议案的法理分析.md|wiki/syntheses/CourtFa_入库案例_入库参考案例解读因早退一分钟被辞退劳动争议案的法理分析.md
NEW|sources/微信公号资料/最高人民法院/最高法-入库案例选介-md/[2025-07-10]入库参考案例田某某刘某某等十二人买卖国家机关公文证件印章买卖身份证件准许撤回.md|wiki/syntheses/CourtFa_入库案例_入库参考案例田某某刘某某等十二人买卖国家机关公文证件印章买卖身份证件准许撤回.md
NEW|sources/微信公号资料/最高人民法院/最高法-入库案例选介-md/[2025-07-10]入库参考案例解读人民法院案例库与法答网的交融互促.md|wiki/syntheses/CourtFa_入库案例_入库参考案例解读人民法院案例库与法答网的交融互促.md
NEW|sources/微信公号资料/最高人民法院/最高法-入库案例选介-md/[2025-07-17]入库参考案例解读已公开的个人信息能随便用吗.md|wiki/syntheses/CourtFa_入库案例_入库参考案例解读已公开的个人信息能随便用吗.md
NEW|sources/微信公号资料/最高人民法院/最高法-入库案例选介-md/[2025-07-17]入库参考案例麦某波诉北京法某科技有限公司北京律某信息技术有限公司网络侵权责任.md|wiki/syntheses/CourtFa_入库案例_入库参考案例麦某波诉北京法某科技有限公司北京律某信息技术有限公司网络侵权责任.md
NEW|sources/微信公号资料/最高人民法院/最高法-入库案例选介-md/[2025-07-24]入库参考案例王某月诉薛某亮清算责任纠纷案.md|wiki/syntheses/CourtFa_入库案例_入库参考案例王某月诉薛某亮清算责任纠纷案.md
NEW|sources/微信公号资料/最高人民法院/最高法-入库案例选介-md/[2025-07-24]入库参考案例解读全国首例职业闭店人承担民事赔偿案的法理分析.md|wiki/syntheses/CourtFa_入库案例_入库参考案例解读全国首例职业闭店人承担民事赔偿案的法理分析.md
NEW|sources/微信公号资料/最高人民法院/最高法-入库案例选介-md/[2025-07-31]入库参考案例柴某诉顾某生命权身体权健康权纠纷案.md|wiki/syntheses/CourtFa_入库案例_入库参考案例柴某诉顾某生命权身体权健康权纠纷案.md
NEW|sources/微信公号资料/最高人民法院/最高法-入库案例选介-md/[2025-07-31]入库参考案例解读好人就该得好报.md|wiki/syntheses/CourtFa_入库案例_入库参考案例解读好人就该得好报.md
NEW|sources/微信公号资料/最高人民法院/最高法-入库案例选介-md/[2025-08-07]入库参考案例刘某华诉张某乡生命权身体权健康权纠纷案.md|wiki/syntheses/CourtFa_入库案例_入库参考案例刘某华诉张某乡生命权身体权健康权纠纷案.md
NEW|sources/微信公号资料/最高人民法院/最高法-入库案例选介-md/[2025-08-07]入库参考案例解读逆行被他人行李箱绊倒谁之过.md|wiki/syntheses/CourtFa_入库案例_入库参考案例解读逆行被他人行李箱绊倒谁之过.md
NEW|sources/微信公号资料/最高人民法院/最高法-入库案例选介-md/[2025-08-14]入库参考案例吴某慧陈某强等侵犯公民个人信息案.md|wiki/syntheses/CourtFa_入库案例_入库参考案例吴某慧陈某强等侵犯公民个人信息案.md
NEW|sources/微信公号资料/最高人民法院/最高法-入库案例选介-md/[2025-08-14]入库参考案例解读网络开盒的刑法后果.md|wiki/syntheses/CourtFa_入库案例_入库参考案例解读网络开盒的刑法后果.md
NEW|sources/微信公号资料/最高人民法院/最高法-入库案例选介-md/[2025-09-11]入库参考案例宋某严盗窃罗某礼掩饰隐瞒犯罪所得案.md|wiki/syntheses/CourtFa_入库案例_入库参考案例宋某严盗窃罗某礼掩饰隐瞒犯罪所得案.md
NEW|sources/微信公号资料/最高人民法院/最高法-入库案例选介-md/[2025-09-11]入库参考案例解读涉机动车掩饰隐瞒犯罪所得刑事案件的量刑规则.md|wiki/syntheses/CourtFa_入库案例_入库参考案例解读涉机动车掩饰隐瞒犯罪所得刑事案件的量刑规则.md
NEW|sources/微信公号资料/最高人民法院/最高法-入库案例选介-md/[2025-10-30]入库参考案例选介威某汽车科技集团有限公司等四家关联企业申请破产重整案.md|wiki/syntheses/CourtFa_入库案例_入库参考案例选介威某汽车科技集团有限公司等四家关联企业申请破产重整案.md
NEW|sources/微信公号资料/最高人民法院/最高法-入库案例选介-md/[2025-11-13]入库参考案例张某中故意伤害宣告无罪案.md|wiki/syntheses/CourtFa_入库案例_入库参考案例张某中故意伤害宣告无罪案.md
NEW|sources/微信公号资料/最高人民法院/最高法-入库案例选介-md/[2025-11-13]入库参考案例解读民间纠纷引发的轻伤害案件的处理规则.md|wiki/syntheses/CourtFa_入库案例_入库参考案例解读民间纠纷引发的轻伤害案件的处理规则.md
NEW|sources/微信公号资料/最高人民法院/最高法-凡人小事-md/[2024-02-28]一场延续了二十多年的接力跑.md|wiki/summaries/summary_20240228_最高人民法院_凡人小事_一场延续了二十多年的接力跑.md
NEW|sources/微信公号资料/最高人民法院/最高法-凡人小事-md/[2024-02-28]大山深处的暖心法官.md|wiki/summaries/summary_20240228_最高人民法院_凡人小事_大山深处的暖心法官.md
NEW|sources/微信公号资料/最高人民法院/最高法-凡人小事-md/[2024-02-28]晚8点开始营业的法庭.md|wiki/summaries/summary_20240228_最高人民法院_凡人小事_晚8点开始营业的法庭.md
NEW|sources/微信公号资料/最高人民法院/最高法-凡人小事-md/[2024-02-29]他最难忘的是这起扑朔迷离的凶杀案.md|wiki/summaries/summary_20240229_最高人民法院_凡人小事_他最难忘的是这起扑朔迷离的凶杀案.md
NEW|sources/微信公号资料/最高人民法院/最高法-凡人小事-md/[2024-02-29]问源循法解锁老有所养.md|wiki/summaries/summary_20240229_最高人民法院_凡人小事_问源循法解锁老有所养.md
NEW|sources/微信公号资料/最高人民法院/最高法-凡人小事-md/[2024-03-01]心头牵挂的是家长里短烦心事.md|wiki/summaries/summary_20240301_最高人民法院_凡人小事_心头牵挂的是家长里短烦心事.md
NEW|sources/微信公号资料/最高人民法院/最高法-凡人小事-md/[2024-03-01]苏法官好样的.md|wiki/summaries/summary_20240301_最高人民法院_凡人小事_苏法官好样的.md
NEW|sources/微信公号资料/最高人民法院/最高法-凡人小事-md/[2024-03-02]他尽了最大努力让这片片雪花凝结在一起.md|wiki/summaries/summary_20240302_最高人民法院_凡人小事_他尽了最大努力让这片片雪花凝结在一起.md
NEW|sources/微信公号资料/最高人民法院/最高法-凡人小事-md/[2024-03-02]你们跑了腿儿暖了俺的心儿.md|wiki/summaries/summary_20240302_最高人民法院_凡人小事_你们跑了腿儿暖了俺的心儿.md
NEW|sources/微信公号资料/最高人民法院/最高法-凡人小事-md/[2024-03-03]以涉老小案件彰显司法为民大担当.md|wiki/summaries/summary_20240303_最高人民法院_凡人小事_以涉老小案件彰显司法为民大担当.md
NEW|sources/微信公号资料/最高人民法院/最高法-凡人小事-md/[2024-03-03]法庭里的临时急诊.md|wiki/summaries/summary_20240303_最高人民法院_凡人小事_法庭里的临时急诊.md
NEW|sources/微信公号资料/最高人民法院/最高法-凡人小事-md/[2024-03-04]他的微信里有516位当事人好友.md|wiki/summaries/summary_20240304_最高人民法院_凡人小事_他的微信里有516位当事人好友.md
NEW|sources/微信公号资料/最高人民法院/最高法-凡人小事-md/[2024-03-05]一案和千案消.md|wiki/summaries/summary_20240305_最高人民法院_凡人小事_一案和千案消.md
NEW|sources/微信公号资料/最高人民法院/最高法-凡人小事-md/[2024-03-06]她的努力浇灌出蓝莓的甘甜.md|wiki/summaries/summary_20240306_最高人民法院_凡人小事_她的努力浇灌出蓝莓的甘甜.md
NEW|sources/微信公号资料/最高人民法院/最高法-凡人小事-md/[2024-03-14]法官我想抱抱你.md|wiki/summaries/summary_20240314_最高人民法院_凡人小事_法官我想抱抱你.md
NEW|sources/微信公号资料/最高人民法院/最高法-凡人小事-md/[2024-03-14]碰瓷维权在他这栽了跟头.md|wiki/summaries/summary_20240314_最高人民法院_凡人小事_碰瓷维权在他这栽了跟头.md
NEW|sources/微信公号资料/最高人民法院/最高法-凡人小事-md/[2024-03-18]土法化解矛盾古稀老人重归于好.md|wiki/summaries/summary_20240318_最高人民法院_凡人小事_土法化解矛盾古稀老人重归于好.md
NEW|sources/微信公号资料/最高人民法院/最高法-凡人小事-md/[2024-03-18]简案不简办在平凡工作中坚守初心.md|wiki/summaries/summary_20240318_最高人民法院_凡人小事_简案不简办在平凡工作中坚守初心.md
NEW|sources/微信公号资料/最高人民法院/最高法-凡人小事-md/[2024-03-20]凛冬之日守护万家温暖.md|wiki/summaries/summary_20240320_最高人民法院_凡人小事_凛冬之日守护万家温暖.md
NEW|sources/微信公号资料/最高人民法院/最高法-凡人小事-md/[2024-03-20]让李奶奶不再失眠.md|wiki/summaries/summary_20240320_最高人民法院_凡人小事_让李奶奶不再失眠.md
NEW|sources/微信公号资料/最高人民法院/最高法-凡人小事-md/[2024-03-22]上门调解暖人心.md|wiki/summaries/summary_20240322_最高人民法院_凡人小事_上门调解暖人心.md
NEW|sources/微信公号资料/最高人民法院/最高法-凡人小事-md/[2024-03-22]经济开发区的法治医生.md|wiki/summaries/summary_20240322_最高人民法院_凡人小事_经济开发区的法治医生.md
NEW|sources/微信公号资料/最高人民法院/最高法-凡人小事-md/[2024-03-24]她做到了一案结两案了.md|wiki/summaries/summary_20240324_最高人民法院_凡人小事_她做到了一案结两案了.md
NEW|sources/微信公号资料/最高人民法院/最高法-凡人小事-md/[2024-03-24]速解群众揪薪事.md|wiki/summaries/summary_20240324_最高人民法院_凡人小事_速解群众揪薪事.md
NEW|sources/微信公号资料/最高人民法院/最高法-凡人小事-md/[2024-03-25]坚守审判一线的抗癌法官.md|wiki/summaries/summary_20240325_最高人民法院_凡人小事_坚守审判一线的抗癌法官.md
NEW|sources/微信公号资料/最高人民法院/最高法-凡人小事-md/[2024-03-25]让善良之花灿烂绽放.md|wiki/summaries/summary_20240325_最高人民法院_凡人小事_让善良之花灿烂绽放.md
NEW|sources/微信公号资料/最高人民法院/最高法-凡人小事-md/[2024-03-26]榴莲专家熟解榴莲案.md|wiki/summaries/summary_20240326_最高人民法院_凡人小事_榴莲专家熟解榴莲案.md
NEW|sources/微信公号资料/最高人民法院/最高法-凡人小事-md/[2024-03-26]甘当为民和事佬.md|wiki/summaries/summary_20240326_最高人民法院_凡人小事_甘当为民和事佬.md
NEW|sources/微信公号资料/最高人民法院/最高法-凡人小事-md/[2024-03-27]判得对和管得宽的法官阿姨.md|wiki/summaries/summary_20240327_最高人民法院_凡人小事_判得对和管得宽的法官阿姨.md
NEW|sources/微信公号资料/最高人民法院/最高法-凡人小事-md/[2024-03-27]办好民生小案解决群众难事.md|wiki/summaries/summary_20240327_最高人民法院_凡人小事_办好民生小案解决群众难事.md
NEW|sources/微信公号资料/最高人民法院/最高法-凡人小事-md/[2024-03-28]一份特殊考卷书写不变关怀.md|wiki/summaries/summary_20240328_最高人民法院_凡人小事_一份特殊考卷书写不变关怀.md
NEW|sources/微信公号资料/最高人民法院/最高法-凡人小事-md/[2024-03-28]数年土地征收补偿纠纷一朝解.md|wiki/summaries/summary_20240328_最高人民法院_凡人小事_数年土地征收补偿纠纷一朝解.md
NEW|sources/微信公号资料/最高人民法院/最高法-凡人小事-md/[2024-03-30]凭一张工天单也能讨回血汗钱.md|wiki/summaries/summary_20240330_最高人民法院_凡人小事_凭一张工天单也能讨回血汗钱.md
NEW|sources/微信公号资料/最高人民法院/最高法-凡人小事-md/[2024-03-30]山村法官深夜上书解水案.md|wiki/summaries/summary_20240330_最高人民法院_凡人小事_山村法官深夜上书解水案.md
NEW|sources/微信公号资料/最高人民法院/最高法-凡人小事-md/[2024-03-31]如我在诉解决好群众问题.md|wiki/summaries/summary_20240331_最高人民法院_凡人小事_如我在诉解决好群众问题.md
NEW|sources/微信公号资料/最高人民法院/最高法-凡人小事-md/[2024-03-31]烤土豆挂在法庭门上了.md|wiki/summaries/summary_20240331_最高人民法院_凡人小事_烤土豆挂在法庭门上了.md
NEW|sources/微信公号资料/最高人民法院/最高法-凡人小事-md/[2024-04-01]用仁心办理刑事铁案的娃娃法官.md|wiki/summaries/summary_20240401_最高人民法院_凡人小事_用仁心办理刑事铁案的娃娃法官.md
NEW|sources/微信公号资料/最高人民法院/最高法-凡人小事-md/[2024-04-01]面对两难死结找到一条活路功夫.md|wiki/summaries/summary_20240401_最高人民法院_凡人小事_面对两难死结找到一条活路功夫.md
NEW|sources/微信公号资料/最高人民法院/最高法-凡人小事-md/[2024-04-02]拉黑的微信又添加竭尽全力让爱回家.md|wiki/summaries/summary_20240402_最高人民法院_凡人小事_拉黑的微信又添加竭尽全力让爱回家.md
NEW|sources/微信公号资料/最高人民法院/最高法-凡人小事-md/[2024-04-02]擅长处理婆媳关系的亚克西法官.md|wiki/summaries/summary_20240402_最高人民法院_凡人小事_擅长处理婆媳关系的亚克西法官.md
NEW|sources/微信公号资料/最高人民法院/最高法-凡人小事-md/[2024-04-03]小都法官的笑容又回来了.md|wiki/summaries/summary_20240403_最高人民法院_凡人小事_小都法官的笑容又回来了.md
NEW|sources/微信公号资料/最高人民法院/最高法-凡人小事-md/[2024-04-03]揭开百万房产跨越十年的层层谜团.md|wiki/summaries/summary_20240403_最高人民法院_凡人小事_揭开百万房产跨越十年的层层谜团.md
NEW|sources/微信公号资料/最高人民法院/最高法-凡人小事-md/[2024-04-04]法官切中肯綮讼争多年的四兄妹抱头痛哭.md|wiki/summaries/summary_20240404_最高人民法院_凡人小事_法官切中肯綮讼争多年的四兄妹抱头痛哭.md
NEW|sources/微信公号资料/最高人民法院/最高法-凡人小事-md/[2024-04-04]现场监控被暴雨毁坏如何为纠纷求解.md|wiki/summaries/summary_20240404_最高人民法院_凡人小事_现场监控被暴雨毁坏如何为纠纷求解.md
NEW|sources/微信公号资料/最高人民法院/最高法-凡人小事-md/[2024-04-06]夺女之敌变成护女联盟.md|wiki/summaries/summary_20240406_最高人民法院_凡人小事_夺女之敌变成护女联盟.md
NEW|sources/微信公号资料/最高人民法院/最高法-凡人小事-md/[2024-04-06]法官流动工作站里的掌声.md|wiki/summaries/summary_20240406_最高人民法院_凡人小事_法官流动工作站里的掌声.md
NEW|sources/微信公号资料/最高人民法院/最高法-凡人小事-md/[2024-04-07]他把调解工作做到了极致.md|wiki/summaries/summary_20240407_最高人民法院_凡人小事_他把调解工作做到了极致.md
NEW|sources/微信公号资料/最高人民法院/最高法-凡人小事-md/[2024-04-07]双胞胎姐妹俩的出生证终于办下来了.md|wiki/summaries/summary_20240407_最高人民法院_凡人小事_双胞胎姐妹俩的出生证终于办下来了.md
NEW|sources/微信公号资料/最高人民法院/最高法-凡人小事-md/[2024-04-10]用温和的司法方式浇灌期望传递温暖.md|wiki/summaries/summary_20240410_最高人民法院_凡人小事_用温和的司法方式浇灌期望传递温暖.md
NEW|sources/微信公号资料/最高人民法院/最高法-凡人小事-md/[2024-04-11]住进来好几年了这个寒冬格外热乎.md|wiki/summaries/summary_20240411_最高人民法院_凡人小事_住进来好几年了这个寒冬格外热乎.md
NEW|sources/微信公号资料/最高人民法院/最高法-凡人小事-md/[2024-04-11]她将收回的涉案款退给了每一位被害人.md|wiki/summaries/summary_20240411_最高人民法院_凡人小事_她将收回的涉案款退给了每一位被害人.md
NEW|sources/微信公号资料/最高人民法院/最高法-凡人小事-md/[2024-04-12]了却矿工闹心事赢得纠纷一并清.md|wiki/summaries/summary_20240412_最高人民法院_凡人小事_了却矿工闹心事赢得纠纷一并清.md
NEW|sources/微信公号资料/最高人民法院/最高法-凡人小事-md/[2024-04-12]法官阿姨与无助男孩的一次见面.md|wiki/summaries/summary_20240412_最高人民法院_凡人小事_法官阿姨与无助男孩的一次见面.md
NEW|sources/微信公号资料/最高人民法院/最高法-凡人小事-md/[2024-04-13]多方奔走妥处精神病人肇事案.md|wiki/summaries/summary_20240413_最高人民法院_凡人小事_多方奔走妥处精神病人肇事案.md
NEW|sources/微信公号资料/最高人民法院/最高法-凡人小事-md/[2024-04-13]雪乡有她再冷的天心也暖.md|wiki/summaries/summary_20240413_最高人民法院_凡人小事_雪乡有她再冷的天心也暖.md
NEW|sources/微信公号资料/最高人民法院/最高法-凡人小事-md/[2024-04-14]一个危在旦夕的家庭得到了安顿.md|wiki/summaries/summary_20240414_最高人民法院_凡人小事_一个危在旦夕的家庭得到了安顿.md
NEW|sources/微信公号资料/最高人民法院/最高法-凡人小事-md/[2024-04-14]一次失败调解的峰回路转.md|wiki/summaries/summary_20240414_最高人民法院_凡人小事_一次失败调解的峰回路转.md
NEW|sources/微信公号资料/最高人民法院/最高法-凡人小事-md/[2024-04-15]662户业主领到了迟到多年的房产证.md|wiki/summaries/summary_20240415_最高人民法院_凡人小事_662户业主领到了迟到多年的房产证.md
NEW|sources/微信公号资料/最高人民法院/最高法-凡人小事-md/[2024-04-15]巧断一桩家务事弥合半世母子情.md|wiki/summaries/summary_20240415_最高人民法院_凡人小事_巧断一桩家务事弥合半世母子情.md
NEW|sources/微信公号资料/最高人民法院/最高法-凡人小事-md/[2024-04-17]20年间他帮当事人申请调整了19次伤残津贴.md|wiki/summaries/summary_20240417_最高人民法院_凡人小事_20年间他帮当事人申请调整了19次伤残津贴.md
NEW|sources/微信公号资料/最高人民法院/最高法-凡人小事-md/[2024-04-17]一个足球引发的两难执行.md|wiki/summaries/summary_20240417_最高人民法院_凡人小事_一个足球引发的两难执行.md
NEW|sources/微信公号资料/最高人民法院/最高法-凡人小事-md/[2024-04-19]守护63户居民的安居梦.md|wiki/summaries/summary_20240419_最高人民法院_凡人小事_守护63户居民的安居梦.md
NEW|sources/微信公号资料/最高人民法院/最高法-凡人小事-md/[2024-04-19]法院诉前调解真是太好了.md|wiki/summaries/summary_20240419_最高人民法院_凡人小事_法院诉前调解真是太好了.md
NEW|sources/微信公号资料/最高人民法院/最高法-凡人小事-md/[2024-04-20]是你解开了我心里的疙瘩啊.md|wiki/summaries/summary_20240420_最高人民法院_凡人小事_是你解开了我心里的疙瘩啊.md
NEW|sources/微信公号资料/最高人民法院/最高法-凡人小事-md/[2024-04-20]闺女姨替我们全家感谢你.md|wiki/summaries/summary_20240420_最高人民法院_凡人小事_闺女姨替我们全家感谢你.md
NEW|sources/微信公号资料/最高人民法院/最高法-凡人小事-md/[2024-04-21]到现场去看看心里才有底.md|wiki/summaries/summary_20240421_最高人民法院_凡人小事_到现场去看看心里才有底.md
NEW|sources/微信公号资料/最高人民法院/最高法-凡人小事-md/[2024-04-21]纠纷化解在了田间地头.md|wiki/summaries/summary_20240421_最高人民法院_凡人小事_纠纷化解在了田间地头.md
NEW|sources/微信公号资料/最高人民法院/最高法-凡人小事-md/[2024-04-22]两个小姑娘拉住了彼此的手.md|wiki/summaries/summary_20240422_最高人民法院_凡人小事_两个小姑娘拉住了彼此的手.md
NEW|sources/微信公号资料/最高人民法院/最高法-凡人小事-md/[2024-04-23]为黎乡槟榔地划出一条和谐路.md|wiki/summaries/summary_20240423_最高人民法院_凡人小事_为黎乡槟榔地划出一条和谐路.md
NEW|sources/微信公号资料/最高人民法院/最高法-凡人小事-md/[2024-04-23]把走上犯罪歧途的少年拉回正轨.md|wiki/summaries/summary_20240423_最高人民法院_凡人小事_把走上犯罪歧途的少年拉回正轨.md
NEW|sources/微信公号资料/最高人民法院/最高法-凡人小事-md/[2024-04-24]以破促立让企业重生.md|wiki/summaries/summary_20240424_最高人民法院_凡人小事_以破促立让企业重生.md
NEW|sources/微信公号资料/最高人民法院/最高法-凡人小事-md/[2024-04-25]如我在诉让案件拨云见日.md|wiki/summaries/summary_20240425_最高人民法院_凡人小事_如我在诉让案件拨云见日.md
NEW|sources/微信公号资料/最高人民法院/最高法-凡人小事-md/[2024-04-25]走近了心就化开了结.md|wiki/summaries/summary_20240425_最高人民法院_凡人小事_走近了心就化开了结.md
NEW|sources/微信公号资料/最高人民法院/最高法-凡人小事-md/[2024-04-28]合作养藏獒亏了几十万这可怎么办.md|wiki/summaries/summary_20240428_最高人民法院_凡人小事_合作养藏獒亏了几十万这可怎么办.md
NEW|sources/微信公号资料/最高人民法院/最高法-凡人小事-md/[2024-04-28]小海的通行烦恼终于解决了.md|wiki/summaries/summary_20240428_最高人民法院_凡人小事_小海的通行烦恼终于解决了.md
NEW|sources/微信公号资料/最高人民法院/最高法-凡人小事-md/[2024-04-29]不能彻底解决矛盾诉讼只会层出不穷.md|wiki/summaries/summary_20240429_最高人民法院_凡人小事_不能彻底解决矛盾诉讼只会层出不穷.md
NEW|sources/微信公号资料/最高人民法院/最高法-凡人小事-md/[2024-04-29]田间地头现场化解邻里心结.md|wiki/summaries/summary_20240429_最高人民法院_凡人小事_田间地头现场化解邻里心结.md
NEW|sources/微信公号资料/最高人民法院/最高法-凡人小事-md/[2024-04-30]多方协调解开陈年千千结.md|wiki/summaries/summary_20240430_最高人民法院_凡人小事_多方协调解开陈年千千结.md
NEW|sources/微信公号资料/最高人民法院/最高法-凡人小事-md/[2024-04-30]融情于法润童心.md|wiki/summaries/summary_20240430_最高人民法院_凡人小事_融情于法润童心.md
NEW|sources/微信公号资料/最高人民法院/最高法-凡人小事-md/[2024-05-06]立案庭里的一场判后答疑.md|wiki/summaries/summary_20240506_最高人民法院_凡人小事_立案庭里的一场判后答疑.md
NEW|sources/微信公号资料/最高人民法院/最高法-凡人小事-md/[2024-05-06]这个协议公道我们不告了.md|wiki/summaries/summary_20240506_最高人民法院_凡人小事_这个协议公道我们不告了.md
NEW|sources/微信公号资料/最高人民法院/最高法-凡人小事-md/[2024-05-07]照顾瘫痪公爹的儿媳拿到了抚恤金.md|wiki/summaries/summary_20240507_最高人民法院_凡人小事_照顾瘫痪公爹的儿媳拿到了抚恤金.md
NEW|sources/微信公号资料/最高人民法院/最高法-凡人小事-md/[2024-05-07]终于在一个深夜打通了电话.md|wiki/summaries/summary_20240507_最高人民法院_凡人小事_终于在一个深夜打通了电话.md
NEW|sources/微信公号资料/最高人民法院/最高法-凡人小事-md/[2024-05-08]只要公平公正解决问题就没什么好怕的.md|wiki/summaries/summary_20240508_最高人民法院_凡人小事_只要公平公正解决问题就没什么好怕的.md
NEW|sources/微信公号资料/最高人民法院/最高法-凡人小事-md/[2024-05-08]案件办理这么快马法官真中嘞.md|wiki/summaries/summary_20240508_最高人民法院_凡人小事_案件办理这么快马法官真中嘞.md
NEW|sources/微信公号资料/最高人民法院/最高法-凡人小事-md/[2024-05-09]普珍法官亚古都.md|wiki/summaries/summary_20240509_最高人民法院_凡人小事_普珍法官亚古都.md
NEW|sources/微信公号资料/最高人民法院/最高法-凡人小事-md/[2024-05-09]谢谢您您解决了上千住户的燃眉之急.md|wiki/summaries/summary_20240509_最高人民法院_凡人小事_谢谢您您解决了上千住户的燃眉之急.md
NEW|sources/微信公号资料/最高人民法院/最高法-凡人小事-md/[2024-05-10]姐弟间的疙瘩终于解开了.md|wiki/summaries/summary_20240510_最高人民法院_凡人小事_姐弟间的疙瘩终于解开了.md
NEW|sources/微信公号资料/最高人民法院/最高法-凡人小事-md/[2024-05-11]一场全民参与的查人找物.md|wiki/summaries/summary_20240511_最高人民法院_凡人小事_一场全民参与的查人找物.md
NEW|sources/微信公号资料/最高人民法院/最高法-凡人小事-md/[2024-05-11]松西村再没发生过家暴.md|wiki/summaries/summary_20240511_最高人民法院_凡人小事_松西村再没发生过家暴.md
NEW|sources/微信公号资料/最高人民法院/最高法-凡人小事-md/[2024-05-13]没想到居然当庭拿到了误工费.md|wiki/summaries/summary_20240513_最高人民法院_凡人小事_没想到居然当庭拿到了误工费.md
NEW|sources/微信公号资料/最高人民法院/最高法-凡人小事-md/[2024-05-13]调解一起案件挽救一个家庭.md|wiki/summaries/summary_20240513_最高人民法院_凡人小事_调解一起案件挽救一个家庭.md
NEW|sources/微信公号资料/最高人民法院/最高法-凡人小事-md/[2024-05-14]一个坏孩子的彻底蜕变.md|wiki/summaries/summary_20240514_最高人民法院_凡人小事_一个坏孩子的彻底蜕变.md
NEW|sources/微信公号资料/最高人民法院/最高法-凡人小事-md/[2024-05-14]相比结一个案子我更想帮一个孩子.md|wiki/summaries/summary_20240514_最高人民法院_凡人小事_相比结一个案子我更想帮一个孩子.md
NEW|sources/微信公号资料/最高人民法院/最高法-凡人小事-md/[2024-05-18]25块钱的诉讼费解决了充电难的大问题.md|wiki/summaries/summary_20240518_最高人民法院_凡人小事_25块钱的诉讼费解决了充电难的大问题.md
NEW|sources/微信公号资料/最高人民法院/最高法-凡人小事-md/[2024-05-18]无声的对白守护特别的你.md|wiki/summaries/summary_20240518_最高人民法院_凡人小事_无声的对白守护特别的你.md
NEW|sources/微信公号资料/最高人民法院/最高法-凡人小事-md/[2024-05-19]牧场里的解纷普法新枫景.md|wiki/summaries/summary_20240519_最高人民法院_凡人小事_牧场里的解纷普法新枫景.md
NEW|sources/微信公号资料/最高人民法院/最高法-凡人小事-md/[2024-05-19]陈法官有个商事调解五步法.md|wiki/summaries/summary_20240519_最高人民法院_凡人小事_陈法官有个商事调解五步法.md
NEW|sources/微信公号资料/最高人民法院/最高法-凡人小事-md/[2024-05-20]家庭教育指导令成长档案.md|wiki/summaries/summary_20240520_最高人民法院_凡人小事_家庭教育指导令成长档案.md
NEW|sources/微信公号资料/最高人民法院/最高法-凡人小事-md/[2024-05-20]巧用村规民约解纷争.md|wiki/summaries/summary_20240520_最高人民法院_凡人小事_巧用村规民约解纷争.md
NEW|sources/微信公号资料/最高人民法院/最高法-凡人小事-md/[2024-05-22]他的努力让见义勇为者更有底气.md|wiki/summaries/summary_20240522_最高人民法院_凡人小事_他的努力让见义勇为者更有底气.md
NEW|sources/微信公号资料/最高人民法院/最高法-凡人小事-md/[2024-05-22]这家企业知产纠纷为啥下降超90.md|wiki/summaries/summary_20240522_最高人民法院_凡人小事_这家企业知产纠纷为啥下降超90.md
NEW|sources/微信公号资料/最高人民法院/最高法-凡人小事-md/[2024-05-23]把司法为民写得端端正正.md|wiki/summaries/summary_20240523_最高人民法院_凡人小事_把司法为民写得端端正正.md
NEW|sources/微信公号资料/最高人民法院/最高法-凡人小事-md/[2024-05-24]专业接地气解决了麻烦事.md|wiki/summaries/summary_20240524_最高人民法院_凡人小事_专业接地气解决了麻烦事.md
NEW|sources/微信公号资料/最高人民法院/最高法-凡人小事-md/[2024-05-24]从一厘米缝隙里开出来的涉案车辆.md|wiki/summaries/summary_20240524_最高人民法院_凡人小事_从一厘米缝隙里开出来的涉案车辆.md
NEW|sources/微信公号资料/最高人民法院/最高法-凡人小事-md/[2024-05-25]一封信唤醒亲情解心结.md|wiki/summaries/summary_20240525_最高人民法院_凡人小事_一封信唤醒亲情解心结.md
NEW|sources/微信公号资料/最高人民法院/最高法-凡人小事-md/[2024-05-25]把家事案件当成自家事办.md|wiki/summaries/summary_20240525_最高人民法院_凡人小事_把家事案件当成自家事办.md
NEW|sources/微信公号资料/最高人民法院/最高法-凡人小事-md/[2024-05-27]物业公司不作为法官下沉来解围.md|wiki/summaries/summary_20240527_最高人民法院_凡人小事_物业公司不作为法官下沉来解围.md
NEW|sources/微信公号资料/最高人民法院/最高法-凡人小事-md/[2024-05-28]她抱着娃化解了一起讨薪纠纷.md|wiki/summaries/summary_20240528_最高人民法院_凡人小事_她抱着娃化解了一起讨薪纠纷.md
NEW|sources/微信公号资料/最高人民法院/最高法-凡人小事-md/[2024-05-28]持续暴雪天气里的线上调解.md|wiki/summaries/summary_20240528_最高人民法院_凡人小事_持续暴雪天气里的线上调解.md
NEW|sources/微信公号资料/最高人民法院/最高法-凡人小事-md/[2024-05-29]希望每个人都能被世界温柔以待.md|wiki/summaries/summary_20240529_最高人民法院_凡人小事_希望每个人都能被世界温柔以待.md
NEW|sources/微信公号资料/最高人民法院/最高法-凡人小事-md/[2024-05-29]能遇见你所有的等待都是值得的.md|wiki/summaries/summary_20240529_最高人民法院_凡人小事_能遇见你所有的等待都是值得的.md
NEW|sources/微信公号资料/最高人民法院/最高法-凡人小事-md/[2024-06-02]善解老人心结的牛磨王法官.md|wiki/summaries/summary_20240602_最高人民法院_凡人小事_善解老人心结的牛磨王法官.md
NEW|sources/微信公号资料/最高人民法院/最高法-凡人小事-md/[2024-06-02]官司输了她却给法官写了封感谢信.md|wiki/summaries/summary_20240602_最高人民法院_凡人小事_官司输了她却给法官写了封感谢信.md
NEW|sources/微信公号资料/最高人民法院/最高法-凡人小事-md/[2024-06-11]小法庭里的云上调解.md|wiki/summaries/summary_20240611_最高人民法院_凡人小事_小法庭里的云上调解.md
NEW|sources/微信公号资料/最高人民法院/最高法-凡人小事-md/[2024-06-11]真没有想到这么快就除了我的心病.md|wiki/summaries/summary_20240611_最高人民法院_凡人小事_真没有想到这么快就除了我的心病.md
NEW|sources/微信公号资料/最高人民法院/最高法-凡人小事-md/[2024-06-17]三天上百通电话促成一个调解.md|wiki/summaries/summary_20240617_最高人民法院_凡人小事_三天上百通电话促成一个调解.md
NEW|sources/微信公号资料/最高人民法院/最高法-凡人小事-md/[2024-06-17]她是家事法官也是家庭医生.md|wiki/summaries/summary_20240617_最高人民法院_凡人小事_她是家事法官也是家庭医生.md
NEW|sources/微信公号资料/最高人民法院/最高法-凡人小事-md/[2024-06-18]您让我重拾了对生活的信心.md|wiki/summaries/summary_20240618_最高人民法院_凡人小事_您让我重拾了对生活的信心.md
NEW|sources/微信公号资料/最高人民法院/最高法-凡人小事-md/[2024-06-18]我心里真真切切感受到老百姓对我炽热的信任.md|wiki/summaries/summary_20240618_最高人民法院_凡人小事_我心里真真切切感受到老百姓对我炽热的信任.md
NEW|sources/微信公号资料/最高人民法院/最高法-凡人小事-md/[2024-06-19]一场找不到原告的调解.md|wiki/summaries/summary_20240619_最高人民法院_凡人小事_一场找不到原告的调解.md
NEW|sources/微信公号资料/最高人民法院/最高法-凡人小事-md/[2024-06-19]挡在两个小区居民心间那扇门打开了.md|wiki/summaries/summary_20240619_最高人民法院_凡人小事_挡在两个小区居民心间那扇门打开了.md
NEW|sources/微信公号资料/最高人民法院/最高法-凡人小事-md/[2024-06-20]一起不寻常案件背后的法理情.md|wiki/summaries/summary_20240620_最高人民法院_凡人小事_一起不寻常案件背后的法理情.md
NEW|sources/微信公号资料/最高人民法院/最高法-凡人小事-md/[2024-06-20]李法官名气背后的底气.md|wiki/summaries/summary_20240620_最高人民法院_凡人小事_李法官名气背后的底气.md
NEW|sources/微信公号资料/最高人民法院/最高法-凡人小事-md/[2024-06-21]徐法官我们听你的.md|wiki/summaries/summary_20240621_最高人民法院_凡人小事_徐法官我们听你的.md
NEW|sources/微信公号资料/最高人民法院/最高法-凡人小事-md/[2024-06-21]用倔劲儿办好民生小案.md|wiki/summaries/summary_20240621_最高人民法院_凡人小事_用倔劲儿办好民生小案.md
NEW|sources/微信公号资料/最高人民法院/最高法-凡人小事-md/[2024-06-22]我想把之后的抚养费都付了.md|wiki/summaries/summary_20240622_最高人民法院_凡人小事_我想把之后的抚养费都付了.md
NEW|sources/微信公号资料/最高人民法院/最高法-凡人小事-md/[2024-06-28]用心走完纠纷化解最后一公里.md|wiki/summaries/summary_20240628_最高人民法院_凡人小事_用心走完纠纷化解最后一公里.md
NEW|sources/微信公号资料/最高人民法院/最高法-凡人小事-md/[2024-07-05]52名职工联名送来的锦旗.md|wiki/summaries/summary_20240705_最高人民法院_凡人小事_52名职工联名送来的锦旗.md
NEW|sources/微信公号资料/最高人民法院/最高法-凡人小事-md/[2024-07-09]六年邻里排水纠纷一朝解.md|wiki/summaries/summary_20240709_最高人民法院_凡人小事_六年邻里排水纠纷一朝解.md
NEW|sources/微信公号资料/最高人民法院/最高法-凡人小事-md/[2024-07-10]老郑悬着的心终于放下了.md|wiki/summaries/summary_20240710_最高人民法院_凡人小事_老郑悬着的心终于放下了.md
NEW|sources/微信公号资料/最高人民法院/最高法-凡人小事-md/[2024-07-10]苗岭深处的笑脸.md|wiki/summaries/summary_20240710_最高人民法院_凡人小事_苗岭深处的笑脸.md
NEW|sources/微信公号资料/最高人民法院/最高法-凡人小事-md/[2024-07-11]外滩小巷里的解铃人.md|wiki/summaries/summary_20240711_最高人民法院_凡人小事_外滩小巷里的解铃人.md
NEW|sources/微信公号资料/最高人民法院/最高法-凡人小事-md/[2024-07-13]三起案件与一面锦旗.md|wiki/summaries/summary_20240713_最高人民法院_凡人小事_三起案件与一面锦旗.md
NEW|sources/微信公号资料/最高人民法院/最高法-凡人小事-md/[2024-07-13]在小案件上做好大文章.md|wiki/summaries/summary_20240713_最高人民法院_凡人小事_在小案件上做好大文章.md
NEW|sources/微信公号资料/最高人民法院/最高法-凡人小事-md/[2024-07-14]庭审搬到了大山深处.md|wiki/summaries/summary_20240714_最高人民法院_凡人小事_庭审搬到了大山深处.md
NEW|sources/微信公号资料/最高人民法院/最高法-凡人小事-md/[2024-07-14]案件判决后的电话回访.md|wiki/summaries/summary_20240714_最高人民法院_凡人小事_案件判决后的电话回访.md
NEW|sources/微信公号资料/最高人民法院/最高法-凡人小事-md/[2024-07-18]77岁的婆婆要离婚.md|wiki/summaries/summary_20240718_最高人民法院_凡人小事_77岁的婆婆要离婚.md
NEW|sources/微信公号资料/最高人民法院/最高法-凡人小事-md/[2024-07-18]一揽子化解33起青团纷争.md|wiki/summaries/summary_20240718_最高人民法院_凡人小事_一揽子化解33起青团纷争.md
NEW|sources/微信公号资料/最高人民法院/最高法-凡人小事-md/[2024-07-21]司法救助金让我有了新生活的希望.md|wiki/summaries/summary_20240721_最高人民法院_凡人小事_司法救助金让我有了新生活的希望.md
NEW|sources/微信公号资料/最高人民法院/最高法-凡人小事-md/[2024-07-24]从大海捞针找被告到隔空握手终言和.md|wiki/summaries/summary_20240724_最高人民法院_凡人小事_从大海捞针找被告到隔空握手终言和.md
NEW|sources/微信公号资料/最高人民法院/最高法-凡人小事-md/[2024-07-30]28年无法过户的房子在破产清算中圆满解决.md|wiki/summaries/summary_20240730_最高人民法院_凡人小事_28年无法过户的房子在破产清算中圆满解决.md
NEW|sources/微信公号资料/最高人民法院/最高法-凡人小事-md/[2024-07-31]法庭门口来了位拾荒老人.md|wiki/summaries/summary_20240731_最高人民法院_凡人小事_法庭门口来了位拾荒老人.md
NEW|sources/微信公号资料/最高人民法院/最高法-凡人小事-md/[2024-07-31]这样的判决书好特殊大号字体方言语音.md|wiki/summaries/summary_20240731_最高人民法院_凡人小事_这样的判决书好特殊大号字体方言语音.md
NEW|sources/微信公号资料/最高人民法院/最高法-凡人小事-md/[2024-08-01]从军装到法袍90后的他成了法院的新风景.md|wiki/summaries/summary_20240801_最高人民法院_凡人小事_从军装到法袍90后的他成了法院的新风景.md
NEW|sources/微信公号资料/最高人民法院/最高法-凡人小事-md/[2024-08-01]接到子弟兵的电话后他一刻没有耽搁.md|wiki/summaries/summary_20240801_最高人民法院_凡人小事_接到子弟兵的电话后他一刻没有耽搁.md
NEW|sources/微信公号资料/最高人民法院/最高法-凡人小事-md/[2024-08-02]一纸调解书破解三起案中案.md|wiki/summaries/summary_20240802_最高人民法院_凡人小事_一纸调解书破解三起案中案.md
NEW|sources/微信公号资料/最高人民法院/最高法-凡人小事-md/[2024-08-02]让救命钱有了加速度.md|wiki/summaries/summary_20240802_最高人民法院_凡人小事_让救命钱有了加速度.md
NEW|sources/微信公号资料/最高人民法院/最高法-凡人小事-md/[2024-08-03]一案解多案消为继承房产十年没来往的三兄妹再续亲情.md|wiki/summaries/summary_20240803_最高人民法院_凡人小事_一案解多案消为继承房产十年没来往的三兄妹再续亲情.md
NEW|sources/微信公号资料/最高人民法院/最高法-凡人小事-md/[2024-08-03]天黑了执行法官王石磊说这车瓜卖给我吧.md|wiki/summaries/summary_20240803_最高人民法院_凡人小事_天黑了执行法官王石磊说这车瓜卖给我吧.md
NEW|sources/微信公号资料/最高人民法院/最高法-凡人小事-md/[2024-08-07]卖洋芋的钱还能追回来吗.md|wiki/summaries/summary_20240807_最高人民法院_凡人小事_卖洋芋的钱还能追回来吗.md
NEW|sources/微信公号资料/最高人民法院/最高法-凡人小事-md/[2024-08-07]案件无论大小都关乎当事人的切身利益.md|wiki/summaries/summary_20240807_最高人民法院_凡人小事_案件无论大小都关乎当事人的切身利益.md
NEW|sources/微信公号资料/最高人民法院/最高法-凡人小事-md/[2024-08-08]持续七年的还款短信每月还在继续.md|wiki/summaries/summary_20240808_最高人民法院_凡人小事_持续七年的还款短信每月还在继续.md
NEW|sources/微信公号资料/最高人民法院/最高法-凡人小事-md/[2024-08-09]孩子笑了我们的努力值了.md|wiki/summaries/summary_20240809_最高人民法院_凡人小事_孩子笑了我们的努力值了.md
NEW|sources/微信公号资料/最高人民法院/最高法-凡人小事-md/[2024-08-09]巧用执行思维调解赔偿案.md|wiki/summaries/summary_20240809_最高人民法院_凡人小事_巧用执行思维调解赔偿案.md
NEW|sources/微信公号资料/最高人民法院/最高法-凡人小事-md/[2024-08-10]同志你们是哪个单位的叫什么名字.md|wiki/summaries/summary_20240810_最高人民法院_凡人小事_同志你们是哪个单位的叫什么名字.md
NEW|sources/微信公号资料/最高人民法院/最高法-凡人小事-md/[2024-08-13]由调到判再由判到调为群众办案不能嫌麻烦.md|wiki/summaries/summary_20240813_最高人民法院_凡人小事_由调到判再由判到调为群众办案不能嫌麻烦.md
NEW|sources/微信公号资料/最高人民法院/最高法-凡人小事-md/[2024-08-14]苦口婆心訾庭长的普法教育真有效.md|wiki/summaries/summary_20240814_最高人民法院_凡人小事_苦口婆心訾庭长的普法教育真有效.md
NEW|sources/微信公号资料/最高人民法院/最高法-凡人小事-md/[2024-08-14]这位法院书记员奔赴一场生命之约.md|wiki/summaries/summary_20240814_最高人民法院_凡人小事_这位法院书记员奔赴一场生命之约.md
NEW|sources/微信公号资料/最高人民法院/最高法-凡人小事-md/[2024-08-15]她是这样当好法治副校长的.md|wiki/summaries/summary_20240815_最高人民法院_凡人小事_她是这样当好法治副校长的.md
NEW|sources/微信公号资料/最高人民法院/最高法-凡人小事-md/[2024-08-16]一份放鸭生蛋以蛋抵债的特殊协议.md|wiki/summaries/summary_20240816_最高人民法院_凡人小事_一份放鸭生蛋以蛋抵债的特殊协议.md
NEW|sources/微信公号资料/最高人民法院/最高法-凡人小事-md/[2024-08-16]当大学生外卖骑手撞上了奥迪.md|wiki/summaries/summary_20240816_最高人民法院_凡人小事_当大学生外卖骑手撞上了奥迪.md
NEW|sources/微信公号资料/最高人民法院/最高法-凡人小事-md/[2024-08-17]灰败迷茫的小家庭有了更多光亮.md|wiki/summaries/summary_20240817_最高人民法院_凡人小事_灰败迷茫的小家庭有了更多光亮.md
NEW|sources/微信公号资料/最高人民法院/最高法-凡人小事-md/[2024-08-18]您办案的这股倔劲暖到了我们心坎上.md|wiki/summaries/summary_20240818_最高人民法院_凡人小事_您办案的这股倔劲暖到了我们心坎上.md
NEW|sources/微信公号资料/最高人民法院/最高法-凡人小事-md/[2024-08-19]让出三厘米巧息老邻居的换门风波.md|wiki/summaries/summary_20240819_最高人民法院_凡人小事_让出三厘米巧息老邻居的换门风波.md
NEW|sources/微信公号资料/最高人民法院/最高法-凡人小事-md/[2024-08-20]让迷途人找到回家的路.md|wiki/summaries/summary_20240820_最高人民法院_凡人小事_让迷途人找到回家的路.md
NEW|sources/微信公号资料/最高人民法院/最高法-凡人小事-md/[2024-08-21]关于二手车交易的调解司法建议.md|wiki/summaries/summary_20240821_最高人民法院_凡人小事_关于二手车交易的调解司法建议.md
NEW|sources/微信公号资料/最高人民法院/最高法-凡人小事-md/[2024-08-21]法官跨省寻人记.md|wiki/summaries/summary_20240821_最高人民法院_凡人小事_法官跨省寻人记.md
NEW|sources/微信公号资料/最高人民法院/最高法-凡人小事-md/[2024-08-24]千把元钱的纠纷终于体面解决了.md|wiki/summaries/summary_20240824_最高人民法院_凡人小事_千把元钱的纠纷终于体面解决了.md
NEW|sources/微信公号资料/最高人民法院/最高法-凡人小事-md/[2024-08-24]要没有你们这些攒劲人我们老农民打官司太难了.md|wiki/summaries/summary_20240824_最高人民法院_凡人小事_要没有你们这些攒劲人我们老农民打官司太难了.md
NEW|sources/微信公号资料/最高人民法院/最高法-凡人小事-md/[2024-08-25]离云端最近的地方有个长期助学育人的阿妮更措.md|wiki/summaries/summary_20240825_最高人民法院_凡人小事_离云端最近的地方有个长期助学育人的阿妮更措.md
NEW|sources/微信公号资料/最高人民法院/最高法-凡人小事-md/[2024-08-26]捕鸟人变成了护鸟人.md|wiki/summaries/summary_20240826_最高人民法院_凡人小事_捕鸟人变成了护鸟人.md
NEW|sources/微信公号资料/最高人民法院/最高法-凡人小事-md/[2024-08-27]一场特殊的家庭会议耄耋夫妻不再闹离婚.md|wiki/summaries/summary_20240827_最高人民法院_凡人小事_一场特殊的家庭会议耄耋夫妻不再闹离婚.md
NEW|sources/微信公号资料/最高人民法院/最高法-凡人小事-md/[2024-08-27]一案调而多案解面临倒闭的企业转危为安.md|wiki/summaries/summary_20240827_最高人民法院_凡人小事_一案调而多案解面临倒闭的企业转危为安.md
NEW|sources/微信公号资料/最高人民法院/最高法-凡人小事-md/[2024-08-28]只为接得住当事人信任的目光.md|wiki/summaries/summary_20240828_最高人民法院_凡人小事_只为接得住当事人信任的目光.md
NEW|sources/微信公号资料/最高人民法院/最高法-凡人小事-md/[2024-08-29]打开心结比案件执结更加重要.md|wiki/summaries/summary_20240829_最高人民法院_凡人小事_打开心结比案件执结更加重要.md
NEW|sources/微信公号资料/最高人民法院/最高法-凡人小事-md/[2024-08-30]一位父亲的心愿达成了.md|wiki/summaries/summary_20240830_最高人民法院_凡人小事_一位父亲的心愿达成了.md
NEW|sources/微信公号资料/最高人民法院/最高法-凡人小事-md/[2024-08-30]加油站腾退硬骨头终于啃下来了.md|wiki/summaries/summary_20240830_最高人民法院_凡人小事_加油站腾退硬骨头终于啃下来了.md
NEW|sources/微信公号资料/最高人民法院/最高法-凡人小事-md/[2024-09-03]6小时巡回调解化解30余户村民房产纷争.md|wiki/summaries/summary_20240903_最高人民法院_凡人小事_6小时巡回调解化解30余户村民房产纷争.md
NEW|sources/微信公号资料/最高人民法院/最高法-凡人小事-md/[2024-09-04]两位老人的心墙拆除了.md|wiki/summaries/summary_20240904_最高人民法院_凡人小事_两位老人的心墙拆除了.md
NEW|sources/微信公号资料/最高人民法院/最高法-前沿法评-md/[2025-06-23]上海市高级人民法院党组书记院长贾宇以数字改革助推审判工作现代化.md|wiki/syntheses/CourtFa_前沿法评_上海市高级人民法院党组书记院长贾宇以数字改革助推审判工作现代化.md
NEW|sources/微信公号资料/最高人民法院/最高法-前沿法评-md/[2025-06-30]中国法学会副会长中国人民大学一级教授王利明民法典合同编发挥债法总则功能能够有.md|wiki/syntheses/CourtFa_前沿法评_中国法学会副会长中国人民大学一级教授王利明民法典合同编发挥债法总则功能能够有.md
NEW|sources/微信公号资料/最高人民法院/最高法-前沿法评-md/[2025-07-04]中国商业法研究会副会长武汉大学法学院教授孙晋新修反不正当竞争法整治内卷式竞争.md|wiki/syntheses/CourtFa_前沿法评_中国商业法研究会副会长武汉大学法学院教授孙晋新修反不正当竞争法整治内卷式竞争.md
NEW|sources/微信公号资料/最高人民法院/最高法-前沿法评-md/[2025-07-07]青海省高级人民法院党组书记院长张泽军把如我在诉意识贯穿到审判执行全过程.md|wiki/syntheses/CourtFa_前沿法评_青海省高级人民法院党组书记院长张泽军把如我在诉意识贯穿到审判执行全过程.md
NEW|sources/微信公号资料/最高人民法院/最高法-前沿法评-md/[2025-07-11]北京大学人权与人道法研究中心主任法学院研究员赵宏新修订治安管理处罚法的亮点及.md|wiki/syntheses/CourtFa_前沿法评_北京大学人权与人道法研究中心主任法学院研究员赵宏新修订治安管理处罚法的亮点及.md
NEW|sources/微信公号资料/最高人民法院/最高法-前沿法评-md/[2025-07-14]河南省高级人民法院党组书记院长胡道才以高质量司法助力诚信建设.md|wiki/syntheses/CourtFa_前沿法评_河南省高级人民法院党组书记院长胡道才以高质量司法助力诚信建设.md
NEW|sources/微信公号资料/最高人民法院/最高法-前沿法评-md/[2025-07-18]上海交通大学中国城市治理研究院特邀研究员汤啸天全力推进民营经济促进法落实到位.md|wiki/syntheses/CourtFa_前沿法评_上海交通大学中国城市治理研究院特邀研究员汤啸天全力推进民营经济促进法落实到位.md
NEW|sources/微信公号资料/最高人民法院/最高法-前沿法评-md/[2025-07-21]中国人民大学民商事法律科学研究中心主任法学院教授博士生导师姚辉大力强化民法典.md|wiki/syntheses/CourtFa_前沿法评_中国人民大学民商事法律科学研究中心主任法学院教授博士生导师姚辉大力强化民法典.md
NEW|sources/微信公号资料/最高人民法院/最高法-前沿法评-md/[2025-07-23]哈尔滨工业大学党委书记中国工程院院士陈杰推动人工智能与司法工作稳慎融合.md|wiki/syntheses/CourtFa_前沿法评_哈尔滨工业大学党委书记中国工程院院士陈杰推动人工智能与司法工作稳慎融合.md
NEW|sources/微信公号资料/最高人民法院/最高法-前沿法评-md/[2025-07-25]中国政法大学合规与风险防控研究中心主任法律学院教授王毓莹破解执行异议之诉难题.md|wiki/syntheses/CourtFa_前沿法评_中国政法大学合规与风险防控研究中心主任法律学院教授王毓莹破解执行异议之诉难题.md
NEW|sources/微信公号资料/最高人民法院/最高法-前沿法评-md/[2025-07-28]最高人民法院审判委员会委员行政审判庭庭长耿宝建深化3N工作机制扎实推进行政争.md|wiki/syntheses/CourtFa_前沿法评_最高人民法院审判委员会委员行政审判庭庭长耿宝建深化3N工作机制扎实推进行政争.md
NEW|sources/微信公号资料/最高人民法院/最高法-前沿法评-md/[2025-07-31]最高人民法院研究室主任周加海充分发挥律师工作联络专门机构职能进一步提升律师执.md|wiki/syntheses/CourtFa_前沿法评_最高人民法院研究室主任周加海充分发挥律师工作联络专门机构职能进一步提升律师执.md
NEW|sources/微信公号资料/最高人民法院/最高法-前沿法评-md/[2025-08-04]华东政法大学教授何勤华助理研究员张顺东京审判的法理建构及其国际法意义.md|wiki/syntheses/CourtFa_前沿法评_华东政法大学教授何勤华助理研究员张顺东京审判的法理建构及其国际法意义.md
NEW|sources/微信公号资料/最高人民法院/最高法-前沿法评-md/[2025-08-05]中国人民大学劳动法和社会保障法研究所所长教授林嘉准确理解适用劳动合同已经不能.md|wiki/syntheses/CourtFa_前沿法评_中国人民大学劳动法和社会保障法研究所所长教授林嘉准确理解适用劳动合同已经不能.md
NEW|sources/微信公号资料/最高人民法院/最高法-前沿法评-md/[2025-08-05]中国社会科学院法学研究所研究员王天玉科学界定转包分包挂靠的用工主体责任.md|wiki/syntheses/CourtFa_前沿法评_中国社会科学院法学研究所研究员王天玉科学界定转包分包挂靠的用工主体责任.md
NEW|sources/微信公号资料/最高人民法院/最高法-前沿法评-md/[2025-08-07]中央财经大学法学院教授沈建峰新规则让混同用工不再混乱.md|wiki/syntheses/CourtFa_前沿法评_中央财经大学法学院教授沈建峰新规则让混同用工不再混乱.md
NEW|sources/微信公号资料/最高人民法院/最高法-前沿法评-md/[2025-08-07]北京大学法学院教授叶静漪科学构建竞业限制双阶规则体系.md|wiki/syntheses/CourtFa_前沿法评_北京大学法学院教授叶静漪科学构建竞业限制双阶规则体系.md
NEW|sources/微信公号资料/最高人民法院/最高法-前沿法评-md/[2025-08-08]湖南省高级人民法院党组书记院长朱玉围绕四个三系统推进审判体系现代化.md|wiki/syntheses/CourtFa_前沿法评_湖南省高级人民法院党组书记院长朱玉围绕四个三系统推进审判体系现代化.md
NEW|sources/微信公号资料/最高人民法院/最高法-前沿法评-md/[2025-08-11]重庆市高级人民法院党组书记院长李永利以高质量司法服务筑牢长江上游重要生态屏障.md|wiki/syntheses/CourtFa_前沿法评_重庆市高级人民法院党组书记院长李永利以高质量司法服务筑牢长江上游重要生态屏障.md
NEW|sources/微信公号资料/最高人民法院/最高法-前沿法评-md/[2025-08-13]最高人民法院刑事审判第三庭庭长汪斌严密法网惩处帮信犯罪斩断电诈犯罪上下链条.md|wiki/syntheses/CourtFa_前沿法评_最高人民法院刑事审判第三庭庭长汪斌严密法网惩处帮信犯罪斩断电诈犯罪上下链条.md
NEW|sources/微信公号资料/最高人民法院/最高法-前沿法评-md/[2025-08-15]中国刑事诉讼法学研究会副会长清华大学法学院教授张建伟东京审判一场人类浩劫的法.md|wiki/syntheses/CourtFa_前沿法评_中国刑事诉讼法学研究会副会长清华大学法学院教授张建伟东京审判一场人类浩劫的法.md
NEW|sources/微信公号资料/最高人民法院/最高法-前沿法评-md/[2025-08-18]河北省高级人民法院党组书记院长黄明耀多领域深化京津冀司法协作高质量护航区域协.md|wiki/syntheses/CourtFa_前沿法评_河北省高级人民法院党组书记院长黄明耀多领域深化京津冀司法协作高质量护航区域协.md
NEW|sources/微信公号资料/最高人民法院/最高法-前沿法评-md/[2025-08-19]最高人民法院环境资源审判庭庭长吴兆祥加强执法司法工作协同服务保障长江经济带高.md|wiki/syntheses/CourtFa_前沿法评_最高人民法院环境资源审判庭庭长吴兆祥加强执法司法工作协同服务保障长江经济带高.md
NEW|sources/微信公号资料/最高人民法院/最高法-前沿法评-md/[2025-08-25]宁夏回族自治区高级人民法院党组书记院长安长海一体推进三个素质建设锻造过硬法院.md|wiki/syntheses/CourtFa_前沿法评_宁夏回族自治区高级人民法院党组书记院长安长海一体推进三个素质建设锻造过硬法院.md
NEW|sources/微信公号资料/最高人民法院/最高法-前沿法评-md/[2025-08-26]最高人民法院审判委员会副部级专职委员刘贵祥司法护航民营经济健康发展高质量发展.md|wiki/syntheses/CourtFa_前沿法评_最高人民法院审判委员会副部级专职委员刘贵祥司法护航民营经济健康发展高质量发展.md
NEW|sources/微信公号资料/最高人民法院/最高法-前沿法评-md/[2025-08-28]武汉大学环境法研究所所长法学院院长秦天宝法治协同护长江流域治理启新章.md|wiki/syntheses/CourtFa_前沿法评_武汉大学环境法研究所所长法学院院长秦天宝法治协同护长江流域治理启新章.md
NEW|sources/微信公号资料/最高人民法院/最高法-前沿法评-md/[2025-09-01]最高人民法院执行局局长黄文俊失信惩戒分级分类助力市场主体行稳致远.md|wiki/syntheses/CourtFa_前沿法评_最高人民法院执行局局长黄文俊失信惩戒分级分类助力市场主体行稳致远.md
NEW|sources/微信公号资料/最高人民法院/最高法-前沿法评-md/[2025-09-08]国际刑法学协会副主席暨中国分会主席北京师范大学刑事法律科学研究院教授王秀梅东.md|wiki/syntheses/CourtFa_前沿法评_国际刑法学协会副主席暨中国分会主席北京师范大学刑事法律科学研究院教授王秀梅东.md
NEW|sources/微信公号资料/最高人民法院/最高法-前沿法评-md/[2025-09-11]最高人民法院党组成员副院长杨临萍司法助力打好河西走廊塔克拉玛干沙漠边缘阻击战.md|wiki/syntheses/CourtFa_前沿法评_最高人民法院党组成员副院长杨临萍司法助力打好河西走廊塔克拉玛干沙漠边缘阻击战.md
NEW|sources/微信公号资料/最高人民法院/最高法-前沿法评-md/[2025-09-15]山东省高级人民法院党组书记院长霍敏以高质量司法服务打造现代海洋经济发展高地.md|wiki/syntheses/CourtFa_前沿法评_山东省高级人民法院党组书记院长霍敏以高质量司法服务打造现代海洋经济发展高地.md
NEW|sources/微信公号资料/最高人民法院/最高法-前沿法评-md/[2025-09-17]最高人民法院刑事审判第四庭庭长罗国良精准打击掩隐犯罪维护经济社会发展秩序.md|wiki/syntheses/CourtFa_前沿法评_最高人民法院刑事审判第四庭庭长罗国良精准打击掩隐犯罪维护经济社会发展秩序.md
NEW|sources/微信公号资料/最高人民法院/最高法-前沿法评-md/[2025-09-22]贵州省高级人民法院党组书记院长茆荣华以求其上努力得其上的标准和目标推进薄弱法.md|wiki/syntheses/CourtFa_前沿法评_贵州省高级人民法院党组书记院长茆荣华以求其上努力得其上的标准和目标推进薄弱法.md
NEW|sources/微信公号资料/最高人民法院/最高法-前沿法评-md/[2025-09-23]中国商法学研究会副会长北大教授刘凯湘新修订的仲裁法为铸就仲裁公信力提供制度保.md|wiki/syntheses/CourtFa_前沿法评_中国商法学研究会副会长北大教授刘凯湘新修订的仲裁法为铸就仲裁公信力提供制度保.md
NEW|sources/微信公号资料/最高人民法院/最高法-前沿法评-md/[2025-09-27]中国国际法学会会长武汉大学教授黄进以国际商事法庭高质量发展助力涉外法治建设.md|wiki/syntheses/CourtFa_前沿法评_中国国际法学会会长武汉大学教授黄进以国际商事法庭高质量发展助力涉外法治建设.md
NEW|sources/微信公号资料/最高人民法院/最高法-前沿法评-md/[2025-09-27]中国政法大学涉外法治研究院院长教授孔庆江推进国际商事法庭高质量发展打造国际商.md|wiki/syntheses/CourtFa_前沿法评_中国政法大学涉外法治研究院院长教授孔庆江推进国际商事法庭高质量发展打造国际商.md
NEW|sources/微信公号资料/最高人民法院/最高法-前沿法评-md/[2025-09-30]江苏省高级人民法院党组书记院长夏道虎在司法护航民营经济高质量发展中挑大梁.md|wiki/syntheses/CourtFa_前沿法评_江苏省高级人民法院党组书记院长夏道虎在司法护航民营经济高质量发展中挑大梁.md
NEW|sources/微信公号资料/最高人民法院/最高法-前沿法评-md/[2025-10-10]最高法审委会原副部级专职委员杜万华科学修改企业破产法助力经济高质量发展.md|wiki/syntheses/CourtFa_前沿法评_最高法审委会原副部级专职委员杜万华科学修改企业破产法助力经济高质量发展.md
NEW|sources/微信公号资料/最高人民法院/最高法-前沿法评-md/[2025-10-13]北京市高级人民法院党组书记院长寇昉坚持在法治轨道上加强矛盾纠纷预防化解.md|wiki/syntheses/CourtFa_前沿法评_北京市高级人民法院党组书记院长寇昉坚持在法治轨道上加强矛盾纠纷预防化解.md
NEW|sources/微信公号资料/最高人民法院/最高法-前沿法评-md/[2025-10-17]甘肃省高级人民法院党组书记院长王中明强化两状推广应用为严格公正司法增添全新动.md|wiki/syntheses/CourtFa_前沿法评_甘肃省高级人民法院党组书记院长王中明强化两状推广应用为严格公正司法增添全新动.md
NEW|sources/微信公号资料/最高人民法院/最高法-前沿法评-md/[2025-10-20]中国人民大学信息法中心主任张新宝筑牢人工智能侵权责任防护网.md|wiki/syntheses/CourtFa_前沿法评_中国人民大学信息法中心主任张新宝筑牢人工智能侵权责任防护网.md
NEW|sources/微信公号资料/最高人民法院/最高法-前沿法评-md/[2025-10-22]全国人大常委会法工委立法规划室副主任王历磊贯彻实施法治宣传教育法应当做好深度.md|wiki/syntheses/CourtFa_前沿法评_全国人大常委会法工委立法规划室副主任王历磊贯彻实施法治宣传教育法应当做好深度.md
NEW|sources/微信公号资料/最高人民法院/最高法-前沿法评-md/[2025-10-27]中国人民大学教授谢望原加强对民营经济的刑事法平等保护.md|wiki/syntheses/CourtFa_前沿法评_中国人民大学教授谢望原加强对民营经济的刑事法平等保护.md
NEW|sources/微信公号资料/最高人民法院/最高法-前沿法评-md/[2025-10-31]中南财经政法大学疏义红裁判文书是法治宣传教育的生动教材.md|wiki/syntheses/CourtFa_前沿法评_中南财经政法大学疏义红裁判文书是法治宣传教育的生动教材.md
NEW|sources/微信公号资料/最高人民法院/最高法-前沿法评-md/[2025-10-31]厦门大学法学院新闻传播学院教授郑金雄以法治的方式传播法治.md|wiki/syntheses/CourtFa_前沿法评_厦门大学法学院新闻传播学院教授郑金雄以法治的方式传播法治.md
NEW|sources/微信公号资料/最高人民法院/最高法-前沿法评-md/[2025-11-03]清华大学法学院教授程啸博士生林琳人工智能侵权之产品责任适用的边界与路径.md|wiki/syntheses/CourtFa_前沿法评_清华大学法学院教授程啸博士生林琳人工智能侵权之产品责任适用的边界与路径.md
NEW|sources/微信公号资料/最高人民法院/最高法-前沿法评-md/[2025-11-10]湖北省高级人民法院党组书记院长游劝荣为构建矛盾纠纷预防化解新格局贡献司法力量.md|wiki/syntheses/CourtFa_前沿法评_湖北省高级人民法院党组书记院长游劝荣为构建矛盾纠纷预防化解新格局贡献司法力量.md
NEW|sources/微信公号资料/最高人民法院/最高法-前沿法评-md/[2025-11-14]北京师范大学法学院博士生导师吴沈括开启法治宣传教育制度新篇章.md|wiki/syntheses/CourtFa_前沿法评_北京师范大学法学院博士生导师吴沈括开启法治宣传教育制度新篇章.md
NEW|sources/微信公号资料/最高人民法院/最高法-前沿法评-md/[2025-11-18]吉林省高级人民法院党组书记院长徐家新切实践行做实定分止争.md|wiki/syntheses/CourtFa_前沿法评_吉林省高级人民法院党组书记院长徐家新切实践行做实定分止争.md
NEW|sources/微信公号资料/最高人民法院/最高法-前沿法评-md/[2025-11-26]最高法咨询委副主任委员江必新落实四中全会精神完善司法公正实现机制.md|wiki/syntheses/CourtFa_前沿法评_最高法咨询委副主任委员江必新落实四中全会精神完善司法公正实现机制.md
NEW|sources/微信公号资料/最高人民法院/最高法-前沿法评-md/[2025-12-01]最高法副院长陶凯元以高水平知识产权保护促推高质量发展.md|wiki/syntheses/CourtFa_前沿法评_最高法副院长陶凯元以高水平知识产权保护促推高质量发展.md
NEW|sources/微信公号资料/最高人民法院/最高法-前沿法评-md/[2025-12-03]最高法党组成员副院长杨临萍以高质量司法服务保障国家公园建设.md|wiki/syntheses/CourtFa_前沿法评_最高法党组成员副院长杨临萍以高质量司法服务保障国家公园建设.md
NEW|sources/微信公号资料/最高人民法院/最高法-前沿法评-md/[2025-12-08]天津市高级人民法院党组书记院长李静发挥定分止争职能作用提升矛盾纠纷预防化解法.md|wiki/syntheses/CourtFa_前沿法评_天津市高级人民法院党组书记院长李静发挥定分止争职能作用提升矛盾纠纷预防化解法.md
NEW|sources/微信公号资料/最高人民法院/最高法-前沿法评-md/[2025-12-11]中国政法大学教授罗翔吸毒是否入刑需要具体问题具体分析.md|wiki/syntheses/CourtFa_前沿法评_中国政法大学教授罗翔吸毒是否入刑需要具体问题具体分析.md
NEW|sources/微信公号资料/最高人民法院/最高法-前沿法评-md/[2025-12-15]全国人大常委会法工委民法室副主任刘斌为新时代航运和贸易高质量发展提供坚实法治.md|wiki/syntheses/CourtFa_前沿法评_全国人大常委会法工委民法室副主任刘斌为新时代航运和贸易高质量发展提供坚实法治.md
NEW|sources/微信公号资料/最高人民法院/最高法-前沿法评-md/[2025-12-17]中国政法大学教授时建中以高质量司法护航网络生态治理.md|wiki/syntheses/CourtFa_前沿法评_中国政法大学教授时建中以高质量司法护航网络生态治理.md
NEW|sources/微信公号资料/最高人民法院/最高法-前沿法评-md/[2025-12-18]中国人民大学法学院教授法律与宗教研究中心主任冯玉军扎实推进宗教工作法治化.md|wiki/syntheses/CourtFa_前沿法评_中国人民大学法学院教授法律与宗教研究中心主任冯玉军扎实推进宗教工作法治化.md
NEW|sources/微信公号资料/最高人民法院/最高法-前沿法评-md/[2025-12-22]云南省高级人民法院院长张宏伟筑牢生态安全司法保护屏障.md|wiki/syntheses/CourtFa_前沿法评_云南省高级人民法院院长张宏伟筑牢生态安全司法保护屏障.md
NEW|sources/微信公号资料/最高人民法院/最高法-小案大道理-md/[2020-02-28]私自上树摘杨梅坠亡案再审改判村委会无责法律应是公序良俗的兜底条款.md|wiki/summaries/summary_20200228_最高人民法院_小案大道理_私自上树摘杨梅坠亡案再审改判村委会无责法律应是公序良俗的兜底条款.md
NEW|sources/微信公号资料/最高人民法院/最高法-小案大道理-md/[2020-03-03]老人与儿童相撞离开遇阻猝死案司法裁判给见义勇为者吃定心丸.md|wiki/summaries/summary_20200303_最高人民法院_小案大道理_老人与儿童相撞离开遇阻猝死案司法裁判给见义勇为者吃定心丸.md
NEW|sources/微信公号资料/最高人民法院/最高法-小案大道理-md/[2020-03-11]上海首例高空抛物入刑案头顶的安全离不开守法与善行.md|wiki/summaries/summary_20200311_最高人民法院_小案大道理_上海首例高空抛物入刑案头顶的安全离不开守法与善行.md
NEW|sources/微信公号资料/最高人民法院/最高法-小案大道理-md/[2020-03-12]患者飞踹医生被反击致骨折案判医生不担责彰显正当防卫法条的核心价值.md|wiki/summaries/summary_20200312_最高人民法院_小案大道理_患者飞踹医生被反击致骨折案判医生不担责彰显正当防卫法条的核心价值.md
NEW|sources/微信公号资料/最高人民法院/最高法-小案大道理-md/[2020-03-20]微信群主踢群第一案裁定驳回起诉支持群主依法行使管理职责.md|wiki/summaries/summary_20200320_最高人民法院_小案大道理_微信群主踢群第一案裁定驳回起诉支持群主依法行使管理职责.md
NEW|sources/微信公号资料/最高人民法院/最高法-小案大道理-md/[2020-04-09]海底捞老鼠门案这次老鼠屎没能坏了一锅汤.md|wiki/summaries/summary_20200409_最高人民法院_小案大道理_海底捞老鼠门案这次老鼠屎没能坏了一锅汤.md
NEW|sources/微信公号资料/最高人民法院/最高法-小案大道理-md/[2020-04-11]小偷逃逸跳水溺亡案判追赶群众无责法不强求正义者的注意义务.md|wiki/summaries/summary_20200411_最高人民法院_小案大道理_小偷逃逸跳水溺亡案判追赶群众无责法不强求正义者的注意义务.md
NEW|sources/微信公号资料/最高人民法院/最高法-小案大道理-md/[2020-04-14]冰上遛狗溺亡案成年人自甘风险理当自负其责.md|wiki/summaries/summary_20200414_最高人民法院_小案大道理_冰上遛狗溺亡案成年人自甘风险理当自负其责.md
NEW|sources/微信公号资料/最高人民法院/最高法-小案大道理-md/[2020-05-20]判刑600万赔偿三清山巨蟒峰损毁案警示不得故意损毁自然遗迹.md|wiki/summaries/summary_20200520_最高人民法院_小案大道理_判刑600万赔偿三清山巨蟒峰损毁案警示不得故意损毁自然遗迹.md
NEW|sources/微信公号资料/最高人民法院/最高法-小案大道理-md/[2020-06-03]微信群脏话案社交媒体并非人格权保护的法外飞地.md|wiki/summaries/summary_20200603_最高人民法院_小案大道理_微信群脏话案社交媒体并非人格权保护的法外飞地.md
NEW|sources/微信公号资料/最高人民法院/最高法-小案大道理-md/[2020-06-09]法庭上说谎后果多严重10万元罚单送上门.md|wiki/summaries/summary_20200609_最高人民法院_小案大道理_法庭上说谎后果多严重10万元罚单送上门.md
NEW|sources/微信公号资料/最高人民法院/最高法-小案大道理-md/[2020-06-10]物业拒不配合安装充电桩案未明确约定但亦属物业合同义务.md|wiki/summaries/summary_20200610_最高人民法院_小案大道理_物业拒不配合安装充电桩案未明确约定但亦属物业合同义务.md
NEW|sources/微信公号资料/最高人民法院/最高法-小案大道理-md/[2020-06-16]小偷被失主驾车追赶致伤反告失主法院旗帜鲜明为正当防卫行为撑腰.md|wiki/summaries/summary_20200616_最高人民法院_小案大道理_小偷被失主驾车追赶致伤反告失主法院旗帜鲜明为正当防卫行为撑腰.md
NEW|sources/微信公号资料/最高人民法院/最高法-小案大道理-md/[2020-06-18]村主任开具假证明法院罚.md|wiki/summaries/summary_20200618_最高人民法院_小案大道理_村主任开具假证明法院罚.md
NEW|sources/微信公号资料/最高人民法院/最高法-小案大道理-md/[2020-06-22]孤寡老人去世留下巨额遗产法官照顾她30年的邻居可以分一半.md|wiki/summaries/summary_20200622_最高人民法院_小案大道理_孤寡老人去世留下巨额遗产法官照顾她30年的邻居可以分一半.md
NEW|sources/微信公号资料/最高人民法院/最高法-小案大道理-md/[2020-07-07]保障每位高考考生公平作答.md|wiki/summaries/summary_20200707_最高人民法院_小案大道理_保障每位高考考生公平作答.md
NEW|sources/微信公号资料/最高人民法院/最高法-小案大道理-md/[2020-07-15]未成年人打赏主播近160万元还能退吗.md|wiki/summaries/summary_20200715_最高人民法院_小案大道理_未成年人打赏主播近160万元还能退吗.md
NEW|sources/微信公号资料/最高人民法院/最高法-小案大道理-md/[2020-07-21]乱停车业主车辆被禁止自由出入小区法院权利的行使必须遵守管理公约.md|wiki/summaries/summary_20200721_最高人民法院_小案大道理_乱停车业主车辆被禁止自由出入小区法院权利的行使必须遵守管理公约.md
NEW|sources/微信公号资料/最高人民法院/最高法-小案大道理-md/[2020-08-25]游客擅离游览路线在非游览区坠落受伤法院景区无须赔偿.md|wiki/summaries/summary_20200825_最高人民法院_小案大道理_游客擅离游览路线在非游览区坠落受伤法院景区无须赔偿.md
NEW|sources/微信公号资料/最高人民法院/最高法-小案大道理-md/[2020-11-20]超速别车泼咖啡案司机获刑三个月对路怒绝不止于道德谴责.md|wiki/summaries/summary_20201120_最高人民法院_小案大道理_超速别车泼咖啡案司机获刑三个月对路怒绝不止于道德谴责.md
NEW|sources/微信公号资料/最高人民法院/最高法-小案大道理-md/[2020-12-21]合谋虚构167万元债务两男子因虚假诉讼被判刑.md|wiki/summaries/summary_20201221_最高人民法院_小案大道理_合谋虚构167万元债务两男子因虚假诉讼被判刑.md
NEW|sources/微信公号资料/最高人民法院/最高法-小案大道理-md/[2020-12-27]直播带货销售仿冒手机法院判决主播承担赔偿责任.md|wiki/summaries/summary_20201227_最高人民法院_小案大道理_直播带货销售仿冒手机法院判决主播承担赔偿责任.md
NEW|sources/微信公号资料/最高人民法院/最高法-小案大道理-md/[2021-01-28]为父奔丧被辞退案企业行使管理权应善意宽容及合理.md|wiki/summaries/summary_20210128_最高人民法院_小案大道理_为父奔丧被辞退案企业行使管理权应善意宽容及合理.md
NEW|sources/微信公号资料/最高人民法院/最高法-小案大道理-md/[2021-02-01]人格权侵害禁令首案自由与法治边界在哪里.md|wiki/summaries/summary_20210201_最高人民法院_小案大道理_人格权侵害禁令首案自由与法治边界在哪里.md
NEW|sources/微信公号资料/最高人民法院/最高法-小案大道理-md/[2021-03-07]出手制止男人打女人反被打伤法院为他伸张正义.md|wiki/summaries/summary_20210307_最高人民法院_小案大道理_出手制止男人打女人反被打伤法院为他伸张正义.md
NEW|sources/微信公号资料/最高人民法院/最高法-小案大道理-md/[2021-04-10]人脸识别第一案生物识别信息应当更加谨慎处理和严格保护.md|wiki/summaries/summary_20210410_最高人民法院_小案大道理_人脸识别第一案生物识别信息应当更加谨慎处理和严格保护.md
NEW|sources/微信公号资料/最高人民法院/最高法-小案大道理-md/[2021-12-11]高铁霸座案判央视报道不侵权法律为正当舆论监督撑腰.md|wiki/summaries/summary_20211211_最高人民法院_小案大道理_高铁霸座案判央视报道不侵权法律为正当舆论监督撑腰.md
NEW|sources/微信公号资料/最高人民法院/最高法-小案大道理-md/[2022-02-08]大学生199元拍写真最后花了26万元啥套路.md|wiki/summaries/summary_20220208_最高人民法院_小案大道理_大学生199元拍写真最后花了26万元啥套路.md
NEW|sources/微信公号资料/最高人民法院/最高法-小案大道理-md/[2022-02-12]蓝天救援队遭诽谤协S要价法律撑腰相当给力.md|wiki/summaries/summary_20220212_最高人民法院_小案大道理_蓝天救援队遭诽谤协S要价法律撑腰相当给力.md
NEW|sources/微信公号资料/最高人民法院/最高法-小案大道理-md/[2022-02-15]事关居住权登记办理一起案件激活民法典一项规定.md|wiki/summaries/summary_20220215_最高人民法院_小案大道理_事关居住权登记办理一起案件激活民法典一项规定.md
NEW|sources/微信公号资料/最高人民法院/最高法-小案大道理-md/[2022-02-21]老旧小区加装电梯这个案例说明了啥.md|wiki/summaries/summary_20220221_最高人民法院_小案大道理_老旧小区加装电梯这个案例说明了啥.md
NEW|sources/微信公号资料/最高人民法院/最高法-小案大道理-md/[2022-02-25]外卖小哥究竟有没有单位.md|wiki/summaries/summary_20220225_最高人民法院_小案大道理_外卖小哥究竟有没有单位.md
NEW|sources/微信公号资料/最高人民法院/最高法-小案大道理-md/[2022-03-03]奶奶把老宅拆迁款赠与孙女孙女为何却将奶奶告上法院.md|wiki/summaries/summary_20220303_最高人民法院_小案大道理_奶奶把老宅拆迁款赠与孙女孙女为何却将奶奶告上法院.md
NEW|sources/微信公号资料/最高人民法院/最高法-小案大道理-md/[2022-03-17]未成年人文身危害有多大这个案子告诉你答案.md|wiki/summaries/summary_20220317_最高人民法院_小案大道理_未成年人文身危害有多大这个案子告诉你答案.md
NEW|sources/微信公号资料/最高人民法院/最高法-小案大道理-md/[2022-03-22]隔离期间遭裁员法院这样判了.md|wiki/summaries/summary_20220322_最高人民法院_小案大道理_隔离期间遭裁员法院这样判了.md
NEW|sources/微信公号资料/最高人民法院/最高法-小案大道理-md/[2022-03-25]小区保安送老人就医反惹官司法院保安无责.md|wiki/summaries/summary_20220325_最高人民法院_小案大道理_小区保安送老人就医反惹官司法院保安无责.md
NEW|sources/微信公号资料/最高人民法院/最高法-小案大道理-md/[2022-04-20]外卖小哥与平台合作用工企业存在劳动关系吗.md|wiki/summaries/summary_20220420_最高人民法院_小案大道理_外卖小哥与平台合作用工企业存在劳动关系吗.md
NEW|sources/微信公号资料/最高人民法院/最高法-小案大道理-md/[2022-05-16]自费为小区买儿童滑梯却成了被告法院这么判.md|wiki/summaries/summary_20220516_最高人民法院_小案大道理_自费为小区买儿童滑梯却成了被告法院这么判.md
NEW|sources/微信公号资料/最高人民法院/最高法-小案大道理-md/[2022-06-14]小偷逃跑时溺亡家属索赔158万法院判了.md|wiki/summaries/summary_20220614_最高人民法院_小案大道理_小偷逃跑时溺亡家属索赔158万法院判了.md
NEW|sources/微信公号资料/最高人民法院/最高法-小案大道理-md/[2022-06-18]广告内容侮辱女性被罚数十万法院处罚得当.md|wiki/summaries/summary_20220618_最高人民法院_小案大道理_广告内容侮辱女性被罚数十万法院处罚得当.md
NEW|sources/微信公号资料/最高人民法院/最高法-小案大道理-md/[2022-06-23]细思极恐你的信息可能已被非法爬取.md|wiki/summaries/summary_20220623_最高人民法院_小案大道理_细思极恐你的信息可能已被非法爬取.md
NEW|sources/微信公号资料/最高人民法院/最高法-小案大道理-md/[2022-06-27]相互替考被开除大学生不服处分决定起诉高校法院判了.md|wiki/summaries/summary_20220627_最高人民法院_小案大道理_相互替考被开除大学生不服处分决定起诉高校法院判了.md
NEW|sources/微信公号资料/最高人民法院/最高法-小案大道理-md/[2022-07-05]紧急情况下为村民手术签字成被告村主任要担责吗.md|wiki/summaries/summary_20220705_最高人民法院_小案大道理_紧急情况下为村民手术签字成被告村主任要担责吗.md
NEW|sources/微信公号资料/最高人民法院/最高法-小案大道理-md/[2022-07-13]因个人信息被他人冒用而成侵权被告法院证据充分不用担责.md|wiki/summaries/summary_20220713_最高人民法院_小案大道理_因个人信息被他人冒用而成侵权被告法院证据充分不用担责.md
NEW|sources/微信公号资料/最高人民法院/最高法-小案大道理-md/[2022-07-22]外卖骑手送餐途中发生事故致人损害应由谁担责.md|wiki/summaries/summary_20220722_最高人民法院_小案大道理_外卖骑手送餐途中发生事故致人损害应由谁担责.md
NEW|sources/微信公号资料/最高人民法院/最高法-小案大道理-md/[2022-08-04]电竞酒店还是上网服务营业场所.md|wiki/summaries/summary_20220804_最高人民法院_小案大道理_电竞酒店还是上网服务营业场所.md
NEW|sources/微信公号资料/最高人民法院/最高法-小案大道理-md/[2022-08-10]只是因为那一个乱扔的香蕉皮.md|wiki/summaries/summary_20220810_最高人民法院_小案大道理_只是因为那一个乱扔的香蕉皮.md
NEW|sources/微信公号资料/最高人民法院/最高法-小案大道理-md/[2022-08-19]利用工作之便出卖客户电话号码将会承担什么法律后果.md|wiki/summaries/summary_20220819_最高人民法院_小案大道理_利用工作之便出卖客户电话号码将会承担什么法律后果.md
NEW|sources/微信公号资料/最高人民法院/最高法-小案大道理-md/[2022-08-25]小学生拉扯同学书包致其摔伤责任谁承担.md|wiki/summaries/summary_20220825_最高人民法院_小案大道理_小学生拉扯同学书包致其摔伤责任谁承担.md
NEW|sources/微信公号资料/最高人民法院/最高法-小案大道理-md/[2022-09-05]因限薪令片酬缩水经纪公司要求全额支付报酬会得到支持吗.md|wiki/summaries/summary_20220905_最高人民法院_小案大道理_因限薪令片酬缩水经纪公司要求全额支付报酬会得到支持吗.md
NEW|sources/微信公号资料/最高人民法院/最高法-小案大道理-md/[2022-09-14]摸金校尉铤而走险法院判了.md|wiki/summaries/summary_20220914_最高人民法院_小案大道理_摸金校尉铤而走险法院判了.md
NEW|sources/微信公号资料/最高人民法院/最高法-小案大道理-md/[2022-09-20]胜诉的隐私权案件如何执行.md|wiki/summaries/summary_20220920_最高人民法院_小案大道理_胜诉的隐私权案件如何执行.md
NEW|sources/微信公号资料/最高人民法院/最高法-小案大道理-md/[2022-09-28]低头玩手机行李箱脱手冲下自动扶梯.md|wiki/summaries/summary_20220928_最高人民法院_小案大道理_低头玩手机行李箱脱手冲下自动扶梯.md
NEW|sources/微信公号资料/最高人民法院/最高法-小案大道理-md/[2022-10-04]儿子拒绝赡养母亲将百万房产赠与扶养人是否有效.md|wiki/summaries/summary_20221004_最高人民法院_小案大道理_儿子拒绝赡养母亲将百万房产赠与扶养人是否有效.md
NEW|sources/微信公号资料/最高人民法院/最高法-小案大道理-md/[2022-10-13]邻居弹琴长期噪音扰民申请诉前禁止令会得到法院支持吗.md|wiki/summaries/summary_20221013_最高人民法院_小案大道理_邻居弹琴长期噪音扰民申请诉前禁止令会得到法院支持吗.md
NEW|sources/微信公号资料/最高人民法院/最高法-小案大道理-md/[2022-11-01]国家在我困难的时侯帮过我这笔救助金要还回去给更有需要的人.md|wiki/summaries/summary_20221101_最高人民法院_小案大道理_国家在我困难的时侯帮过我这笔救助金要还回去给更有需要的人.md
NEW|sources/微信公号资料/最高人民法院/最高法-小案大道理-md/[2022-11-11]50万元货物仅保价2千元货物损毁怎么赔.md|wiki/summaries/summary_20221111_最高人民法院_小案大道理_50万元货物仅保价2千元货物损毁怎么赔.md
NEW|sources/微信公号资料/最高人民法院/最高法-小案大道理-md/[2022-11-30]楼下酸菜鱼馆油烟味重影响到楼上住户怎么办.md|wiki/summaries/summary_20221130_最高人民法院_小案大道理_楼下酸菜鱼馆油烟味重影响到楼上住户怎么办.md
NEW|sources/微信公号资料/最高人民法院/最高法-小案大道理-md/[2023-02-01]落款经手人想规避工资结算责任这个如意算盘会得逞吗.md|wiki/summaries/summary_20230201_最高人民法院_小案大道理_落款经手人想规避工资结算责任这个如意算盘会得逞吗.md
NEW|sources/微信公号资料/最高人民法院/最高法-小案大道理-md/[2023-02-22]老人乘坐网约车猝死谁担责.md|wiki/summaries/summary_20230222_最高人民法院_小案大道理_老人乘坐网约车猝死谁担责.md
NEW|sources/微信公号资料/最高人民法院/最高法-小案大道理-md/[2023-02-25]老人跳广场舞猝死组织者被索赔60万元法院判了.md|wiki/summaries/summary_20230225_最高人民法院_小案大道理_老人跳广场舞猝死组织者被索赔60万元法院判了.md
NEW|sources/微信公号资料/最高人民法院/最高法-小案大道理-md/[2023-03-01]父亲病重请假未获批员工脱岗照顾算旷工吗.md|wiki/summaries/summary_20230301_最高人民法院_小案大道理_父亲病重请假未获批员工脱岗照顾算旷工吗.md
NEW|sources/微信公号资料/最高人民法院/最高法-小案大道理-md/[2023-03-14]广告牌灯光太亮影响我的生活能否诉请拆除.md|wiki/summaries/summary_20230314_最高人民法院_小案大道理_广告牌灯光太亮影响我的生活能否诉请拆除.md
NEW|sources/微信公号资料/最高人民法院/最高法-小案大道理-md/[2023-03-15]商家因差评擅自公布消费者个人信息法院构成侵权.md|wiki/summaries/summary_20230315_最高人民法院_小案大道理_商家因差评擅自公布消费者个人信息法院构成侵权.md
NEW|sources/微信公号资料/最高人民法院/最高法-小案大道理-md/[2023-04-03]人被炒了年终奖也没了.md|wiki/summaries/summary_20230403_最高人民法院_小案大道理_人被炒了年终奖也没了.md
NEW|sources/微信公号资料/最高人民法院/最高法-小案大道理-md/[2023-04-07]能冻不能动.md|wiki/summaries/summary_20230407_最高人民法院_小案大道理_能冻不能动.md
NEW|sources/微信公号资料/最高人民法院/最高法-小案大道理-md/[2023-04-11]代练平台游戏通关这个案件中的法律与道德边界.md|wiki/summaries/summary_20230411_最高人民法院_小案大道理_代练平台游戏通关这个案件中的法律与道德边界.md
NEW|sources/微信公号资料/最高人民法院/最高法-小案大道理-md/[2023-05-15]73岁卖菜老人因交通事故受伤能主张误工费吗.md|wiki/summaries/summary_20230515_最高人民法院_小案大道理_73岁卖菜老人因交通事故受伤能主张误工费吗.md
NEW|sources/微信公号资料/最高人民法院/最高法-小案大道理-md/[2023-06-02]女员工产假后被调岗降薪法院会怎么判.md|wiki/summaries/summary_20230602_最高人民法院_小案大道理_女员工产假后被调岗降薪法院会怎么判.md
NEW|sources/微信公号资料/最高人民法院/最高法-小案大道理-md/[2023-06-07]因小三阳被公司取消录用法院判了.md|wiki/summaries/summary_20230607_最高人民法院_小案大道理_因小三阳被公司取消录用法院判了.md
NEW|sources/微信公号资料/最高人民法院/最高法-小案大道理-md/[2023-06-25]高考成绩陆续出炉高校真有计划内预留名额.md|wiki/summaries/summary_20230625_最高人民法院_小案大道理_高考成绩陆续出炉高校真有计划内预留名额.md
NEW|sources/微信公号资料/最高人民法院/最高法-小案大道理-md/[2023-07-03]共享电动车未配备安全头盔出了事故谁担责.md|wiki/summaries/summary_20230703_最高人民法院_小案大道理_共享电动车未配备安全头盔出了事故谁担责.md
NEW|sources/微信公号资料/最高人民法院/最高法-小案大道理-md/[2023-07-17]密室逃脱意外受伤谁来担责.md|wiki/summaries/summary_20230717_最高人民法院_小案大道理_密室逃脱意外受伤谁来担责.md
NEW|sources/微信公号资料/最高人民法院/最高法-小案大道理-md/[2023-09-15]AI换脸侵害肖像权了吗.md|wiki/summaries/summary_20230915_最高人民法院_小案大道理_AI换脸侵害肖像权了吗.md
NEW|sources/微信公号资料/最高人民法院/最高法-小案大道理-md/[2023-10-24]这种行为违法判赔300万.md|wiki/summaries/summary_20231024_最高人民法院_小案大道理_这种行为违法判赔300万.md
NEW|sources/微信公号资料/最高人民法院/最高法-小案大道理-md/[2023-11-06]恶作剧致同学受伤谁担责.md|wiki/summaries/summary_20231106_最高人民法院_小案大道理_恶作剧致同学受伤谁担责.md
NEW|sources/微信公号资料/最高人民法院/最高法-小案大道理-md/[2023-11-14]孤寡老人去世后遗产谁来管理.md|wiki/summaries/summary_20231114_最高人民法院_小案大道理_孤寡老人去世后遗产谁来管理.md
NEW|sources/微信公号资料/最高人民法院/最高法-小案大道理-md/[2023-12-06]余额低于100不能提现合理规定还是霸王条款.md|wiki/summaries/summary_20231206_最高人民法院_小案大道理_余额低于100不能提现合理规定还是霸王条款.md
NEW|sources/微信公号资料/最高人民法院/最高法-小案大道理-md/[2024-01-17]女员工孕期因出勤不满8小时被辞退是否违法.md|wiki/summaries/summary_20240117_最高人民法院_小案大道理_女员工孕期因出勤不满8小时被辞退是否违法.md
NEW|sources/微信公号资料/最高人民法院/最高法-小案大道理-md/[2024-01-27]侵权玉米新品种判赔300万元.md|wiki/summaries/summary_20240127_最高人民法院_小案大道理_侵权玉米新品种判赔300万元.md
NEW|sources/微信公号资料/最高人民法院/最高法-小案大道理-md/[2024-02-06]微信红包和微信转账哪个要还.md|wiki/summaries/summary_20240206_最高人民法院_小案大道理_微信红包和微信转账哪个要还.md
NEW|sources/微信公号资料/最高人民法院/最高法-小案大道理-md/[2024-02-22]儿童玩电动游艺车伤了人谁担责.md|wiki/summaries/summary_20240222_最高人民法院_小案大道理_儿童玩电动游艺车伤了人谁担责.md
NEW|sources/微信公号资料/最高人民法院/最高法-小案大道理-md/[2024-04-02]偷录他人微信聊天记录形成的证据法院会采纳吗.md|wiki/summaries/summary_20240402_最高人民法院_小案大道理_偷录他人微信聊天记录形成的证据法院会采纳吗.md
NEW|sources/微信公号资料/最高人民法院/最高法-小案大道理-md/[2024-04-10]入职要求孕检合法吗法院这样判了.md|wiki/summaries/summary_20240410_最高人民法院_小案大道理_入职要求孕检合法吗法院这样判了.md
NEW|sources/微信公号资料/最高人民法院/最高法-小案大道理-md/[2024-04-26]朋友圈吐槽拒绝周末加班被开除法院判了.md|wiki/summaries/summary_20240426_最高人民法院_小案大道理_朋友圈吐槽拒绝周末加班被开除法院判了.md
NEW|sources/微信公号资料/最高人民法院/最高法-小案大道理-md/[2024-05-10]年终奖连续发了五年说不给就不给法院这样判了.md|wiki/summaries/summary_20240510_最高人民法院_小案大道理_年终奖连续发了五年说不给就不给法院这样判了.md
NEW|sources/微信公号资料/最高人民法院/最高法-小案大道理-md/[2024-05-15]擅将厨房改卫生间法院判决违规装修应当复原.md|wiki/summaries/summary_20240515_最高人民法院_小案大道理_擅将厨房改卫生间法院判决违规装修应当复原.md
NEW|sources/微信公号资料/最高人民法院/最高法-小案大道理-md/[2024-05-18]恋爱时520当天送的首饰算彩礼吗.md|wiki/summaries/summary_20240518_最高人民法院_小案大道理_恋爱时520当天送的首饰算彩礼吗.md
NEW|sources/微信公号资料/最高人民法院/最高法-小案大道理-md/[2024-06-05]在何处受伤何处就应赔偿法院判了.md|wiki/summaries/summary_20240605_最高人民法院_小案大道理_在何处受伤何处就应赔偿法院判了.md
NEW|sources/微信公号资料/最高人民法院/最高法-小案大道理-md/[2024-06-14]骚扰女同事被开除向公司索赔法院这样判.md|wiki/summaries/summary_20240614_最高人民法院_小案大道理_骚扰女同事被开除向公司索赔法院这样判.md
NEW|sources/微信公号资料/最高人民法院/最高法-小案大道理-md/[2024-06-22]学生在校磕断牙学校要担责吗.md|wiki/summaries/summary_20240622_最高人民法院_小案大道理_学生在校磕断牙学校要担责吗.md
NEW|sources/微信公号资料/最高人民法院/最高法-小案大道理-md/[2024-07-02]拍黄瓜的厨师跳槽被索赔10万法院判了.md|wiki/summaries/summary_20240702_最高人民法院_小案大道理_拍黄瓜的厨师跳槽被索赔10万法院判了.md
NEW|sources/微信公号资料/最高人民法院/最高法-小案大道理-md/[2024-07-05]护照有效期不满6个月无法出游能否要求旅行社退还团费.md|wiki/summaries/summary_20240705_最高人民法院_小案大道理_护照有效期不满6个月无法出游能否要求旅行社退还团费.md
NEW|sources/微信公号资料/最高人民法院/最高法-小案大道理-md/[2024-07-20]花钱能买大学入学指标一男子因诈骗罪获刑.md|wiki/summaries/summary_20240720_最高人民法院_小案大道理_花钱能买大学入学指标一男子因诈骗罪获刑.md
NEW|sources/微信公号资料/最高人民法院/最高法-小案大道理-md/[2024-08-02]传播未成年人黄谣信息法院判决平台担责.md|wiki/summaries/summary_20240802_最高人民法院_小案大道理_传播未成年人黄谣信息法院判决平台担责.md
NEW|sources/微信公号资料/最高人民法院/最高法-小案大道理-md/[2024-08-07]AI生成声音也会侵权这个案子判了.md|wiki/summaries/summary_20240807_最高人民法院_小案大道理_AI生成声音也会侵权这个案子判了.md
NEW|sources/微信公号资料/最高人民法院/最高法-小案大道理-md/[2024-08-15]6岁儿童将手伸进商场鼓风机受伤谁担责.md|wiki/summaries/summary_20240815_最高人民法院_小案大道理_6岁儿童将手伸进商场鼓风机受伤谁担责.md
NEW|sources/微信公号资料/最高人民法院/最高法-小案大道理-md/[2024-08-23]买卖微信账号来钱快当心涉刑.md|wiki/summaries/summary_20240823_最高人民法院_小案大道理_买卖微信账号来钱快当心涉刑.md
NEW|sources/微信公号资料/最高人民法院/最高法-小案大道理-md/[2024-09-07]警示牌旁孩子擅自游泳溺亡谁应承担责任.md|wiki/summaries/summary_20240907_最高人民法院_小案大道理_警示牌旁孩子擅自游泳溺亡谁应承担责任.md
NEW|sources/微信公号资料/最高人民法院/最高法-小案大道理-md/[2024-09-08]行人闯红灯致他人被轧身亡法院判了.md|wiki/summaries/summary_20240908_最高人民法院_小案大道理_行人闯红灯致他人被轧身亡法院判了.md
NEW|sources/微信公号资料/最高人民法院/最高法-小案大道理-md/[2024-10-16]网红博主和运营公司闹掰了短视频账号归谁.md|wiki/summaries/summary_20241016_最高人民法院_小案大道理_网红博主和运营公司闹掰了短视频账号归谁.md
NEW|sources/微信公号资料/最高人民法院/最高法-小案大道理-md/[2024-11-01]根据未成年人意愿要求变更抚养关系一定会得到支持吗.md|wiki/summaries/summary_20241101_最高人民法院_小案大道理_根据未成年人意愿要求变更抚养关系一定会得到支持吗.md
NEW|sources/微信公号资料/最高人民法院/最高法-小案大道理-md/[2024-11-08]仅退款不退货这种羊毛薅不得.md|wiki/summaries/summary_20241108_最高人民法院_小案大道理_仅退款不退货这种羊毛薅不得.md
NEW|sources/微信公号资料/最高人民法院/最高法-小案大道理-md/[2024-11-20]首起虚拟主播中之人违约纠纷案法院判了.md|wiki/summaries/summary_20241120_最高人民法院_小案大道理_首起虚拟主播中之人违约纠纷案法院判了.md
NEW|sources/微信公号资料/最高人民法院/最高法-小案大道理-md/[2024-12-10]未签劳动合同外卖员送餐时摔伤谁赔偿.md|wiki/summaries/summary_20241210_最高人民法院_小案大道理_未签劳动合同外卖员送餐时摔伤谁赔偿.md
NEW|sources/微信公号资料/最高人民法院/最高法-小案大道理-md/[2024-12-18]演唱会买到柱子票法院构成瑕疵履行退款.md|wiki/summaries/summary_20241218_最高人民法院_小案大道理_演唱会买到柱子票法院构成瑕疵履行退款.md
NEW|sources/微信公号资料/最高人民法院/最高法-小案大道理-md/[2024-12-25]早退1分钟被开除法院判了.md|wiki/summaries/summary_20241225_最高人民法院_小案大道理_早退1分钟被开除法院判了.md
NEW|sources/微信公号资料/最高人民法院/最高法-小案大道理-md/[2025-01-11]水果店因虚假宣传被罚5万元法院小过重罚不准予强制执行.md|wiki/summaries/summary_20250111_最高人民法院_小案大道理_水果店因虚假宣传被罚5万元法院小过重罚不准予强制执行.md
NEW|sources/微信公号资料/最高人民法院/最高法-小案大道理-md/[2025-02-07]偷偷搬运微短剧法院判了.md|wiki/summaries/summary_20250207_最高人民法院_小案大道理_偷偷搬运微短剧法院判了.md
NEW|sources/微信公号资料/最高人民法院/最高法-小案大道理-md/[2025-03-17]妻子被撞丈夫拦车致肇事逃逸者受伤法院免责.md|wiki/summaries/summary_20250317_最高人民法院_小案大道理_妻子被撞丈夫拦车致肇事逃逸者受伤法院免责.md
NEW|sources/微信公号资料/最高人民法院/最高法-小案大道理-md/[2025-03-21]出游订到幽灵房我的损失谁负责.md|wiki/summaries/summary_20250321_最高人民法院_小案大道理_出游订到幽灵房我的损失谁负责.md
NEW|sources/微信公号资料/最高人民法院/最高法-小案大道理-md/[2025-04-12]未经公司审批的加班不给加班费法院判了.md|wiki/summaries/summary_20250412_最高人民法院_小案大道理_未经公司审批的加班不给加班费法院判了.md
NEW|sources/微信公号资料/最高人民法院/最高法-小案大道理-md/[2025-04-16]明示危险慎入免责一起意外伤人事件背后的法律责任划分.md|wiki/summaries/summary_20250416_最高人民法院_小案大道理_明示危险慎入免责一起意外伤人事件背后的法律责任划分.md
NEW|sources/微信公号资料/最高人民法院/最高法-小案大道理-md/[2025-04-22]是守护自家的电子眼还是侵犯隐私的第三只眼.md|wiki/summaries/summary_20250422_最高人民法院_小案大道理_是守护自家的电子眼还是侵犯隐私的第三只眼.md
NEW|sources/微信公号资料/最高人民法院/最高法-小案大道理-md/[2025-04-29]热播剧被切条传播是否构成侵权.md|wiki/summaries/summary_20250429_最高人民法院_小案大道理_热播剧被切条传播是否构成侵权.md
NEW|sources/微信公号资料/最高人民法院/最高法-小案大道理-md/[2025-05-09]员工申诉反被开除法院公司对员工正当申诉具有容忍义务.md|wiki/summaries/summary_20250509_最高人民法院_小案大道理_员工申诉反被开除法院公司对员工正当申诉具有容忍义务.md
NEW|sources/微信公号资料/最高人民法院/最高法-小案大道理-md/[2025-05-16]泡病假却跨省看演唱会被公司辞退法院判了.md|wiki/summaries/summary_20250516_最高人民法院_小案大道理_泡病假却跨省看演唱会被公司辞退法院判了.md
NEW|sources/微信公号资料/最高人民法院/最高法-小案大道理-md/[2025-05-23]为了给偶像应援14岁少年疯狂消费万元.md|wiki/summaries/summary_20250523_最高人民法院_小案大道理_为了给偶像应援14岁少年疯狂消费万元.md
NEW|sources/微信公号资料/最高人民法院/最高法-小案大道理-md/[2025-06-04]APP偷偷自动续费消费者要求平台退还法院会支持吗.md|wiki/summaries/summary_20250604_最高人民法院_小案大道理_APP偷偷自动续费消费者要求平台退还法院会支持吗.md
NEW|sources/微信公号资料/最高人民法院/最高法-小案大道理-md/[2025-06-12]试驾时摸了把方向盘车子居然就动起来了.md|wiki/summaries/summary_20250612_最高人民法院_小案大道理_试驾时摸了把方向盘车子居然就动起来了.md
NEW|sources/微信公号资料/最高人民法院/最高法-小案大道理-md/[2025-06-19]数字藏品平台突然跑路充值的钱还能拿回来吗.md|wiki/summaries/summary_20250619_最高人民法院_小案大道理_数字藏品平台突然跑路充值的钱还能拿回来吗.md
NEW|sources/微信公号资料/最高人民法院/最高法-小案大道理-md/[2025-06-27]网购九万多手镯退货遭拒法院判了.md|wiki/summaries/summary_20250627_最高人民法院_小案大道理_网购九万多手镯退货遭拒法院判了.md
NEW|sources/微信公号资料/最高人民法院/最高法-小案大道理-md/[2025-07-04]虚构免单销售活动法院判决退一赔三.md|wiki/summaries/summary_20250704_最高人民法院_小案大道理_虚构免单销售活动法院判决退一赔三.md
NEW|sources/微信公号资料/最高人民法院/最高法-小案大道理-md/[2025-07-16]婚礼现场大屏惊现不雅图片谁为事故买单.md|wiki/summaries/summary_20250716_最高人民法院_小案大道理_婚礼现场大屏惊现不雅图片谁为事故买单.md
NEW|sources/微信公号资料/最高人民法院/最高法-小案大道理-md/[2025-07-21]工作超8小时闭眼3分钟被开除法院判了.md|wiki/summaries/summary_20250721_最高人民法院_小案大道理_工作超8小时闭眼3分钟被开除法院判了.md
NEW|sources/微信公号资料/最高人民法院/最高法-小案大道理-md/[2025-08-04]500万买次顶层变顶层中介公司该负责吗.md|wiki/summaries/summary_20250804_最高人民法院_小案大道理_500万买次顶层变顶层中介公司该负责吗.md
NEW|sources/微信公号资料/最高人民法院/最高法-小案大道理-md/[2025-09-19]珍藏多年生肖茅台鉴定为假法院判了.md|wiki/summaries/summary_20250919_最高人民法院_小案大道理_珍藏多年生肖茅台鉴定为假法院判了.md
NEW|sources/微信公号资料/最高人民法院/最高法-小案大道理-md/[2025-11-20]员工拒绝强派双岗被辞退法院判了.md|wiki/summaries/summary_20251120_最高人民法院_小案大道理_员工拒绝强派双岗被辞退法院判了.md
NEW|sources/微信公号资料/最高人民法院/最高法-小案大道理-md/[2025-12-07]老人去世子女放弃继承谁担任遗产管理人合适.md|wiki/summaries/summary_20251207_最高人民法院_小案大道理_老人去世子女放弃继承谁担任遗产管理人合适.md
NEW|sources/微信公号资料/最高人民法院/最高法-小案大道理-md/[2025-12-12]家装维修遭天价勒索法院判了.md|wiki/summaries/summary_20251212_最高人民法院_小案大道理_家装维修遭天价勒索法院判了.md
NEW|sources/微信公号资料/最高人民法院/最高法-法答网精选答问-md/01法答网精选答问第一批.md|wiki/summaries/summary_unknown_最高人民法院_法答网精选答问_01法答网精选答问第一批.md
NEW|sources/微信公号资料/最高人民法院/最高法-法答网精选答问-md/02法答网精选答问第二批.md|wiki/summaries/summary_unknown_最高人民法院_法答网精选答问_02法答网精选答问第二批.md
NEW|sources/微信公号资料/最高人民法院/最高法-法答网精选答问-md/03法答网精选答问第三批.md|wiki/summaries/summary_unknown_最高人民法院_法答网精选答问_03法答网精选答问第三批.md
NEW|sources/微信公号资料/最高人民法院/最高法-法答网精选答问-md/04法答网精选答问第四批.md|wiki/summaries/summary_unknown_最高人民法院_法答网精选答问_04法答网精选答问第四批.md
NEW|sources/微信公号资料/最高人民法院/最高法-法答网精选答问-md/05法答网精选答问第五批.md|wiki/summaries/summary_unknown_最高人民法院_法答网精选答问_05法答网精选答问第五批.md
NEW|sources/微信公号资料/最高人民法院/最高法-法答网精选答问-md/06法答网精选答问第六批.md|wiki/summaries/summary_unknown_最高人民法院_法答网精选答问_06法答网精选答问第六批.md
NEW|sources/微信公号资料/最高人民法院/最高法-法答网精选答问-md/07法答网精选答问第七批.md|wiki/summaries/summary_unknown_最高人民法院_法答网精选答问_07法答网精选答问第七批.md
NEW|sources/微信公号资料/最高人民法院/最高法-法答网精选答问-md/08法答网精选答问第八批.md|wiki/summaries/summary_unknown_最高人民法院_法答网精选答问_08法答网精选答问第八批.md
NEW|sources/微信公号资料/最高人民法院/最高法-法答网精选答问-md/09法答网精选答问第九批.md|wiki/summaries/summary_unknown_最高人民法院_法答网精选答问_09法答网精选答问第九批.md
NEW|sources/微信公号资料/最高人民法院/最高法-法答网精选答问-md/10法答网精选答问第十批.md|wiki/summaries/summary_unknown_最高人民法院_法答网精选答问_10法答网精选答问第十批.md
NEW|sources/微信公号资料/最高人民法院/最高法-法答网精选答问-md/11法答网精选答问第十一批.md|wiki/summaries/summary_unknown_最高人民法院_法答网精选答问_11法答网精选答问第十一批.md
NEW|sources/微信公号资料/最高人民法院/最高法-法答网精选答问-md/12法答网精选答问第十二批组织领导传销活动罪专题.md|wiki/summaries/summary_unknown_最高人民法院_法答网精选答问_12法答网精选答问第十二批组织领导传销活动罪专题.md
NEW|sources/微信公号资料/最高人民法院/最高法-法答网精选答问-md/13法答网精选答问第十三批行政诉讼专题.md|wiki/summaries/summary_unknown_最高人民法院_法答网精选答问_13法答网精选答问第十三批行政诉讼专题.md
NEW|sources/微信公号资料/最高人民法院/最高法-法答网精选答问-md/14法答网精选答问第十四批仲裁司法审查专题.md|wiki/summaries/summary_unknown_最高人民法院_法答网精选答问_14法答网精选答问第十四批仲裁司法审查专题.md
NEW|sources/微信公号资料/最高人民法院/最高法-法答网精选答问-md/15法答网精选答问第十五批立案受理专题.md|wiki/summaries/summary_unknown_最高人民法院_法答网精选答问_15法答网精选答问第十五批立案受理专题.md
NEW|sources/微信公号资料/最高人民法院/最高法-法答网精选答问-md/16法答网精选答问第十六批国家赔偿及司法救助专题.md|wiki/summaries/summary_unknown_最高人民法院_法答网精选答问_16法答网精选答问第十六批国家赔偿及司法救助专题.md
NEW|sources/微信公号资料/最高人民法院/最高法-法答网精选答问-md/17法答网精选答问第十七批民法典合同编通则专题.md|wiki/summaries/summary_unknown_最高人民法院_法答网精选答问_17法答网精选答问第十七批民法典合同编通则专题.md
NEW|sources/微信公号资料/最高人民法院/最高法-法答网精选答问-md/18法答网精选答问第十八批工伤保险待遇专题.md|wiki/summaries/summary_unknown_最高人民法院_法答网精选答问_18法答网精选答问第十八批工伤保险待遇专题.md
NEW|sources/微信公号资料/最高人民法院/最高法-法答网精选答问-md/19法答网精选答问第十九批人格权专题.md|wiki/summaries/summary_unknown_最高人民法院_法答网精选答问_19法答网精选答问第十九批人格权专题.md
NEW|sources/微信公号资料/最高人民法院/最高法-法答网精选答问-md/20法答网精选答问第二十批诉讼时效专题.md|wiki/summaries/summary_unknown_最高人民法院_法答网精选答问_20法答网精选答问第二十批诉讼时效专题.md
NEW|sources/微信公号资料/最高人民法院/最高法-法答网精选答问-md/21法答网精选答问第二十一批人民陪审专题.md|wiki/summaries/summary_unknown_最高人民法院_法答网精选答问_21法答网精选答问第二十一批人民陪审专题.md
NEW|sources/微信公号资料/最高人民法院/最高法-法答网精选答问-md/22法答网精选答问第二十二批.md|wiki/summaries/summary_unknown_最高人民法院_法答网精选答问_22法答网精选答问第二十二批.md
NEW|sources/微信公号资料/最高人民法院/最高法-法答网精选答问-md/23法答网精选答问第二十三批婚姻家庭专题.md|wiki/summaries/summary_unknown_最高人民法院_法答网精选答问_23法答网精选答问第二十三批婚姻家庭专题.md
NEW|sources/微信公号资料/最高人民法院/最高法-法答网精选答问-md/24法答网精选答问第二十四批串通投标罪专题.md|wiki/summaries/summary_unknown_最高人民法院_法答网精选答问_24法答网精选答问第二十四批串通投标罪专题.md
NEW|sources/微信公号资料/最高人民法院/最高法-法答网精选答问-md/25法答网精选答问第二十五批引渡案件审查专题.md|wiki/summaries/summary_unknown_最高人民法院_法答网精选答问_25法答网精选答问第二十五批引渡案件审查专题.md
NEW|sources/微信公号资料/最高人民法院/最高法-法答网精选答问-md/26法答网精选答问第二十六批民营企业保护专题.md|wiki/summaries/summary_unknown_最高人民法院_法答网精选答问_26法答网精选答问第二十六批民营企业保护专题.md
NEW|sources/微信公号资料/最高人民法院/最高法-法答网精选答问-md/27法答网精选答问第二十七批未成年人司法保护专题.md|wiki/summaries/summary_unknown_最高人民法院_法答网精选答问_27法答网精选答问第二十七批未成年人司法保护专题.md
NEW|sources/微信公号资料/最高人民法院/最高法-法答网精选答问-md/28法答网精选答问第二十八批食品药品惩罚性赔偿专题.md|wiki/summaries/summary_unknown_最高人民法院_法答网精选答问_28法答网精选答问第二十八批食品药品惩罚性赔偿专题.md
NEW|sources/微信公号资料/最高人民法院/最高法-法答网精选答问-md/29法答网精选答问第二十九批保障规范律师诉讼行为专题.md|wiki/summaries/summary_unknown_最高人民法院_法答网精选答问_29法答网精选答问第二十九批保障规范律师诉讼行为专题.md
NEW|sources/微信公号资料/最高人民法院/最高法-法答网精选答问-md/30法答网精选答问第三十批反垄断专题.md|wiki/summaries/summary_unknown_最高人民法院_法答网精选答问_30法答网精选答问第三十批反垄断专题.md
NEW|sources/微信公号资料/最高人民法院/最高法-法答网精选答问-md/31法答网精选答问第三十一批植物新品种专题.md|wiki/summaries/summary_unknown_最高人民法院_法答网精选答问_31法答网精选答问第三十一批植物新品种专题.md
NEW|sources/微信公号资料/最高人民法院/最高法-法答网精选答问-md/32法答网精选答问第三十二批环境资源专题.md|wiki/summaries/summary_unknown_最高人民法院_法答网精选答问_32法答网精选答问第三十二批环境资源专题.md
NEW|sources/微信公号资料/最高人民法院/最高法-法答网精选答问-md/33法答网精选答问第三十三批知识产权司法保护专题.md|wiki/summaries/summary_unknown_最高人民法院_法答网精选答问_33法答网精选答问第三十三批知识产权司法保护专题.md
NEW|sources/微信公号资料/最高人民法院/最高法-法答网精选答问-md/34法答网精选答问第三十四批仲裁司法审查专题第二批.md|wiki/summaries/summary_unknown_最高人民法院_法答网精选答问_34法答网精选答问第三十四批仲裁司法审查专题第二批.md
NEW|sources/微信公号资料/最高人民法院/最高法-法答网精选答问-md/35法答网精选答问第三十五批商事审判专题.md|wiki/summaries/summary_unknown_最高人民法院_法答网精选答问_35法答网精选答问第三十五批商事审判专题.md
NEW|sources/微信公号资料/最高人民法院/最高法-法答网精选答问-md/36法答网精选答问第三十六批国家赔偿专题.md|wiki/summaries/summary_unknown_最高人民法院_法答网精选答问_36法答网精选答问第三十六批国家赔偿专题.md
NEW|sources/微信公号资料/最高人民法院/最高法-法答网精选答问-md/37法答网精选答问第三十七批执行工作专题.md|wiki/summaries/summary_unknown_最高人民法院_法答网精选答问_37法答网精选答问第三十七批执行工作专题.md
